{"type": "FeatureCollection", "source": "https://raw.githubusercontent.com/nvkelso/natural-earth-vector/master/geojson/ne_10m_admin_0_countries.geojson", "license": "Public domain; https://www.naturalearthdata.com/about/terms-of-use/", "warning": "Contemporary generalized borders, not historical political boundaries. Original vertices preserved.", "features": [{"type": "Feature", "properties": {"featurecla": "Admin-0 country", "scalerank": 0, "LABELRANK": 2, "SOVEREIGNT": "Argentina", "SOV_A3": "ARG", "ADM0_DIF": 0, "LEVEL": 2, "TYPE": "Sovereign country", "TLC": "1", "ADMIN": "Argentina", "ADM0_A3": "ARG", "GEOU_DIF": 0, "GEOUNIT": "Argentina", "GU_A3": "ARG", "SU_DIF": 0, "SUBUNIT": "Argentina", "SU_A3": "ARG", "BRK_DIFF": 0, "NAME": "Argentina", "NAME_LONG": "Argentina", "BRK_A3": "ARG", "BRK_NAME": "Argentina", "BRK_GROUP": null, "ABBREV": "Arg.", "POSTAL": "AR", "FORMAL_EN": "Argentine Republic", "FORMAL_FR": null, "NAME_CIAWF": "Argentina", "NOTE_ADM0": null, "NOTE_BRK": null, "NAME_SORT": "Argentina", "NAME_ALT": null, "MAPCOLOR7": 3, "MAPCOLOR8": 1, "MAPCOLOR9": 3, "MAPCOLOR13": 13, "POP_EST": 44938712, "POP_RANK": 15, "POP_YEAR": 2019, "GDP_MD": 445445, "GDP_YEAR": 2019, "ECONOMY": "5. Emerging region: G20", "INCOME_GRP": "3. Upper middle income", "FIPS_10": "AR", "ISO_A2": "AR", "ISO_A2_EH": "AR", "ISO_A3": "ARG", "ISO_A3_EH": "ARG", "ISO_N3": "032", "ISO_N3_EH": "032", "UN_A3": "032", "WB_A2": "AR", "WB_A3": "ARG", "WOE_ID": 23424747, "WOE_ID_EH": 23424747, "WOE_NOTE": "Exact WOE match as country", "ADM0_ISO": "ARG", "ADM0_DIFF": null, "ADM0_TLC": "ARG", "ADM0_A3_US": "ARG", "ADM0_A3_FR": "ARG", "ADM0_A3_RU": "ARG", "ADM0_A3_ES": "ARG", "ADM0_A3_CN": "ARG", "ADM0_A3_TW": "ARG", "ADM0_A3_IN": "ARG", "ADM0_A3_NP": "ARG", "ADM0_A3_PK": "ARG", "ADM0_A3_DE": "ARG", "ADM0_A3_GB": "ARG", "ADM0_A3_BR": "ARG", "ADM0_A3_IL": "ARG", "ADM0_A3_PS": "ARG", "ADM0_A3_SA": "ARG", "ADM0_A3_EG": "ARG", "ADM0_A3_MA": "ARG", "ADM0_A3_PT": "ARG", "ADM0_A3_AR": "ARG", "ADM0_A3_JP": "ARG", "ADM0_A3_KO": "ARG", "ADM0_A3_VN": "ARG", "ADM0_A3_TR": "ARG", "ADM0_A3_ID": "ARG", "ADM0_A3_PL": "ARG", "ADM0_A3_GR": "ARG", "ADM0_A3_IT": "ARG", "ADM0_A3_NL": "ARG", "ADM0_A3_SE": "ARG", "ADM0_A3_BD": "ARG", "ADM0_A3_UA": "ARG", "ADM0_A3_UN": -99, "ADM0_A3_WB": -99, "CONTINENT": "South America", "REGION_UN": "Americas", "SUBREGION": "South America", "REGION_WB": "Latin America & Caribbean", "NAME_LEN": 9, "LONG_LEN": 9, "ABBREV_LEN": 4, "TINY": -99, "HOMEPART": 1, "MIN_ZOOM": 0, "MIN_LABEL": 2, "MAX_LABEL": 7, "LABEL_X": -64.173331, "LABEL_Y": -33.501159, "NE_ID": 1159320331, "WIKIDATAID": "Q414", "NAME_AR": "الأرجنتين", "NAME_BN": "আর্জেন্টিনা", "NAME_DE": "Argentinien", "NAME_EN": "Argentina", "NAME_ES": "Argentina", "NAME_FA": "آرژانتین", "NAME_FR": "Argentine", "NAME_EL": "Αργεντινή", "NAME_HE": "ארגנטינה", "NAME_HI": "अर्जेण्टीना", "NAME_HU": "Argentína", "NAME_ID": "Argentina", "NAME_IT": "Argentina", "NAME_JA": "アルゼンチン", "NAME_KO": "아르헨티나", "NAME_NL": "Argentinië", "NAME_PL": "Argentyna", "NAME_PT": "Argentina", "NAME_RU": "Аргентина", "NAME_SV": "Argentina", "NAME_TR": "Arjantin", "NAME_UK": "Аргентина", "NAME_UR": "ارجنٹائن", "NAME_VI": "Argentina", "NAME_ZH": "阿根廷", "NAME_ZHT": "阿根廷", "FCLASS_ISO": "Admin-0 country", "TLC_DIFF": null, "FCLASS_TLC": "Admin-0 country", "FCLASS_US": null, "FCLASS_FR": null, "FCLASS_RU": null, "FCLASS_ES": null, "FCLASS_CN": null, "FCLASS_TW": null, "FCLASS_IN": null, "FCLASS_NP": null, "FCLASS_PK": null, "FCLASS_DE": null, "FCLASS_GB": null, "FCLASS_BR": null, "FCLASS_IL": null, "FCLASS_PS": null, "FCLASS_SA": null, "FCLASS_EG": null, "FCLASS_MA": null, "FCLASS_PT": null, "FCLASS_AR": null, "FCLASS_JP": null, "FCLASS_KO": null, "FCLASS_VN": null, "FCLASS_TR": null, "FCLASS_ID": null, "FCLASS_PL": null, "FCLASS_GR": null, "FCLASS_IT": null, "FCLASS_NL": null, "FCLASS_SE": null, "FCLASS_BD": null, "FCLASS_UA": null}, "bbox": [-73.57274, -55.052016, -53.661552, -21.786938], "geometry": {"type": "MultiPolygon", "coordinates": [[[[-67.193904, -22.822223], [-67.142693, -22.742745], [-67.113237, -22.710086], [-67.037686, -22.654585], [-67.026628, -22.639392], [-67.024354, -22.617585], [-67.032725, -22.524567], [-67.015672, -22.523844], [-66.993555, -22.525807], [-66.978155, -22.5225], [-66.965236, -22.514335], [-66.955572, -22.500693], [-66.935315, -22.480539], [-66.90865, -22.467516], [-66.796461, -22.434857], [-66.785092, -22.427622], [-66.784472, -22.417287], [-66.790518, -22.388348], [-66.788037, -22.38008], [-66.77517, -22.365197], [-66.767935, -22.342563], [-66.756101, -22.268252], [-66.748867, -22.244894], [-66.735896, -22.225051], [-66.712848, -22.206447], [-66.699309, -22.200763], [-66.688457, -22.201693], [-66.677398, -22.205103], [-66.657813, -22.207377], [-66.64138, -22.212545], [-66.636315, -22.211305], [-66.633267, -22.204897], [-66.630579, -22.197352], [-66.626755, -22.192598], [-66.510328, -22.162935], [-66.377468, -22.127072], [-66.353232, -22.109605], [-66.349175, -22.1002], [-66.343, -22.090485], [-66.335249, -22.08232], [-66.32667, -22.077359], [-66.314061, -22.075809], [-66.309824, -22.078186], [-66.307602, -22.077049], [-66.301504, -22.064957], [-66.297163, -22.050281], [-66.287551, -21.956953], [-66.240009, -21.792415], [-66.222465, -21.786938], [-66.137819, -21.812466], [-66.094488, -21.83293], [-66.063586, -21.864039], [-66.051752, -21.912615], [-66.046532, -21.917989], [-65.954497, -21.933079], [-65.932689, -21.944551], [-65.804557, -22.085834], [-65.775309, -22.105058], [-65.744613, -22.11405], [-65.605319, -22.099063], [-65.597878, -22.095653], [-65.593433, -22.091105], [-65.588524, -22.087281], [-65.579894, -22.086454], [-65.510467, -22.095859], [-65.457344, -22.101441], [-65.190478, -22.098474], [-65.020368, -22.096583], [-64.832472, -22.137511], [-64.762321, -22.174408], [-64.722892, -22.183296], [-64.713694, -22.181746], [-64.695245, -22.174201], [-64.687442, -22.172857], [-64.679045, -22.175441], [-64.65778, -22.178438], [-64.638711, -22.191668], [-64.616284, -22.20221], [-64.596207, -22.20655], [-64.58688, -22.212752], [-64.560215, -22.243137], [-64.551843, -22.255023], [-64.542774, -22.275487], [-64.542257, -22.291506], [-64.549156, -22.305356], [-64.562075, -22.319825], [-64.572023, -22.343183], [-64.558871, -22.36065], [-64.537891, -22.374292], [-64.524558, -22.385351], [-64.523292, -22.396203], [-64.531069, -22.41553], [-64.531328, -22.425658], [-64.525747, -22.432997], [-64.507815, -22.443952], [-64.504043, -22.449946], [-64.498126, -22.472787], [-64.483734, -22.491184], [-64.428285, -22.542344], [-64.429835, -22.557123], [-64.437251, -22.567355], [-64.445545, -22.576244], [-64.449421, -22.587096], [-64.450454, -22.597121], [-64.455208, -22.616655], [-64.456242, -22.628023], [-64.45371, -22.642906], [-64.447224, -22.648694], [-64.438233, -22.651898], [-64.428285, -22.659029], [-64.401723, -22.712359], [-64.390768, -22.720524], [-64.368986, -22.729723], [-64.355731, -22.751943], [-64.352321, -22.779125], [-64.359994, -22.803], [-64.347721, -22.816952], [-64.343897, -22.863668], [-64.325294, -22.871936], [-64.326947, -22.859224], [-64.303486, -22.782329], [-64.294598, -22.762899], [-64.293978, -22.690862], [-64.250828, -22.54069], [-64.236333, -22.516712], [-64.184708, -22.471237], [-64.160549, -22.438474], [-64.086239, -22.257917], [-64.078875, -22.250579], [-64.058798, -22.240347], [-64.051021, -22.229185], [-64.019783, -22.155391], [-64.004383, -22.09927], [-63.99565, -22.08294], [-63.990379, -22.079323], [-63.983454, -22.077359], [-63.975806, -22.073845], [-63.968106, -22.066507], [-63.964644, -22.058549], [-63.961027, -22.039119], [-63.951466, -22.016691], [-63.95095, -22.0108], [-63.947591, -22.007596], [-63.933173, -22.001808], [-63.906405, -21.997157], [-63.813129, -22.003049], [-63.793026, -22.011524], [-63.751789, -22.045733], [-63.74042, -22.050591], [-63.693911, -22.01204], [-63.67784, -22.003669], [-63.639392, -21.997468], [-63.324916, -21.999121], [-63.010439, -22.000775], [-63.009922, -22.000671], [-62.862024, -21.99323], [-62.818564, -22.000878], [-62.804353, -22.004082], [-62.801356, -22.013487], [-62.795, -22.051211], [-62.795051, -22.061133], [-62.79779, -22.069401], [-62.791072, -22.081597], [-62.790917, -22.113223], [-62.783476, -22.130896], [-62.769368, -22.144745], [-62.722032, -22.166243], [-62.679296, -22.194768], [-62.667462, -22.20655], [-62.663225, -22.215542], [-62.661829, -22.224534], [-62.658987, -22.231665], [-62.650357, -22.234456], [-62.640384, -22.236213], [-62.631805, -22.24076], [-62.624829, -22.247271], [-62.61961, -22.255023], [-62.626431, -22.255023], [-62.620282, -22.268459], [-62.624209, -22.278897], [-62.630824, -22.287682], [-62.632684, -22.295951], [-62.625294, -22.305046], [-62.61315, -22.311454], [-62.599611, -22.315174], [-62.588294, -22.316414], [-62.564678, -22.321996], [-62.547624, -22.335328], [-62.523388, -22.364887], [-62.510727, -22.370158], [-62.470575, -22.381837], [-62.461945, -22.388761], [-62.454969, -22.403851], [-62.43807, -22.419664], [-62.368256, -22.464416], [-62.348722, -22.47134], [-62.341357, -22.472261], [-62.305727, -22.476715], [-62.294513, -22.479815], [-62.287227, -22.483949], [-62.28454, -22.488704], [-62.28361, -22.493768], [-62.283816, -22.504827], [-62.281387, -22.512061], [-62.2756, -22.513508], [-62.26883, -22.512992], [-62.263352, -22.514439], [-62.241183, -22.538416], [-62.233225, -22.556296], [-62.238858, -22.57304], [-62.252965, -22.591126], [-62.25281, -22.603632], [-62.239736, -22.613761], [-62.214932, -22.624303], [-62.202529, -22.627197], [-62.196586, -22.626473], [-62.192969, -22.62823], [-62.187646, -22.638565], [-62.194623, -22.66058], [-62.195036, -22.673602], [-62.175916, -22.684867], [-62.188267, -22.708329], [-62.184184, -22.713703], [-62.1708, -22.71732], [-62.164082, -22.725899], [-62.159741, -22.737164], [-62.153488, -22.747809], [-62.126151, -22.775715], [-62.122534, -22.783156], [-62.119744, -22.792148], [-62.115868, -22.799796], [-62.108788, -22.803], [-62.107858, -22.806514], [-62.099228, -22.813748], [-62.089358, -22.81995], [-62.084604, -22.820156], [-62.080831, -22.832352], [-62.071633, -22.843928], [-62.050446, -22.864495], [-62.035821, -22.884855], [-62.017166, -22.921752], [-62.006055, -22.936842], [-62.003782, -22.94635], [-62.008949, -22.969708], [-62.006055, -22.974359], [-62.0059, -22.978906], [-61.992051, -22.99813], [-61.956446, -23.034407], [-61.84498, -23.097245], [-61.83697, -23.104687], [-61.814284, -23.135176], [-61.802657, -23.144994], [-61.780023, -23.15688], [-61.769274, -23.165562], [-61.758474, -23.177447], [-61.752273, -23.187059], [-61.749482, -23.198841], [-61.74881, -23.217341], [-61.744263, -23.234808], [-61.732997, -23.243386], [-61.718528, -23.249277], [-61.70442, -23.258372], [-61.688762, -23.274496], [-61.680313, -23.27925], [-61.666851, -23.282867], [-61.619619, -23.282867], [-61.60515, -23.289275], [-61.554636, -23.338368], [-61.545773, -23.342605], [-61.533965, -23.344569], [-61.51606, -23.344982], [-61.520788, -23.35325], [-61.525465, -23.364723], [-61.526343, -23.374748], [-61.510375, -23.38436], [-61.501073, -23.407821], [-61.491849, -23.413195], [-61.4703, -23.414125], [-61.451929, -23.417433], [-61.435703, -23.423737], [-61.42051, -23.433659], [-61.408728, -23.443581], [-61.398677, -23.450092], [-61.384853, -23.453709], [-61.36178, -23.454743], [-61.296951, -23.481408], [-61.288967, -23.49412], [-61.282947, -23.509933], [-61.272612, -23.523576], [-61.251941, -23.52926], [-61.242924, -23.533084], [-61.223571, -23.551275], [-61.214398, -23.557166], [-61.20768, -23.557579], [-61.187733, -23.556235], [-61.18024, -23.557166], [-61.167812, -23.566571], [-61.154454, -23.580317], [-61.139493, -23.592719], [-61.122233, -23.598197], [-61.109857, -23.606982], [-61.10624, -23.627239], [-61.109754, -23.649977], [-61.118849, -23.66641], [-61.10965, -23.675608], [-61.092519, -23.70186], [-61.066216, -23.715709], [-61.04999, -23.734726], [-61.038053, -23.755396], [-61.036244, -23.768832], [-61.030224, -23.77462], [-61.015806, -23.796686], [-61.006349, -23.805471], [-60.974826, -23.824074], [-60.936663, -23.813842], [-60.899947, -23.830482], [-60.866358, -23.855907], [-60.837625, -23.871823], [-60.816852, -23.874097], [-60.787776, -23.873445], [-60.729286, -23.872133], [-60.719855, -23.875027], [-60.699417, -23.891254], [-60.689676, -23.893631], [-60.64371, -23.891357], [-60.63216, -23.892287], [-60.621153, -23.895801], [-60.603841, -23.90469], [-60.594617, -23.90655], [-60.593584, -23.912234], [-60.577538, -23.94417], [-60.57175, -23.946031], [-60.535964, -23.947581], [-60.517723, -23.955746], [-60.484882, -23.977347], [-60.423051, -23.988509], [-60.38742, -23.987165], [-60.378351, -23.988509], [-60.367577, -23.99471], [-60.348043, -24.010833], [-60.337372, -24.016414], [-60.328018, -24.017964], [-60.296418, -24.016414], [-60.218128, -24.027369], [-60.143249, -24.025199], [-60.119297, -24.020238], [-60.072375, -24.004839], [-60.05173, -24.002875], [-60.033669, -24.007009], [-59.67364, -24.225394], [-59.635322, -24.261464], [-59.617726, -24.283478], [-59.610517, -24.289576], [-59.600518, -24.292883], [-59.575403, -24.29588], [-59.558427, -24.305389], [-59.539979, -24.308799], [-59.53202, -24.31407], [-59.521143, -24.325026], [-59.51042, -24.332674], [-59.487656, -24.344766], [-59.4659, -24.353551], [-59.459725, -24.358512], [-59.456289, -24.365437], [-59.453808, -24.374532], [-59.450268, -24.382387], [-59.426032, -24.392515], [-59.387094, -24.423831], [-59.377766, -24.433546], [-59.357406, -24.468996], [-59.340973, -24.4876], [-59.308081, -24.498762], [-59.295058, -24.512921], [-59.285601, -24.516125], [-59.27046, -24.518192], [-59.263122, -24.523463], [-59.257644, -24.530181], [-59.248084, -24.537209], [-59.206485, -24.550232], [-59.177908, -24.568732], [-59.154395, -24.576277], [-59.116981, -24.598807], [-59.097189, -24.605422], [-59.078327, -24.605629], [-59.072178, -24.606766], [-59.062463, -24.612347], [-59.042412, -24.630537], [-59.032697, -24.637048], [-59.000916, -24.644179], [-58.809196, -24.776781], [-58.788474, -24.781639], [-58.737469, -24.782776], [-58.723258, -24.786703], [-58.715972, -24.791871], [-58.708117, -24.795075], [-58.701916, -24.799312], [-58.699384, -24.80727], [-58.694216, -24.812024], [-58.473403, -24.851299], [-58.450769, -24.861737], [-58.438521, -24.872796], [-58.414802, -24.903078], [-58.350568, -24.968604], [-58.344367, -24.978319], [-58.341318, -24.986174], [-58.335995, -24.991858], [-58.323283, -24.995269], [-58.311966, -24.993615], [-58.299305, -24.987724], [-58.287264, -24.979766], [-58.259152, -24.952998], [-58.242513, -24.941732], [-58.224064, -24.941216], [-58.133889, -24.997853], [-58.124019, -25.012942], [-58.111513, -25.012322], [-58.04206, -25.044362], [-58.032138, -25.045085], [-58.009814, -25.042501], [-58.00046, -25.044362], [-57.993639, -25.052733], [-57.989866, -25.064102], [-57.983769, -25.074231], [-57.969764, -25.078468], [-57.890493, -25.078675], [-57.870701, -25.085289], [-57.85649, -25.096762], [-57.81241, -25.143684], [-57.79732, -25.153916], [-57.766004, -25.167868], [-57.754067, -25.180891], [-57.721769, -25.246106], [-57.702339, -25.270911], [-57.671976, -25.289831], [-57.671488, -25.290135], [-57.641206, -25.360518], [-57.640792, -25.37261], [-57.578729, -25.416742], [-57.565293, -25.430385], [-57.55811, -25.44351], [-57.556921, -25.45984], [-57.570047, -25.546657], [-57.575318, -25.564433], [-57.587152, -25.575699], [-57.600691, -25.578799], [-57.611647, -25.585931], [-57.616298, -25.609185], [-57.623067, -25.615386], [-57.638777, -25.6158], [-57.668077, -25.612286], [-57.670041, -25.616937], [-57.67526, -25.639261], [-57.678981, -25.647012], [-57.688335, -25.652697], [-57.698205, -25.653627], [-57.708695, -25.652903], [-57.719909, -25.653834], [-57.741251, -25.661895], [-57.753705, -25.672747], [-57.774582, -25.701686], [-57.768485, -25.709954], [-57.760578, -25.715639], [-57.751121, -25.719566], [-57.740373, -25.72215], [-57.75107, -25.734862], [-57.767916, -25.750675], [-57.787243, -25.764111], [-57.805588, -25.769899], [-57.820626, -25.77827], [-57.817061, -25.797494], [-57.801868, -25.831394], [-57.812823, -25.845243], [-57.819662, -25.849779], [-57.833235, -25.858782], [-57.854216, -25.868911], [-57.875352, -25.876146], [-57.878194, -25.883174], [-57.875352, -25.890202], [-57.852407, -25.897953], [-57.851374, -25.908392], [-57.85711, -25.919864], [-57.863311, -25.927615], [-57.898244, -25.953557], [-57.905841, -25.968646], [-57.85959, -25.980945], [-57.859694, -25.994278], [-57.872716, -26.010298], [-57.988213, -26.088536], [-58.021596, -26.105692], [-58.086501, -26.12719], [-58.096682, -26.136698], [-58.106293, -26.170288], [-58.115234, -26.190958], [-58.124019, -26.201914], [-58.127636, -26.194679], [-58.133217, -26.188995], [-58.141175, -26.184757], [-58.151304, -26.18145], [-58.148927, -26.19933], [-58.137144, -26.209459], [-58.121228, -26.216693], [-58.106604, -26.226098], [-58.105983, -26.239534], [-58.123295, -26.251523], [-58.145981, -26.260101], [-58.161846, -26.263305], [-58.169959, -26.270333], [-58.170011, -26.28656], [-58.164946, -26.318599], [-58.167633, -26.335032], [-58.172698, -26.349295], [-58.206184, -26.402728], [-58.213057, -26.418645], [-58.209595, -26.431254], [-58.18541, -26.451718], [-58.188666, -26.462053], [-58.202722, -26.471561], [-58.205926, -26.479416], [-58.208716, -26.496883], [-58.214194, -26.512386], [-58.217346, -26.527579], [-58.213367, -26.544529], [-58.207993, -26.550213], [-58.18541, -26.564992], [-58.179312, -26.57264], [-58.170527, -26.5868], [-58.164946, -26.592278], [-58.171509, -26.598582], [-58.188511, -26.609744], [-58.192283, -26.612845], [-58.192076, -26.624627], [-58.187167, -26.633619], [-58.181379, -26.641577], [-58.178641, -26.650672], [-58.18386, -26.65677], [-58.195694, -26.657493], [-58.227165, -26.652015], [-58.232281, -26.648605], [-58.235536, -26.649845], [-58.240652, -26.661214], [-58.2452, -26.680231], [-58.247939, -26.758159], [-58.251763, -26.763223], [-58.259256, -26.764463], [-58.2714, -26.764257], [-58.287936, -26.768598], [-58.286541, -26.778726], [-58.278479, -26.790198], [-58.27481, -26.798363], [-58.288556, -26.811489], [-58.305506, -26.809112], [-58.323335, -26.803841], [-58.340026, -26.808595], [-58.352377, -26.830506], [-58.340388, -26.844459], [-58.322146, -26.856758], [-58.31579, -26.874121], [-58.328916, -26.884146], [-58.374701, -26.887557], [-58.384674, -26.897065], [-58.393873, -26.909674], [-58.415525, -26.917529], [-58.459812, -26.928174], [-58.47547, -26.937993], [-58.483686, -26.950602], [-58.481619, -26.963831], [-58.466633, -26.975923], [-58.47454, -26.990083], [-58.492368, -27.00972], [-58.50136, -27.023672], [-58.504874, -27.031527], [-58.506734, -27.038452], [-58.507561, -27.055092], [-58.51154, -27.060156], [-58.519808, -27.058502], [-58.520032, -27.058368], [-58.527043, -27.054161], [-58.528025, -27.051681], [-58.528025, -27.047754], [-58.530505, -27.040519], [-58.536035, -27.036178], [-58.536259, -27.036294], [-58.54544, -27.041036], [-58.551693, -27.048167], [-58.556395, -27.055505], [-58.559703, -27.06336], [-58.562183, -27.072145], [-58.56239, -27.090128], [-58.560529, -27.105528], [-58.56549, -27.115966], [-58.616133, -27.123821], [-58.638819, -27.135914], [-58.653289, -27.156274], [-58.658404, -27.18511], [-58.652358, -27.198029], [-58.638716, -27.210121], [-58.614014, -27.226657], [-58.60156, -27.245674], [-58.599907, -27.266138], [-58.604135, -27.315548], [-58.604196, -27.316264], [-58.600165, -27.312957], [-58.510765, -27.278437], [-58.238223, -27.257043], [-58.128824, -27.269652], [-58.113993, -27.268929], [-58.053532, -27.259007], [-58.022046, -27.259831], [-58.021958, -27.259834], [-58.003664, -27.263303], [-57.944356, -27.274551], [-57.94403, -27.274613], [-57.913385, -27.286292], [-57.899504, -27.288961], [-57.855088, -27.297499], [-57.854784, -27.297557], [-57.811913, -27.310583], [-57.811583, -27.310683], [-57.709367, -27.329804], [-57.698183, -27.333398], [-57.697791, -27.333524], [-57.535682, -27.407215], [-57.519938, -27.412099], [-57.513358, -27.41414], [-57.487675, -27.416413], [-57.386699, -27.403494], [-57.360396, -27.403391], [-57.356466, -27.404343], [-57.335229, -27.409489], [-57.326289, -27.414863], [-57.310116, -27.429208], [-57.302983, -27.435534], [-57.292493, -27.440701], [-57.283026, -27.443015], [-57.237588, -27.45412], [-57.237096, -27.45424], [-57.227071, -27.458685], [-57.200406, -27.478942], [-57.191207, -27.484213], [-57.180453, -27.487214], [-57.180097, -27.487313], [-57.156687, -27.487727], [-57.148161, -27.488967], [-57.10899, -27.490621], [-57.076227, -27.484006], [-56.977318, -27.435327], [-56.94099, -27.422098], [-56.904447, -27.418696], [-56.904351, -27.418687], [-56.869263, -27.431503], [-56.807458, -27.486797], [-56.771511, -27.506548], [-56.771155, -27.506744], [-56.734233, -27.500439], [-56.683125, -27.464679], [-56.638016, -27.452912], [-56.613, -27.446386], [-56.546933, -27.455003], [-56.54644, -27.455067], [-56.50621, -27.500129], [-56.487323, -27.527208], [-56.461484, -27.553873], [-56.431357, -27.57537], [-56.400299, -27.586636], [-56.399731, -27.586842], [-56.367537, -27.580641], [-56.349657, -27.556353], [-56.335988, -27.525657], [-56.31648, -27.500439], [-56.296998, -27.480905], [-56.285319, -27.460958], [-56.281469, -27.438634], [-56.285319, -27.411349], [-56.279842, -27.389645], [-56.256768, -27.378276], [-56.22801, -27.371248], [-56.205428, -27.362153], [-56.168892, -27.324739], [-56.149979, -27.31182], [-56.124554, -27.298901], [-56.098948, -27.300555], [-56.074246, -27.304811], [-56.073756, -27.304896], [-56.006894, -27.328251], [-55.984847, -27.332284], [-55.966094, -27.331723], [-55.960662, -27.331561], [-55.936374, -27.328253], [-55.913094, -27.32784], [-55.892837, -27.334868], [-55.877851, -27.353575], [-55.862787, -27.391092], [-55.854157, -27.40122], [-55.842091, -27.407422], [-55.815167, -27.41414], [-55.754732, -27.443698], [-55.717499, -27.417343], [-55.681713, -27.379413], [-55.653627, -27.360086], [-55.628719, -27.356365], [-55.60748, -27.345513], [-55.591331, -27.328357], [-55.581641, -27.305516], [-55.580763, -27.291666], [-55.583243, -27.283501], [-55.58407, -27.276784], [-55.570712, -27.256423], [-55.568671, -27.245984], [-55.570583, -27.235339], [-55.574872, -27.223557], [-55.598979, -27.182629], [-55.598281, -27.16754], [-55.571745, -27.161545], [-55.555338, -27.153794], [-55.549524, -27.13581], [-55.545365, -27.115243], [-55.533841, -27.09943], [-55.513997, -27.097466], [-55.486402, -27.10005], [-55.461855, -27.097983], [-55.451313, -27.082067], [-55.448833, -27.035868], [-55.442761, -27.015508], [-55.43085, -26.996387], [-55.414003, -26.979851], [-55.39633, -26.969309], [-55.376228, -26.963831], [-55.329409, -26.958457], [-55.2806, -26.934272], [-55.256545, -26.934582], [-55.235177, -26.94223], [-55.216651, -26.951222], [-55.2012, -26.955459], [-55.161564, -26.95732], [-55.138361, -26.953702], [-55.122315, -26.941714], [-55.118879, -26.920009], [-55.132677, -26.880632], [-55.125778, -26.863579], [-55.060898, -26.805184], [-55.040744, -26.798466], [-54.991781, -26.794642], [-54.97527, -26.787821], [-54.961007, -26.772318], [-54.951137, -26.757539], [-54.943877, -26.739969], [-54.930725, -26.693977], [-54.919899, -26.674133], [-54.903337, -26.65987], [-54.879359, -26.654393], [-54.834969, -26.654393], [-54.827424, -26.658113], [-54.822825, -26.663281], [-54.817321, -26.665761], [-54.807012, -26.661214], [-54.793059, -26.644987], [-54.784946, -26.622767], [-54.781277, -26.598169], [-54.780347, -26.575224], [-54.783499, -26.556724], [-54.78877, -26.542565], [-54.789829, -26.528509], [-54.780347, -26.510422], [-54.765309, -26.494092], [-54.737171, -26.473215], [-54.706475, -26.441796], [-54.697664, -26.428153], [-54.693065, -26.411927], [-54.683402, -26.350845], [-54.68043, -26.345264], [-54.679061, -26.33989], [-54.663661, -26.308367], [-54.663661, -26.263305], [-54.666142, -26.243668], [-54.664974, -26.238863], [-54.664333, -26.236227], [-54.656194, -26.222998], [-54.644696, -26.208218], [-54.638288, -26.196953], [-54.641854, -26.184034], [-54.659941, -26.164397], [-54.663816, -26.149204], [-54.643146, -26.085228], [-54.642526, -26.062801], [-54.653326, -26.030761], [-54.658261, -26.000376], [-54.661594, -25.989937], [-54.662266, -25.979912], [-54.656194, -25.969163], [-54.647952, -25.965649], [-54.62369, -25.964306], [-54.61524, -25.961722], [-54.606404, -25.946632], [-54.607334, -25.927925], [-54.61524, -25.882863], [-54.610073, -25.866534], [-54.599221, -25.850721], [-54.589557, -25.832944], [-54.587904, -25.810827], [-54.594518, -25.798734], [-54.617152, -25.773516], [-54.622062, -25.759977], [-54.62493, -25.740237], [-54.643146, -25.68794], [-54.642887, -25.661585], [-54.633715, -25.652077], [-54.598497, -25.653834], [-54.583356, -25.644842], [-54.58625, -25.624688], [-54.602218, -25.592442], [-54.600203, -25.574945], [-54.56005, -25.570221], [-54.545632, -25.574769], [-54.54, -25.586758], [-54.538708, -25.60133], [-54.5323, -25.610632], [-54.511422, -25.606188], [-54.491062, -25.614043], [-54.473027, -25.625825], [-54.460573, -25.642051], [-54.457007, -25.663135], [-54.456542, -25.672644], [-54.453545, -25.683186], [-54.447344, -25.68918], [-54.437318, -25.685253], [-54.433133, -25.676571], [-54.437732, -25.655384], [-54.437422, -25.645049], [-54.431324, -25.636884], [-54.412669, -25.627272], [-54.405072, -25.61983], [-54.402799, -25.610322], [-54.403677, -25.600193], [-54.40285, -25.590272], [-54.395409, -25.581073], [-54.38621, -25.577146], [-54.377787, -25.577662], [-54.360114, -25.584277], [-54.349675, -25.582417], [-54.333087, -25.561953], [-54.321718, -25.555132], [-54.299239, -25.552651], [-54.284408, -25.556785], [-54.273659, -25.568774], [-54.263169, -25.590065], [-54.255624, -25.598746], [-54.24963, -25.593269], [-54.243687, -25.577559], [-54.235109, -25.576732], [-54.228959, -25.577042], [-54.209942, -25.58221], [-54.190253, -25.580763], [-54.194698, -25.563296], [-54.2148, -25.531464], [-54.206945, -25.52795], [-54.196713, -25.529603], [-54.177696, -25.535805], [-54.165087, -25.534358], [-54.154287, -25.52826], [-54.12819, -25.500561], [-54.122092, -25.49622], [-54.116408, -25.494567], [-54.111447, -25.49591], [-54.107158, -25.500561], [-54.11186, -25.519371], [-54.12018, -25.535494], [-54.125968, -25.552031], [-54.123126, -25.571771], [-54.1177, -25.580556], [-54.108966, -25.590272], [-54.09889, -25.597196], [-54.089639, -25.597403], [-54.085764, -25.590582], [-54.086487, -25.579833], [-54.088761, -25.568361], [-54.089278, -25.558852], [-54.082715, -25.550067], [-54.072483, -25.555338], [-54.055378, -25.570738], [-54.042924, -25.568464], [-54.036774, -25.564537], [-54.030212, -25.56216], [-54.016517, -25.565053], [-53.997449, -25.574975], [-53.984995, -25.589341], [-53.978277, -25.607015], [-53.97621, -25.627582], [-53.967735, -25.653213], [-53.948098, -25.65063], [-53.90996, -25.629236], [-53.898127, -25.639467], [-53.887533, -25.661275], [-53.876474, -25.697862], [-53.878283, -25.70613], [-53.88252, -25.713468], [-53.885518, -25.722563], [-53.88345, -25.735586], [-53.877043, -25.746128], [-53.857819, -25.763181], [-53.849344, -25.772896], [-53.840352, -25.791396], [-53.837303, -25.809173], [-53.841644, -25.867671], [-53.829604, -25.921311], [-53.830585, -25.931646], [-53.833944, -25.940328], [-53.836063, -25.949733], [-53.833428, -25.962238], [-53.826193, -25.972677], [-53.792862, -26.000376], [-53.792707, -26.000479], [-53.792707, -26.000582], [-53.765008, -26.028074], [-53.753484, -26.058667], [-53.746766, -26.091636], [-53.733382, -26.126363], [-53.685116, -26.187651], [-53.66672, -26.219174], [-53.661552, -26.259791], [-53.673231, -26.292554], [-53.715864, -26.346711], [-53.724442, -26.376063], [-53.712763, -26.469598], [-53.712918, -26.500293], [-53.712918, -26.5005], [-53.727439, -26.511352], [-53.734571, -26.518277], [-53.737465, -26.525305], [-53.735604, -26.535123], [-53.731832, -26.545562], [-53.728214, -26.551867], [-53.726819, -26.548559], [-53.72961, -26.565819], [-53.742374, -26.600546], [-53.742942, -26.619149], [-53.737878, -26.65708], [-53.739532, -26.67558], [-53.746043, -26.693873], [-53.753743, -26.699558], [-53.763613, -26.700798], [-53.771726, -26.703692], [-53.77431, -26.714337], [-53.769659, -26.726636], [-53.761081, -26.732837], [-53.752451, -26.735938], [-53.747852, -26.739142], [-53.747283, -26.749064], [-53.753898, -26.76312], [-53.752916, -26.773248], [-53.74966, -26.774902], [-53.737568, -26.775729], [-53.734002, -26.777383], [-53.722427, -26.814383], [-53.710696, -26.873811], [-53.712505, -26.904507], [-53.724597, -26.940473], [-53.76847, -27.024086], [-53.773173, -27.030184], [-53.780046, -27.033801], [-53.795807, -27.035868], [-53.800923, -27.039072], [-53.805006, -27.052198], [-53.803249, -27.08062], [-53.804902, -27.094366], [-53.80976, -27.10098], [-53.824333, -27.109352], [-53.828725, -27.114416], [-53.82826, -27.121754], [-53.818752, -27.131469], [-53.819217, -27.139738], [-53.830017, -27.156791], [-53.842006, -27.163509], [-53.848776, -27.157514], [-53.857871, -27.140978], [-53.868774, -27.125888], [-53.88221, -27.119894], [-53.89084, -27.127129], [-53.899418, -27.158445], [-53.909495, -27.168263], [-53.925412, -27.165989], [-53.938538, -27.155447], [-53.950888, -27.147799], [-53.964117, -27.154], [-53.966236, -27.16723], [-53.961068, -27.180769], [-53.961792, -27.191414], [-53.981481, -27.195652], [-53.988457, -27.193791], [-53.992694, -27.19007], [-53.997294, -27.18728], [-54.005148, -27.18821], [-54.010885, -27.193998], [-54.018119, -27.212291], [-54.091758, -27.285155], [-54.12819, -27.288876], [-54.158059, -27.279471], [-54.15594, -27.257663], [-54.164777, -27.250635], [-54.177024, -27.243401], [-54.18953, -27.260867], [-54.218159, -27.329287], [-54.222551, -27.336832], [-54.227926, -27.343033], [-54.231801, -27.351508], [-54.229579, -27.371972], [-54.231646, -27.38055], [-54.239243, -27.383857], [-54.250715, -27.385201], [-54.261257, -27.388715], [-54.265804, -27.398016], [-54.268595, -27.406388], [-54.274899, -27.416103], [-54.281927, -27.424371], [-54.286888, -27.428402], [-54.306939, -27.428919], [-54.321512, -27.419514], [-54.334017, -27.406078], [-54.347712, -27.394296], [-54.34611, -27.426542], [-54.347712, -27.435844], [-54.354326, -27.446282], [-54.363473, -27.453517], [-54.371586, -27.454447], [-54.374997, -27.445765], [-54.378717, -27.422718], [-54.388898, -27.411142], [-54.404246, -27.407422], [-54.444553, -27.408972], [-54.460831, -27.412589], [-54.464552, -27.423338], [-54.447654, -27.445765], [-54.448377, -27.458891], [-54.468583, -27.47026], [-54.53354, -27.487417], [-54.543255, -27.487003], [-54.553797, -27.482973], [-54.557621, -27.477805], [-54.567233, -27.459615], [-54.57054, -27.455687], [-54.57855, -27.45424], [-54.583821, -27.45207], [-54.589454, -27.452587], [-54.598497, -27.459098], [-54.605319, -27.467986], [-54.609814, -27.478528], [-54.61524, -27.496718], [-54.625912, -27.515322], [-54.639528, -27.526794], [-54.651233, -27.525864], [-54.656194, -27.50726], [-54.659475, -27.502816], [-54.666452, -27.50385], [-54.67348, -27.509741], [-54.676684, -27.520593], [-54.676451, -27.534236], [-54.6772, -27.54178], [-54.681128, -27.546431], [-54.690326, -27.551289], [-54.69968, -27.553046], [-54.721952, -27.550979], [-54.7319, -27.551289], [-54.773939, -27.563794], [-54.780347, -27.562141], [-54.78169, -27.560074], [-54.788021, -27.552839], [-54.79001, -27.551289], [-54.793731, -27.549222], [-54.792129, -27.544261], [-54.788537, -27.538576], [-54.786548, -27.534236], [-54.792232, -27.523177], [-54.805048, -27.526381], [-54.818897, -27.536199], [-54.827527, -27.545088], [-54.833677, -27.565345], [-54.83701, -27.590459], [-54.845097, -27.611854], [-54.865406, -27.620845], [-54.889797, -27.620639], [-54.898272, -27.623636], [-54.896464, -27.661153], [-54.90158, -27.704458], [-54.906902, -27.727092], [-54.913207, -27.736911], [-54.932999, -27.743835], [-54.985192, -27.78528], [-55.009118, -27.78838], [-55.027593, -27.783006], [-55.044646, -27.775048], [-55.064309, -27.771017], [-55.081155, -27.778252], [-55.071259, -27.794375], [-55.040434, -27.819489], [-55.02581, -27.84016], [-55.029634, -27.850702], [-55.045808, -27.850702], [-55.067719, -27.839333], [-55.0779, -27.843364], [-55.09994, -27.843777], [-55.108699, -27.846775], [-55.111386, -27.852976], [-55.119241, -27.880881], [-55.139705, -27.876747], [-55.16146, -27.858247], [-55.177558, -27.853596], [-55.197737, -27.860624], [-55.21231, -27.87716], [-55.22404, -27.8938], [-55.26024, -27.919225], [-55.270084, -27.922429], [-55.280781, -27.920569], [-55.301762, -27.913954], [-55.314113, -27.914987], [-55.329874, -27.928113], [-55.333026, -27.946613], [-55.33791, -27.96315], [-55.358864, -27.970281], [-55.369096, -27.970798], [-55.376434, -27.973175], [-55.38093, -27.978239], [-55.382429, -27.987334], [-55.381421, -28.008729], [-55.383385, -28.014206], [-55.389844, -28.024231], [-55.435087, -28.07074], [-55.440746, -28.078905], [-55.464853, -28.085106], [-55.475498, -28.086347], [-55.482319, -28.083143], [-55.486531, -28.077148], [-55.492965, -28.073944], [-55.505935, -28.078905], [-55.509915, -28.083969], [-55.520224, -28.10681], [-55.524797, -28.110634], [-55.537871, -28.119316], [-55.543763, -28.124174], [-55.548284, -28.132235], [-55.549731, -28.139883], [-55.553478, -28.145568], [-55.564872, -28.147738], [-55.577094, -28.144327], [-55.579316, -28.136369], [-55.578541, -28.127481], [-55.581641, -28.121073], [-55.604741, -28.116939], [-55.616652, -28.129548], [-55.623042, -28.14435], [-55.623835, -28.146188], [-55.632543, -28.154663], [-55.641999, -28.160347], [-55.684064, -28.196211], [-55.747936, -28.215744], [-55.772534, -28.231971], [-55.766591, -28.257602], [-55.754602, -28.265664], [-55.714708, -28.28189], [-55.701453, -28.284991], [-55.687216, -28.290055], [-55.677217, -28.301837], [-55.6636, -28.326539], [-55.677372, -28.373874], [-55.684064, -28.388034], [-55.694244, -28.400126], [-55.705691, -28.407671], [-55.714967, -28.404467], [-55.718842, -28.38452], [-55.734604, -28.365916], [-55.771191, -28.357544], [-55.812532, -28.353204], [-55.842349, -28.346382], [-55.887359, -28.363332], [-55.905601, -28.378008], [-55.900382, -28.398472], [-55.896661, -28.406844], [-55.896919, -28.453456], [-55.898056, -28.460691], [-55.902035, -28.465135], [-55.910665, -28.470509], [-55.919089, -28.473403], [-55.951593, -28.47671], [-55.979137, -28.489216], [-56.011589, -28.496554], [-56.021434, -28.510403], [-56.022958, -28.528283], [-56.020503, -28.546267], [-56.021899, -28.585748], [-56.040812, -28.609002], [-56.103005, -28.648069], [-56.184705, -28.744188], [-56.21845, -28.764135], [-56.265476, -28.771989], [-56.286146, -28.780154], [-56.294828, -28.795761], [-56.301003, -28.88144], [-56.323069, -28.916477], [-56.391618, -28.952237], [-56.410919, -28.991304], [-56.411927, -29.031819], [-56.415751, -29.051352], [-56.427972, -29.069852], [-56.444276, -29.078121], [-56.513316, -29.093727], [-56.548301, -29.109953], [-56.584216, -29.132278], [-56.617289, -29.160906], [-56.64367, -29.19615], [-56.650672, -29.209069], [-56.656304, -29.223435], [-56.657286, -29.237904], [-56.650465, -29.25134], [-56.660645, -29.270874], [-56.677027, -29.313352], [-56.688654, -29.329578], [-56.7055, -29.343737], [-56.718135, -29.351489], [-56.75356, -29.367405], [-56.762706, -29.372883], [-56.769941, -29.379084], [-56.77578, -29.386422], [-56.780819, -29.395311], [-56.78255, -29.405439], [-56.782033, -29.416601], [-56.783429, -29.4258], [-56.799836, -29.433965], [-56.807561, -29.444713], [-56.812936, -29.457116], [-56.814951, -29.467037], [-56.819034, -29.474996], [-56.897272, -29.535664], [-56.904351, -29.549616], [-56.912413, -29.558401], [-56.951635, -29.586307], [-56.965795, -29.600879], [-56.979386, -29.634986], [-57.008841, -29.662581], [-57.013595, -29.673123], [-57.020933, -29.683355], [-57.094159, -29.751981], [-57.112866, -29.766037], [-57.133381, -29.772135], [-57.177461, -29.772859], [-57.219629, -29.778336], [-57.262572, -29.792599], [-57.291511, -29.81513], [-57.308513, -29.848513], [-57.318745, -29.965508], [-57.325153, -29.981011], [-57.411452, -30.039612], [-57.506175, -30.144309], [-57.548601, -30.170044], [-57.568652, -30.176555], [-57.611698, -30.182963], [-57.633971, -30.183583], [-57.642466, -30.193092], [-57.63795, -30.215105], [-57.623739, -30.2581], [-57.631077, -30.297064], [-57.652729, -30.329104], [-57.849617, -30.48527], [-57.877109, -30.514829], [-57.889769, -30.550796], [-57.88579, -30.589863], [-57.863311, -30.62862], [-57.848531, -30.647947], [-57.826207, -30.689702], [-57.817887, -30.712026], [-57.808659, -30.747331], [-57.801868, -30.773314], [-57.799397, -30.791461], [-57.796028, -30.816206], [-57.794995, -30.85796], [-57.796132, -30.868399], [-57.801868, -30.89248], [-57.807242, -30.90757], [-57.819644, -30.9116], [-57.842795, -30.909223], [-57.885325, -30.918835], [-57.90398, -30.929687], [-57.911732, -30.947361], [-57.905479, -30.958833], [-57.863311, -31.012266], [-57.855249, -31.058982], [-57.87375, -31.093088], [-57.899019, -31.126471], [-57.911732, -31.170603], [-57.905014, -31.215044], [-57.905117, -31.240986], [-57.914832, -31.252458], [-57.935606, -31.290285], [-57.942996, -31.296797], [-57.959481, -31.307959], [-57.966354, -31.314573], [-57.975552, -31.33514], [-57.980513, -31.380512], [-57.990228, -31.399323], [-58.005938, -31.411001], [-58.043558, -31.430639], [-58.062575, -31.444281], [-58.075236, -31.475184], [-58.050793, -31.500815], [-58.038978, -31.508637], [-58.013328, -31.52562], [-57.986818, -31.554145], [-57.979583, -31.598794], [-57.988626, -31.642822], [-58.048881, -31.797128], [-58.059268, -31.811494], [-58.083453, -31.819762], [-58.13084, -31.827824], [-58.152854, -31.835988], [-58.168615, -31.846014], [-58.196004, -31.872575], [-58.202618, -31.893143], [-58.190319, -31.913296], [-58.158797, -31.943889], [-58.14903, -31.975205], [-58.145309, -32.01789], [-58.148306, -32.0629], [-58.158797, -32.101554], [-58.180863, -32.132456], [-58.186547, -32.15292], [-58.17523, -32.174107], [-58.106914, -32.251829], [-58.096527, -32.280974], [-58.101591, -32.31136], [-58.164946, -32.389495], [-58.189958, -32.433936], [-58.199724, -32.444789], [-58.200124, -32.447201], [-58.200429, -32.444594], [-58.220082, -32.489516], [-58.222808, -32.534275], [-58.211578, -32.657322], [-58.192983, -32.725844], [-58.179351, -32.828302], [-58.169667, -32.84824], [-58.143178, -32.885024], [-58.137766, -32.900323], [-58.141184, -32.919122], [-58.156117, -32.957778], [-58.159495, -32.97975], [-58.149078, -33.024998], [-58.146799, -33.049981], [-58.155751, -33.06113], [-58.192983, -33.088311], [-58.204457, -33.091892], [-58.228668, -33.095147], [-58.241444, -33.095147], [-58.383168, -33.075453], [-58.418935, -33.088311], [-58.423492, -33.093357], [-58.430165, -33.102634], [-58.431996, -33.111586], [-58.412831, -33.118748], [-58.412709, -33.126397], [-58.416493, -33.136489], [-58.418935, -33.146661], [-58.421498, -33.16839], [-58.431956, -33.213067], [-58.433217, -33.232354], [-58.417063, -33.275486], [-58.412343, -33.298272], [-58.422353, -33.308038], [-58.440053, -33.316095], [-58.45995, -33.334731], [-58.487864, -33.369561], [-58.5065, -33.405857], [-58.521718, -33.449314], [-58.53185, -33.49391], [-58.535634, -33.533949], [-58.528798, -33.579034], [-58.530995, -33.588962], [-58.540842, -33.608982], [-58.549387, -33.683038], [-58.549224, -33.705336], [-58.540679, -33.745212], [-58.524322, -33.777765], [-58.46939, -33.842462], [-58.461049, -33.85947], [-58.455556, -33.879002], [-58.452056, -33.924574], [-58.439361, -33.979669], [-58.441721, -33.989923], [-58.446645, -34.001397], [-58.44697, -34.006931], [-58.447174, -34.010512], [-58.436269, -34.014418], [-58.426991, -34.016209], [-58.402699, -34.025974], [-58.395375, -34.031183], [-58.387807, -34.046482], [-58.384429, -34.066339], [-58.385365, -34.11004], [-58.391347, -34.142022], [-58.392242, -34.154067], [-58.390126, -34.159601], [-58.380727, -34.177179], [-58.37857, -34.188246], [-58.412099, -34.218683], [-58.416331, -34.226007], [-58.421498, -34.239923], [-58.425771, -34.246677], [-58.44107, -34.261163], [-58.460194, -34.272882], [-58.480133, -34.277439], [-58.498362, -34.270766], [-58.506418, -34.268976], [-58.54308, -34.267673], [-58.549306, -34.272638], [-58.552846, -34.279474], [-58.558339, -34.285414], [-58.570424, -34.288181], [-58.512278, -34.315688], [-58.494618, -34.328546], [-58.466615, -34.347987], [-58.454607, -34.366183], [-58.473208, -34.398151], [-58.485505, -34.407072], [-58.496641, -34.418004], [-58.511465, -34.435945], [-58.510397, -34.449006], [-58.503225, -34.463127], [-58.477284, -34.483331], [-58.473704, -34.491795], [-58.474965, -34.511977], [-58.474192, -34.52158], [-58.451575, -34.533818], [-58.433353, -34.541994], [-58.412751, -34.555198], [-58.378772, -34.572509], [-58.363352, -34.586114], [-58.344988, -34.607851], [-58.331836, -34.63201], [-58.315031, -34.657195], [-58.23615, -34.700802], [-58.19012, -34.735164], [-58.154872, -34.7504], [-58.118291, -34.753599], [-58.093924, -34.757735], [-58.063542, -34.772928], [-58.03064, -34.779098], [-58.00019, -34.787258], [-57.965031, -34.82453], [-57.938221, -34.833671], [-57.882019, -34.828868], [-57.871032, -34.829915], [-57.851568, -34.848055], [-57.806436, -34.872325], [-57.758843, -34.909662], [-57.686818, -34.933868], [-57.603575, -34.987702], [-57.522032, -35.013154], [-57.487483, -35.044387], [-57.446698, -35.070534], [-57.34958, -35.14988], [-57.313931, -35.189094], [-57.27027, -35.229714], [-57.248769, -35.248793], [-57.201577, -35.310154], [-57.162234, -35.371741], [-57.133583, -35.416657], [-57.128144, -35.441321], [-57.144909, -35.4842], [-57.180445, -35.522058], [-57.223785, -35.569268], [-57.323598, -35.696384], [-57.352625, -35.727524], [-57.365631, -35.763767], [-57.371379, -35.789987], [-57.381228, -35.831416], [-57.3933, -35.86297], [-57.38348, -35.899556], [-57.373565, -35.939478], [-57.372467, -35.968357], [-57.370595, -35.976983], [-57.366444, -35.987888], [-57.348012, -36.001072], [-57.343861, -36.011163], [-57.34203, -36.01393], [-57.315989, -36.069513], [-57.312652, -36.090753], [-57.308827, -36.099867], [-57.291127, -36.107192], [-57.271881, -36.12363], [-57.268178, -36.127862], [-57.262318, -36.15016], [-57.248036, -36.170343], [-57.108266, -36.282322], [-57.005523, -36.333673], [-56.960317, -36.341241], [-56.937734, -36.350763], [-56.9287, -36.363702], [-56.946034, -36.378025], [-56.939198, -36.384861], [-56.920766, -36.37005], [-56.900217, -36.358982], [-56.856679, -36.343927], [-56.833974, -36.340753], [-56.767893, -36.343927], [-56.778676, -36.321466], [-56.776031, -36.30641], [-56.762441, -36.303318], [-56.74059, -36.316583], [-56.734853, -36.328871], [-56.722401, -36.369317], [-56.716379, -36.378025], [-56.697621, -36.396173], [-56.699574, -36.521417], [-56.675771, -36.576349], [-56.672271, -36.600518], [-56.668324, -36.736423], [-56.664866, -36.851007], [-56.668853, -36.89422], [-56.686431, -36.927667], [-56.790273, -37.038344], [-56.888661, -37.162042], [-57.019276, -37.347589], [-57.055898, -37.412693], [-57.165761, -37.535577], [-57.200836, -37.567315], [-57.309153, -37.64544], [-57.348744, -37.6985], [-57.360666, -37.707615], [-57.376943, -37.714614], [-57.457875, -37.795017], [-57.487416, -37.832208], [-57.511871, -37.872328], [-57.528879, -37.91367], [-57.538197, -37.955336], [-57.54186, -37.998956], [-57.54011, -38.005141], [-57.531484, -38.016697], [-57.528879, -38.023533], [-57.529408, -38.029718], [-57.534413, -38.039321], [-57.535715, -38.043227], [-57.532786, -38.072524], [-57.535715, -38.084242], [-57.55842, -38.120864], [-57.593577, -38.152765], [-57.686391, -38.204767], [-57.790273, -38.252211], [-57.861887, -38.294122], [-58.018707, -38.367934], [-58.052724, -38.372817], [-58.06607, -38.378188], [-58.117909, -38.413263], [-58.15567, -38.430108], [-58.275502, -38.46852], [-58.312611, -38.486423], [-58.330963, -38.492771], [-58.419504, -38.504164], [-58.493642, -38.524347], [-58.567006, -38.558852], [-58.729237, -38.588474], [-58.940297, -38.646091], [-58.997141, -38.676039], [-59.02831, -38.681817], [-59.063222, -38.69378], [-59.347808, -38.738783], [-59.632395, -38.783787], [-59.796864, -38.838474], [-59.819203, -38.840753], [-59.889312, -38.838474], [-60.344879, -38.906671], [-60.50357, -38.927667], [-60.659088, -38.943048], [-60.865712, -38.975681], [-60.978261, -38.974379], [-61.003041, -38.969008], [-61.016469, -38.968194], [-61.028554, -38.969985], [-61.03718, -38.974054], [-61.050649, -38.982517], [-61.143381, -39.001072], [-61.337758, -38.981378], [-61.428049, -38.982517], [-61.493072, -38.9992], [-61.503082, -39.006036], [-61.518056, -39.011489], [-61.67516, -38.99391], [-61.688588, -38.984552], [-61.706532, -38.980401], [-61.716705, -38.970961], [-61.722808, -38.968194], [-61.731109, -38.968357], [-61.738026, -38.97088], [-61.744008, -38.973891], [-61.749501, -38.975681], [-61.790517, -38.982517], [-61.839019, -38.98089], [-62.026723, -38.937595], [-62.064036, -38.922947], [-62.09317, -38.901951], [-62.113271, -38.872654], [-62.130035, -38.836602], [-62.142934, -38.818292], [-62.157338, -38.810479], [-62.318715, -38.800551], [-62.335439, -38.79339], [-62.358469, -38.787286], [-62.37975, -38.798435], [-62.390207, -38.814711], [-62.380198, -38.824151], [-62.386342, -38.845147], [-62.368072, -38.882745], [-62.373931, -38.899998], [-62.360178, -38.890395], [-62.346506, -38.889907], [-62.336008, -38.896905], [-62.331776, -38.910089], [-62.334462, -38.947361], [-62.331776, -38.954522], [-62.320465, -38.960707], [-62.306508, -38.960138], [-62.274037, -38.954522], [-62.274403, -38.959649], [-62.281077, -38.972345], [-62.28661, -38.988051], [-62.283925, -39.002211], [-62.308502, -39.012628], [-62.318512, -39.022068], [-62.331776, -39.05755], [-62.342356, -39.078546], [-62.3485, -39.087579], [-62.355946, -39.095392], [-62.357818, -39.102227], [-62.35204, -39.109796], [-62.343984, -39.117934], [-62.339182, -39.126397], [-62.340199, -39.144627], [-62.345082, -39.160089], [-62.347035, -39.175714], [-62.339182, -39.194106], [-62.321685, -39.210545], [-62.276967, -39.237563], [-62.257232, -39.255548], [-62.272572, -39.255304], [-62.284901, -39.252537], [-62.311269, -39.241876], [-62.325592, -39.254653], [-62.316396, -39.265232], [-62.294342, -39.272719], [-62.270334, -39.276625], [-62.192372, -39.278741], [-62.167877, -39.28338], [-62.089019, -39.314223], [-62.04662, -39.338637], [-62.023915, -39.364841], [-62.023101, -39.377048], [-62.02717, -39.38893], [-62.034657, -39.399347], [-62.044423, -39.406915], [-62.056996, -39.411554], [-62.065053, -39.409438], [-62.07136, -39.404474], [-62.078481, -39.400079], [-62.098541, -39.39186], [-62.155995, -39.352146], [-62.174672, -39.331231], [-62.178375, -39.32586], [-62.183827, -39.315118], [-62.188344, -39.310724], [-62.196156, -39.307387], [-62.200592, -39.308364], [-62.204091, -39.310479], [-62.208852, -39.310724], [-62.227854, -39.307224], [-62.283925, -39.310724], [-62.281728, -39.31992], [-62.278188, -39.329685], [-62.272532, -39.338637], [-62.26415, -39.345473], [-62.253489, -39.346612], [-62.239858, -39.345147], [-62.228139, -39.346368], [-62.223134, -39.355564], [-62.214833, -39.376153], [-62.195424, -39.397149], [-62.154205, -39.427423], [-62.135569, -39.435724], [-62.086415, -39.445896], [-62.061431, -39.447361], [-62.055776, -39.451918], [-62.052602, -39.461684], [-62.050608, -39.474705], [-62.055084, -39.485528], [-62.066884, -39.494399], [-62.072336, -39.503188], [-62.075063, -39.5735], [-62.082183, -39.584568], [-62.086659, -39.595961], [-62.111684, -39.732517], [-62.114369, -39.821466], [-62.119456, -39.838311], [-62.125356, -39.83766], [-62.160471, -39.854425], [-62.164174, -39.858819], [-62.239573, -39.848728], [-62.261627, -39.838556], [-62.305043, -39.81113], [-62.308746, -39.821873], [-62.304555, -39.832208], [-62.283925, -39.852634], [-62.308665, -39.861505], [-62.314565, -39.869399], [-62.312123, -39.88242], [-62.311269, -39.907322], [-62.315419, -39.924493], [-62.328847, -39.960219], [-62.335601, -39.994317], [-62.355051, -40.035903], [-62.363108, -40.044366], [-62.366322, -40.054132], [-62.339182, -40.112726], [-62.340403, -40.133722], [-62.355824, -40.175388], [-62.35969, -40.191827], [-62.368723, -40.211196], [-62.390126, -40.221775], [-62.415028, -40.228448], [-62.434804, -40.236261], [-62.451772, -40.249607], [-62.469797, -40.267348], [-62.484202, -40.28753], [-62.490061, -40.307875], [-62.485463, -40.322198], [-62.455922, -40.365899], [-62.440663, -40.424981], [-62.43163, -40.434259], [-62.431467, -40.438572], [-62.414906, -40.462091], [-62.405263, -40.46795], [-62.373931, -40.475763], [-62.34024, -40.493341], [-62.328684, -40.49627], [-62.325103, -40.501642], [-62.326039, -40.525079], [-62.322133, -40.53045], [-62.308095, -40.539158], [-62.296864, -40.555271], [-62.283681, -40.564386], [-62.26415, -40.551528], [-62.250478, -40.596775], [-62.25064, -40.622247], [-62.267201, -40.633477], [-62.315012, -40.626642], [-62.320139, -40.622735], [-62.335357, -40.604669], [-62.346018, -40.599298], [-62.346913, -40.608575], [-62.345367, -40.616469], [-62.341624, -40.623305], [-62.335439, -40.63006], [-62.328847, -40.640558], [-62.330556, -40.648696], [-62.335683, -40.653497], [-62.339182, -40.653985], [-62.329742, -40.669122], [-62.322377, -40.672947], [-62.244252, -40.636977], [-62.213531, -40.628025], [-62.181549, -40.626642], [-62.193349, -40.637872], [-62.229237, -40.658624], [-62.236806, -40.671319], [-62.238881, -40.686293], [-62.247792, -40.716485], [-62.249827, -40.733087], [-62.254262, -40.746352], [-62.283925, -40.791681], [-62.311269, -40.845798], [-62.337799, -40.872735], [-62.48644, -40.93255], [-62.60676, -40.989841], [-62.674469, -41.011], [-62.691762, -41.02044], [-62.710072, -41.033787], [-62.7294, -41.041111], [-62.751332, -41.044203], [-62.777415, -41.045017], [-62.801625, -41.041681], [-62.810943, -41.044041], [-62.822743, -41.054864], [-62.848866, -41.071873], [-62.86384, -41.085138], [-62.935129, -41.099705], [-63.053578, -41.147149], [-63.099517, -41.15488], [-63.317006, -41.148045], [-63.360463, -41.15838], [-63.384145, -41.161065], [-63.479482, -41.154229], [-63.621816, -41.160903], [-63.779408, -41.158787], [-63.824208, -41.150811], [-63.866689, -41.133722], [-63.966868, -41.060235], [-64.011342, -41.045017], [-64.052887, -41.045994], [-64.062856, -41.041274], [-64.065419, -41.031427], [-64.06135, -41.021417], [-64.052317, -41.007094], [-64.062123, -40.999444], [-64.085317, -41.004083], [-64.112538, -41.012791], [-64.134267, -41.017022], [-64.174306, -41.008966], [-64.417104, -40.91074], [-64.552073, -40.882908], [-64.644765, -40.846449], [-64.734934, -40.830336], [-64.783315, -40.827407], [-64.853261, -40.83294], [-64.885406, -40.830987], [-64.911204, -40.823826], [-64.911977, -40.80877], [-64.893625, -40.798435], [-64.867991, -40.792169], [-64.849924, -40.795099], [-64.854237, -40.812188], [-64.847279, -40.811619], [-64.839467, -40.809259], [-64.833811, -40.806736], [-64.833119, -40.805352], [-64.77302, -40.806085], [-64.755198, -40.804295], [-64.744985, -40.797296], [-64.75357, -40.776544], [-64.783111, -40.767999], [-64.800282, -40.758884], [-64.771637, -40.736505], [-64.796213, -40.723321], [-64.890452, -40.705987], [-64.946523, -40.711358], [-64.981842, -40.723321], [-64.991363, -40.729669], [-64.973297, -40.731541], [-64.940663, -40.724867], [-64.922475, -40.729669], [-64.936391, -40.744724], [-64.932362, -40.753513], [-64.919993, -40.760431], [-64.908844, -40.770115], [-65.010854, -40.767267], [-65.028635, -40.773696], [-65.042063, -40.784845], [-65.121938, -40.833673], [-65.131703, -40.84238], [-65.135325, -40.851658], [-65.134389, -40.873712], [-65.138173, -40.882989], [-65.152455, -40.901625], [-65.163686, -40.923028], [-65.17162, -40.945896], [-65.175689, -40.969171], [-65.17512, -41.010186], [-65.146799, -41.180597], [-65.106842, -41.298761], [-65.104888, -41.329767], [-65.079701, -41.386326], [-65.073354, -41.417657], [-65.061187, -41.448419], [-65.006256, -41.493422], [-64.991363, -41.524102], [-64.993276, -41.552992], [-65.001861, -41.586521], [-65.014556, -41.61712], [-65.028635, -41.637384], [-65.037221, -41.665134], [-65.026763, -41.700942], [-64.998199, -41.757501], [-64.999908, -41.79339], [-65.01769, -41.836358], [-65.059682, -41.90838], [-65.074534, -41.950942], [-65.069569, -41.985772], [-65.054596, -42.010675], [-65.004994, -42.093194], [-64.972401, -42.126886], [-64.935455, -42.153904], [-64.857289, -42.193617], [-64.843984, -42.195733], [-64.822336, -42.194594], [-64.811147, -42.195408], [-64.803049, -42.199151], [-64.78661, -42.209649], [-64.762603, -42.219415], [-64.737294, -42.226658], [-64.71703, -42.229913], [-64.666737, -42.230157], [-64.644154, -42.234633], [-64.624257, -42.247491], [-64.602895, -42.258233], [-64.579457, -42.255955], [-64.555287, -42.248468], [-64.531484, -42.244236], [-64.503977, -42.245538], [-64.490631, -42.24863], [-64.480865, -42.254653], [-64.466664, -42.268487], [-64.464223, -42.275323], [-64.491119, -42.284275], [-64.510894, -42.298761], [-64.587473, -42.38128], [-64.594146, -42.391534], [-64.602284, -42.422052], [-64.59553, -42.430597], [-64.566274, -42.435968], [-64.485748, -42.431248], [-64.445058, -42.44671], [-64.410634, -42.446222], [-64.376088, -42.441583], [-64.353912, -42.435968], [-64.33141, -42.427016], [-64.315541, -42.423028], [-64.127553, -42.432712], [-64.103586, -42.42783], [-64.093251, -42.411716], [-64.088287, -42.409356], [-64.059722, -42.388116], [-64.053212, -42.378595], [-64.051584, -42.372247], [-64.052317, -42.354099], [-64.053212, -42.348728], [-64.058502, -42.343438], [-64.059722, -42.336602], [-64.057525, -42.333754], [-64.052602, -42.331801], [-64.047719, -42.32879], [-64.045481, -42.322686], [-64.047719, -42.310805], [-64.057525, -42.291274], [-64.059722, -42.281671], [-64.06843, -42.269627], [-64.089019, -42.262791], [-64.134267, -42.258396], [-64.242909, -42.262302], [-64.29662, -42.257582], [-64.339711, -42.2374], [-64.306549, -42.224216], [-64.16218, -42.209405], [-64.038987, -42.157542], [-63.95787, -42.113489], [-63.870915, -42.083713], [-63.80996, -42.070174], [-63.768648, -42.077723], [-63.732249, -42.105239], [-63.709625, -42.134373], [-63.678944, -42.194594], [-63.674916, -42.212823], [-63.668324, -42.228611], [-63.65274, -42.241876], [-63.620269, -42.26393], [-63.597971, -42.299981], [-63.590484, -42.341241], [-63.597507, -42.441633], [-63.579335, -42.59295], [-63.592112, -42.633477], [-63.617014, -42.674737], [-63.63329, -42.714614], [-63.620269, -42.751235], [-63.671498, -42.802179], [-63.736643, -42.824802], [-63.941965, -42.859633], [-64.004872, -42.859633], [-64.025624, -42.862237], [-64.069997, -42.878603], [-64.1079, -42.883722], [-64.138539, -42.866957], [-64.16218, -42.846856], [-64.195424, -42.808364], [-64.213979, -42.792169], [-64.233876, -42.785414], [-64.251332, -42.775079], [-64.250966, -42.75213], [-64.242909, -42.728611], [-64.237294, -42.716485], [-64.218617, -42.655938], [-64.206858, -42.648207], [-64.195668, -42.64422], [-64.202382, -42.635431], [-64.224233, -42.620864], [-64.228993, -42.618585], [-64.244049, -42.613458], [-64.249094, -42.609796], [-64.253529, -42.603123], [-64.257721, -42.600356], [-64.294423, -42.585707], [-64.307362, -42.574395], [-64.312367, -42.555759], [-64.322621, -42.542413], [-64.345937, -42.530938], [-64.388051, -42.517267], [-64.437734, -42.506931], [-64.542226, -42.50628], [-64.614858, -42.515313], [-64.639638, -42.521742], [-64.662953, -42.530694], [-64.688344, -42.547133], [-64.723256, -42.552667], [-64.734731, -42.557875], [-64.742299, -42.563084], [-64.786244, -42.608331], [-64.804026, -42.621515], [-64.82315, -42.62713], [-64.873118, -42.630955], [-64.922475, -42.641371], [-64.946034, -42.654229], [-64.958363, -42.669366], [-64.967275, -42.686782], [-64.980824, -42.706231], [-65.012196, -42.731866], [-65.01891, -42.74684], [-65.011871, -42.771091], [-64.997141, -42.784845], [-64.956776, -42.792576], [-64.924469, -42.811293], [-64.860463, -42.826349], [-64.737904, -42.871026], [-64.70401, -42.888442], [-64.665395, -42.915216], [-64.645497, -42.925388], [-64.613759, -42.931329], [-64.590688, -42.940525], [-64.579905, -42.943048], [-64.564809, -42.942804], [-64.538686, -42.937433], [-64.513051, -42.936293], [-64.503163, -42.93727], [-64.494862, -42.940362], [-64.4794, -42.953383], [-64.461578, -42.961196], [-64.453236, -42.967218], [-64.433461, -42.976332], [-64.408111, -42.97617], [-64.328277, -42.951837], [-64.315785, -42.950453], [-64.315053, -42.954848], [-64.302113, -42.98089], [-64.306711, -42.993585], [-64.328196, -43.009861], [-64.447581, -43.068617], [-64.565297, -43.104099], [-64.765248, -43.147393], [-64.943918, -43.239435], [-64.975413, -43.269464], [-64.994985, -43.28338], [-65.015289, -43.294122], [-65.032338, -43.299412], [-65.043365, -43.321547], [-65.042144, -43.339451], [-65.036041, -43.356703], [-65.032338, -43.378106], [-65.039052, -43.395603], [-65.055043, -43.406834], [-65.074127, -43.415704], [-65.155263, -43.478123], [-65.192698, -43.529718], [-65.209828, -43.546319], [-65.263539, -43.581801], [-65.27538, -43.587335], [-65.313547, -43.638279], [-65.316762, -43.64837], [-65.3308, -43.663344], [-65.334055, -43.672621], [-65.332387, -43.730727], [-65.32726, -43.74627], [-65.30606, -43.779067], [-65.311879, -43.79225], [-65.317372, -43.813084], [-65.318227, -43.832208], [-65.309804, -43.84059], [-65.296498, -43.848077], [-65.288401, -43.865167], [-65.282379, -43.884535], [-65.27538, -43.898614], [-65.270985, -43.912774], [-65.275543, -43.951104], [-65.271962, -43.964044], [-65.258127, -43.967543], [-65.239329, -43.963311], [-65.22861, -43.975253], [-65.251859, -43.988134], [-65.242785, -44.010846], [-65.241977, -44.027267], [-65.222374, -44.036896], [-65.186708, -44.035539], [-65.211487, -44.050429], [-65.232083, -44.067435], [-65.237864, -44.084161], [-65.236167, -44.09911], [-65.233868, -44.113498], [-65.22124, -44.118869], [-65.214817, -44.137435], [-65.230747, -44.143263], [-65.262322, -44.147756], [-65.282567, -44.154517], [-65.298766, -44.166479], [-65.308708, -44.200085], [-65.306828, -44.224712], [-65.304724, -44.240089], [-65.29153, -44.254899], [-65.284614, -44.262079], [-65.276519, -44.265558], [-65.267985, -44.27227], [-65.271962, -44.282403], [-65.26871, -44.291016], [-65.265866, -44.30141], [-65.252339, -44.307321], [-65.256563, -44.314744], [-65.258204, -44.323158], [-65.246195, -44.334667], [-65.229116, -44.334072], [-65.221412, -44.338449], [-65.221085, -44.355997], [-65.216885, -44.36641], [-65.228852, -44.370401], [-65.234435, -44.379214], [-65.235383, -44.386704], [-65.2479, -44.387865], [-65.259741, -44.38857], [-65.265914, -44.395012], [-65.270284, -44.405716], [-65.279516, -44.406941], [-65.285657, -44.412416], [-65.279271, -44.416764], [-65.278822, -44.421934], [-65.287437, -44.424112], [-65.289498, -44.426418], [-65.282399, -44.429373], [-65.285809, -44.43259], [-65.296915, -44.431433], [-65.304571, -44.42612], [-65.309908, -44.42836], [-65.311447, -44.433959], [-65.305777, -44.439702], [-65.309268, -44.444793], [-65.315917, -44.447005], [-65.320703, -44.451599], [-65.328664, -44.453785], [-65.33159, -44.46076], [-65.326497, -44.464146], [-65.315414, -44.465777], [-65.311687, -44.471015], [-65.314186, -44.476455], [-65.319032, -44.482457], [-65.321906, -44.488498], [-65.313587, -44.494293], [-65.307597, -44.492538], [-65.300986, -44.491734], [-65.296292, -44.489483], [-65.282601, -44.492576], [-65.282825, -44.498202], [-65.288289, -44.503254], [-65.28718, -44.508438], [-65.28006, -44.511397], [-65.279278, -44.516263], [-65.289902, -44.518396], [-65.302972, -44.515784], [-65.309029, -44.518947], [-65.312511, -44.52357], [-65.314771, -44.530566], [-65.320135, -44.532804], [-65.323838, -44.526626], [-65.320783, -44.51636], [-65.32571, -44.508278], [-65.337474, -44.507094], [-65.348673, -44.509204], [-65.3528, -44.514744], [-65.358693, -44.515087], [-65.365151, -44.513073], [-65.373102, -44.516183], [-65.374597, -44.521306], [-65.369496, -44.529555], [-65.36148, -44.533868], [-65.361225, -44.540394], [-65.369907, -44.543497], [-65.380887, -44.541367], [-65.388318, -44.545436], [-65.393308, -44.551922], [-65.390563, -44.560939], [-65.38027, -44.567258], [-65.371697, -44.567435], [-65.365504, -44.572988], [-65.356328, -44.574118], [-65.358553, -44.580172], [-65.368679, -44.586062], [-65.373926, -44.585483], [-65.375513, -44.576064], [-65.382772, -44.576381], [-65.388214, -44.58049], [-65.39176, -44.586516], [-65.394708, -44.593964], [-65.400437, -44.589149], [-65.4082, -44.585699], [-65.410439, -44.576266], [-65.416901, -44.573311], [-65.420929, -44.575102], [-65.424157, -44.573624], [-65.429256, -44.569757], [-65.43797, -44.573324], [-65.449933, -44.57588], [-65.461812, -44.576558], [-65.465365, -44.582581], [-65.465741, -44.591024], [-65.460915, -44.600993], [-65.475379, -44.600208], [-65.479565, -44.605284], [-65.499954, -44.604364], [-65.542739, -44.619593], [-65.578296, -44.647885], [-65.598515, -44.642744], [-65.643208, -44.668], [-65.660471, -44.683038], [-65.670968, -44.697386], [-65.679252, -44.70517], [-65.685539, -44.71253], [-65.695831, -44.73481], [-65.693174, -44.76256], [-65.695229, -44.777999], [-65.699879, -44.792438], [-65.704264, -44.801252], [-65.717604, -44.804209], [-65.7271, -44.809605], [-65.726779, -44.830265], [-65.718454, -44.835639], [-65.724534, -44.838762], [-65.728255, -44.847582], [-65.715443, -44.869963], [-65.697776, -44.874152], [-65.685825, -44.873498], [-65.682051, -44.877807], [-65.674133, -44.878461], [-65.669723, -44.883262], [-65.664727, -44.889932], [-65.648142, -44.88938], [-65.648164, -44.889847], [-65.634013, -44.884558], [-65.617521, -44.888432], [-65.59813, -44.89922], [-65.572916, -44.895829], [-65.55295, -44.911024], [-65.535262, -44.915635], [-65.5214, -44.931898], [-65.534088, -44.933968], [-65.547856, -44.945395], [-65.560009, -44.950287], [-65.56494, -44.956748], [-65.573783, -44.961713], [-65.586881, -44.958138], [-65.595189, -44.965928], [-65.605436, -44.972741], [-65.600007, -44.984592], [-65.587828, -44.993778], [-65.583809, -45.007472], [-65.600899, -45.004273], [-65.611913, -44.998867], [-65.622232, -45.007071], [-65.617224, -45.013281], [-65.602643, -45.027687], [-65.64338, -45.047392], [-65.664414, -45.042682], [-65.685056, -45.044538], [-65.690619, -45.062721], [-65.734614, -45.035336], [-65.751375, -45.023646], [-65.78595, -45.027132], [-65.803186, -45.027571], [-65.817397, -45.04029], [-65.830687, -45.034744], [-65.828573, -45.016527], [-65.841592, -45.003216], [-65.856419, -45.004583], [-65.872371, -45.003322], [-65.889807, -45.008085], [-65.890691, -45.026315], [-65.887659, -45.039444], [-65.908598, -45.038927], [-65.936238, -45.048684], [-65.96422, -45.041877], [-65.985354, -45.022186], [-66.016357, -45.003107], [-66.044709, -45.004093], [-66.110308, -44.988412], [-66.168574, -44.996397], [-66.200367, -44.992919], [-66.22134, -45.015815], [-66.259585, -45.039096], [-66.281579, -45.057603], [-66.300695, -45.047486], [-66.315293, -45.044454], [-66.336188, -45.043846], [-66.349707, -45.04345], [-66.367171, -45.047286], [-66.372551, -45.054956], [-66.393349, -45.052597], [-66.40407, -45.063627], [-66.46772, -45.077016], [-66.49659, -45.088382], [-66.523873, -45.108972], [-66.525301, -45.13188], [-66.476051, -45.142571], [-66.454758, -45.149341], [-66.473302, -45.168674], [-66.571422, -45.14117], [-66.587799, -45.139337], [-66.588214, -45.166662], [-66.543102, -45.174187], [-66.522573, -45.193185], [-66.523997, -45.216097], [-66.560859, -45.214958], [-66.669515, -45.21459], [-66.785768, -45.229183], [-66.868921, -45.235597], [-66.929266, -45.256534], [-66.961214, -45.276887], [-67.009267, -45.303888], [-67.064795, -45.349949], [-67.09638, -45.391804], [-67.133975, -45.425778], [-67.167351, -45.461436], [-67.201329, -45.50175], [-67.223329, -45.528678], [-67.269805, -45.560826], [-67.293691, -45.589939], [-67.307769, -45.601495], [-67.331925, -45.613491], [-67.344589, -45.633277], [-67.356285, -45.658965], [-67.356231, -45.689884], [-67.354426, -45.705799], [-67.335113, -45.718845], [-67.339833, -45.728692], [-67.346262, -45.733982], [-67.363904, -45.735683], [-67.36443, -45.749871], [-67.369677, -45.762302], [-67.36873, -45.769], [-67.360636, -45.776662], [-67.364597, -45.78661], [-67.377065, -45.794122], [-67.397088, -45.791031], [-67.427672, -45.807998], [-67.442418, -45.817742], [-67.455874, -45.825003], [-67.474024, -45.862213], [-67.50474, -45.878346], [-67.515102, -45.897353], [-67.536243, -45.916143], [-67.547732, -45.933446], [-67.533111, -45.958266], [-67.55757, -45.967516], [-67.578481, -45.992852], [-67.581654, -46.000014], [-67.613515, -46.071873], [-67.621205, -46.099542], [-67.62442, -46.13006], [-67.622467, -46.163751], [-67.574696, -46.322035], [-67.540883, -46.4013], [-67.518137, -46.438165], [-67.42322, -46.567419], [-67.365079, -46.606216], [-67.336498, -46.625192], [-67.287424, -46.636163], [-67.256271, -46.643422], [-67.246061, -46.651619], [-67.232086, -46.670994], [-67.19364, -46.691004], [-67.152432, -46.697137], [-67.129995, -46.706596], [-67.115387, -46.736017], [-67.082107, -46.757094], [-67.047402, -46.79563], [-67.033193, -46.819106], [-67.022572, -46.821222], [-67.009267, -46.82171], [-66.999827, -46.824884], [-66.990224, -46.839044], [-66.982289, -46.842218], [-66.971995, -46.848321], [-66.883046, -46.918715], [-66.824574, -46.981378], [-66.786448, -47.006606], [-66.699245, -47.037744], [-66.661064, -47.035684], [-66.628795, -47.051218], [-66.587799, -47.040785], [-66.567494, -47.048028], [-66.547027, -47.046482], [-66.526275, -47.042087], [-66.505238, -47.040785], [-66.489329, -47.045017], [-66.456776, -47.058364], [-66.440663, -47.061293], [-66.38565, -47.057794], [-66.368723, -47.061293], [-66.358225, -47.06699], [-66.304279, -47.073792], [-66.200493, -47.089587], [-66.085805, -47.082615], [-66.028798, -47.067315], [-66.003285, -47.063572], [-65.979563, -47.066176], [-65.919291, -47.093916], [-65.881156, -47.096555], [-65.858063, -47.113407], [-65.847381, -47.139687], [-65.824083, -47.153302], [-65.805816, -47.168064], [-65.796457, -47.174249], [-65.744902, -47.204164], [-65.755355, -47.223452], [-65.737745, -47.277581], [-65.724314, -47.309563], [-65.713014, -47.341497], [-65.726797, -47.408848], [-65.735665, -47.509535], [-65.761854, -47.568057], [-65.790702, -47.632706], [-65.845626, -47.742206], [-65.865134, -47.749906], [-65.89495, -47.750664], [-65.921897, -47.746529], [-65.972873, -47.740987], [-66.032064, -47.739525], [-66.06193, -47.758159], [-66.095621, -47.787457], [-66.121964, -47.799705], [-66.148011, -47.806566], [-66.210439, -47.828546], [-66.273915, -47.85947], [-66.296376, -47.863865], [-66.373443, -47.861261], [-66.38915, -47.863865], [-66.340647, -47.875177], [-66.301096, -47.872491], [-66.22411, -47.842706], [-66.199778, -47.838067], [-66.144443, -47.828202], [-66.049371, -47.791864], [-66.022572, -47.770993], [-65.974144, -47.76465], [-65.92935, -47.767621], [-65.901824, -47.76995], [-65.884628, -47.78383], [-65.867213, -47.835077], [-65.853409, -47.87959], [-65.827039, -47.898533], [-65.790356, -47.904777], [-65.761739, -47.911908], [-65.788153, -47.925314], [-65.795121, -47.935934], [-65.774588, -47.943957], [-65.761952, -47.948552], [-65.786331, -47.953389], [-65.812447, -47.960328], [-65.836742, -47.962991], [-65.847068, -47.944417], [-65.899559, -47.93238], [-65.927385, -47.941409], [-65.946214, -47.962502], [-65.952009, -47.980692], [-65.929991, -47.990951], [-65.936879, -48.015802], [-65.940419, -48.020929], [-65.946889, -48.0263], [-65.948964, -48.038263], [-65.968445, -48.047168], [-65.964131, -48.056988], [-65.937477, -48.071686], [-65.903188, -48.078546], [-65.897688, -48.094456], [-65.917237, -48.113814], [-65.944971, -48.117797], [-65.95316, -48.104755], [-65.971675, -48.099449], [-65.990079, -48.107209], [-66.015208, -48.106471], [-66.061526, -48.110135], [-66.090059, -48.116262], [-66.108632, -48.123305], [-66.132011, -48.13634], [-66.140071, -48.160238], [-66.152769, -48.174898], [-66.159535, -48.185317], [-66.201298, -48.198859], [-66.238287, -48.208923], [-66.264812, -48.242779], [-66.300852, -48.251886], [-66.316884, -48.264255], [-66.336781, -48.28631], [-66.354988, -48.321216], [-66.341115, -48.352725], [-66.352843, -48.356139], [-66.38626, -48.351175], [-66.42096, -48.350384], [-66.448598, -48.350274], [-66.451568, -48.355076], [-66.469558, -48.364932], [-66.463808, -48.378768], [-66.46849, -48.400275], [-66.501056, -48.413988], [-66.544972, -48.423967], [-66.576229, -48.423902], [-66.65099, -48.431085], [-66.693367, -48.455088], [-66.749835, -48.475292], [-66.773354, -48.494181], [-66.809201, -48.512683], [-66.838278, -48.539571], [-66.857812, -48.548307], [-66.860388, -48.569846], [-66.866435, -48.589834], [-66.889773, -48.595895], [-66.915484, -48.604257], [-66.986923, -48.611698], [-67.044133, -48.644237], [-67.114348, -48.67375], [-67.136752, -48.692801], [-67.145793, -48.742427], [-67.184636, -48.771577], [-67.193231, -48.796106], [-67.198285, -48.818353], [-67.247808, -48.845645], [-67.32184, -48.867347], [-67.405737, -48.904235], [-67.556549, -49.015817], [-67.574942, -49.047866], [-67.589932, -49.084586], [-67.596359, -49.106797], [-67.615431, -49.118114], [-67.632558, -49.129978], [-67.635198, -49.155545], [-67.615367, -49.161143], [-67.60993, -49.178107], [-67.624135, -49.184828], [-67.631703, -49.190606], [-67.650136, -49.195977], [-67.655873, -49.204034], [-67.660308, -49.213962], [-67.668344, -49.224041], [-67.67536, -49.248789], [-67.702501, -49.267509], [-67.73233, -49.274672], [-67.72289, -49.284356], [-67.710683, -49.293715], [-67.704172, -49.303888], [-67.711903, -49.315606], [-67.726308, -49.318129], [-67.739809, -49.327546], [-67.757802, -49.334781], [-67.745366, -49.342422], [-67.745779, -49.355693], [-67.774312, -49.374408], [-67.830881, -49.379571], [-67.832509, -49.385431], [-67.81428, -49.39129], [-67.793121, -49.391778], [-67.725184, -49.390746], [-67.697895, -49.37196], [-67.682888, -49.336479], [-67.684695, -49.309965], [-67.669077, -49.296065], [-67.663207, -49.267153], [-67.645741, -49.252048], [-67.63683, -49.247247], [-67.622182, -49.250746], [-67.607655, -49.265069], [-67.607847, -49.284314], [-67.611405, -49.323193], [-67.65331, -49.37713], [-67.656646, -49.394708], [-67.676387, -49.461939], [-67.700063, -49.534275], [-67.706288, -49.562107], [-67.706249, -49.606033], [-67.713549, -49.629656], [-67.717998, -49.670551], [-67.712538, -49.685549], [-67.732012, -49.781302], [-67.763173, -49.848403], [-67.771718, -49.870864], [-67.786855, -49.892185], [-67.793813, -49.905369], [-67.798899, -49.909845], [-67.833207, -49.95454], [-67.894927, -49.996875], [-67.982175, -50.043199], [-68.07635, -50.087268], [-68.170109, -50.114034], [-68.258367, -50.124647], [-68.328277, -50.120212], [-68.341868, -50.117608], [-68.351918, -50.110528], [-68.376617, -50.083429], [-68.399497, -50.075316], [-68.421953, -50.051189], [-68.436196, -50.031526], [-68.445116, -50.005492], [-68.462453, -49.980391], [-68.486636, -49.959471], [-68.520949, -49.940524], [-68.54186, -49.915623], [-68.548941, -49.893676], [-68.569066, -49.858819], [-68.594667, -49.834627], [-68.641265, -49.774591], [-68.654042, -49.757908], [-68.672231, -49.745782], [-68.69579, -49.73561], [-68.719879, -49.729099], [-68.739735, -49.727716], [-68.677113, -49.755792], [-68.664052, -49.767511], [-68.658111, -49.782647], [-68.630606, -49.81777], [-68.59578, -49.858307], [-68.577798, -49.902826], [-68.577272, -49.927616], [-68.593088, -49.937595], [-68.626454, -49.953058], [-68.650136, -49.958185], [-68.674387, -49.968357], [-68.701446, -49.970391], [-68.742988, -49.964154], [-68.803574, -49.968313], [-68.875379, -49.962495], [-68.913342, -49.981101], [-68.945966, -49.99123], [-68.974924, -49.991876], [-69.013499, -50.007745], [-69.013499, -50.015232], [-69.008372, -50.015558], [-68.998036, -50.014907], [-68.992991, -50.015232], [-68.96996, -50.013767], [-68.915013, -50.011266], [-68.881907, -49.992608], [-68.856028, -49.983494], [-68.842152, -49.981052], [-68.82901, -49.981541], [-68.80107, -49.984534], [-68.769055, -49.98195], [-68.717455, -49.989457], [-68.670842, -49.994726], [-68.638987, -49.984308], [-68.601185, -49.97254], [-68.58347, -49.970337], [-68.567731, -49.974145], [-68.559602, -49.979682], [-68.552113, -49.999688], [-68.532322, -50.008343], [-68.518851, -50.015666], [-68.518967, -50.025113], [-68.518024, -50.039668], [-68.511502, -50.060768], [-68.493754, -50.080114], [-68.466663, -50.100132], [-68.445263, -50.109667], [-68.419245, -50.111951], [-68.402984, -50.116976], [-68.391114, -50.129013], [-68.363129, -50.134241], [-68.349873, -50.14881], [-68.362099, -50.169314], [-68.395904, -50.17783], [-68.418324, -50.191827], [-68.4381, -50.200779], [-68.614358, -50.252022], [-68.736649, -50.291434], [-68.76733, -50.288675], [-68.791679, -50.303877], [-68.794653, -50.317526], [-68.825519, -50.324133], [-68.840255, -50.32573], [-68.856219, -50.322189], [-68.876429, -50.330572], [-68.880938, -50.352756], [-68.899892, -50.361993], [-68.94631, -50.404343], [-68.975079, -50.428908], [-68.989613, -50.451593], [-69.009873, -50.477244], [-69.043866, -50.515472], [-69.060048, -50.541335], [-69.076519, -50.560172], [-69.079908, -50.604537], [-69.12267, -50.679864], [-69.142405, -50.719496], [-69.149973, -50.74212], [-69.147532, -50.758722], [-69.132571, -50.784003], [-69.127267, -50.846726], [-69.128064, -50.878058], [-69.1368, -50.903481], [-69.159068, -50.915642], [-69.205873, -50.935583], [-69.260487, -50.974216], [-69.347808, -51.01865], [-69.390126, -51.048517], [-69.410715, -51.083917], [-69.380727, -51.064874], [-69.323264, -51.032376], [-69.288083, -51.015769], [-69.227731, -50.992143], [-69.196662, -50.980362], [-69.167778, -50.978225], [-69.158668, -50.996462], [-69.15746, -51.01572], [-69.145416, -51.057224], [-69.123697, -51.134538], [-69.108451, -51.184337], [-69.104177, -51.214858], [-69.086903, -51.235284], [-69.079254, -51.277602], [-69.062652, -51.321466], [-68.963735, -51.500746], [-68.956207, -51.522231], [-68.954457, -51.542901], [-68.962554, -51.560154], [-68.981842, -51.571547], [-68.99942, -51.569268], [-69.019765, -51.563165], [-69.047597, -51.563165], [-69.068756, -51.572361], [-69.101308, -51.599216], [-69.119618, -51.60475], [-69.147532, -51.603285], [-69.171864, -51.599379], [-69.284332, -51.559747], [-69.360097, -51.555759], [-69.377187, -51.556899], [-69.388783, -51.559666], [-69.418121, -51.570571], [-69.474273, -51.575291], [-69.499908, -51.580255], [-69.545562, -51.60589], [-69.594146, -51.616632], [-69.616811, -51.625177], [-69.398721, -51.592601], [-69.35299, -51.58837], [-69.304559, -51.59349], [-69.200668, -51.620492], [-69.156982, -51.634883], [-69.16478, -51.651759], [-69.218902, -51.680434], [-69.218902, -51.6867], [-69.198964, -51.686619], [-69.180653, -51.681573], [-69.098084, -51.653131], [-69.055381, -51.629866], [-69.02892, -51.61419], [-69.000663, -51.61135], [-68.973511, -51.619952], [-68.935928, -51.645516], [-68.873158, -51.758966], [-68.826709, -51.803748], [-68.753071, -51.914724], [-68.685059, -52.005006], [-68.521596, -52.163507], [-68.397921, -52.275234], [-68.365611, -52.306204], [-68.354809, -52.324978], [-68.362472, -52.339072], [-68.390138, -52.357871], [-68.407053, -52.371024], [-68.417815, -52.386052], [-68.434748, -52.390749], [-68.442451, -52.379481], [-68.436297, -52.366335], [-68.44861, -52.346617], [-68.448208, -52.310394], [-68.454499, -52.299907], [-68.477805, -52.29536], [-68.556818, -52.283681], [-68.573148, -52.28027], [-68.603586, -52.267971], [-68.621724, -52.26363], [-68.820497, -52.243167], [-68.85866, -52.233245], [-69.007566, -52.179088], [-69.212256, -52.137953], [-69.485289, -52.132476], [-69.663934, -52.084727], [-69.83333, -52.039355], [-69.952754, -52.007419], [-70.033757, -52.006592], [-70.259247, -52.004628], [-70.484711, -52.002664], [-70.710149, -52.000701], [-70.935691, -51.998737], [-71.161156, -51.996773], [-71.38662, -51.994706], [-71.612136, -51.992743], [-71.8376, -51.990779], [-71.917699, -51.990055], [-71.965241, -51.970625], [-71.960228, -51.92794], [-71.948498, -51.896004], [-71.958471, -51.867996], [-71.981726, -51.844948], [-72.009838, -51.827791], [-72.072624, -51.778595], [-72.142129, -51.739425], [-72.187088, -51.720718], [-72.281139, -51.701494], [-72.300724, -51.691469], [-72.31416, -51.671522], [-72.32279, -51.616228], [-72.330903, -51.599382], [-72.351522, -51.583465], [-72.375707, -51.579538], [-72.40201, -51.579745], [-72.42914, -51.576024], [-72.450069, -51.552666], [-72.422319, -51.522384], [-72.351212, -51.475978], [-72.348318, -51.46833], [-72.349093, -51.459028], [-72.351057, -51.449417], [-72.351729, -51.440425], [-72.348318, -51.430503], [-72.341704, -51.422958], [-72.334469, -51.416344], [-72.328991, -51.408799], [-72.323565, -51.390816], [-72.323307, -51.334488], [-72.320465, -51.312577], [-72.313437, -51.298005], [-72.270494, -51.259557], [-72.258815, -51.245191], [-72.257574, -51.230619], [-72.273956, -51.216769], [-72.349455, -51.183903], [-72.382218, -51.160597], [-72.403095, -51.126077], [-72.404594, -51.10582], [-72.396532, -51.092074], [-72.368162, -51.066649], [-72.350747, -51.046702], [-72.338603, -51.036987], [-72.32248, -51.032646], [-72.293438, -51.029236], [-72.277056, -51.007325], [-72.265946, -50.960713], [-72.256748, -50.875136], [-72.263466, -50.836276], [-72.283929, -50.810644], [-72.311163, -50.788733], [-72.338138, -50.760621], [-72.347388, -50.743155], [-72.347698, -50.728995], [-72.34098, -50.715146], [-72.30491, -50.664917], [-72.302843, -50.648897], [-72.321912, -50.641559], [-72.345218, -50.637321], [-72.383355, -50.620268], [-72.505983, -50.601251], [-72.549133, -50.615101], [-72.618121, -50.666777], [-72.662614, -50.667811], [-72.682665, -50.659542], [-72.733514, -50.624299], [-72.755787, -50.616444], [-72.778421, -50.619648], [-72.902858, -50.66657], [-72.938411, -50.685381], [-73.010087, -50.736437], [-73.051738, -50.757831], [-73.096076, -50.770647], [-73.139484, -50.770233], [-73.177725, -50.749459], [-73.186717, -50.716696], [-73.18527, -50.678456], [-73.192246, -50.641352], [-73.202685, -50.626469], [-73.244904, -50.589469], [-73.257617, -50.573036], [-73.261854, -50.556603], [-73.261803, -50.499035], [-73.27405, -50.445188], [-73.275755, -50.425551], [-73.272758, -50.384727], [-73.274205, -50.36447], [-73.284333, -50.333051], [-73.301438, -50.299564], [-73.322936, -50.268352], [-73.346345, -50.24365], [-73.365104, -50.231972], [-73.405825, -50.216985], [-73.530572, -50.140814], [-73.541475, -50.113736], [-73.531502, -50.083143], [-73.480756, -50.022682], [-73.478585, -50.009453], [-73.487474, -49.991159], [-73.500212, -49.978654], [-73.554446, -49.947131], [-73.57274, -49.932352], [-73.568399, -49.920053], [-73.553981, -49.908064], [-73.54194, -49.894524], [-73.538271, -49.876748], [-73.53884, -49.861555], [-73.534499, -49.847602], [-73.482107, -49.811737], [-73.462979, -49.787141], [-73.465098, -49.759959], [-73.19675, -49.682423], [-73.133517, -49.621015], [-73.059745, -49.554971], [-73.057424, -49.47592], [-73.084335, -49.422615], [-73.118652, -49.392427], [-73.108926, -49.310518], [-73.098247, -49.272754], [-73.097627, -49.266552], [-73.162584, -49.258181], [-73.170448, -49.25087], [-73.183151, -49.239061], [-73.18434, -49.214256], [-73.171317, -49.189348], [-73.107187, -49.134881], [-73.09711, -49.121342], [-73.094836, -49.108733], [-73.095094, -49.095813], [-73.092252, -49.081034], [-73.078558, -49.05871], [-73.01758, -48.998248], [-73.017476, -48.998248], [-73.009725, -48.990394], [-72.969624, -48.964349], [-72.922237, -48.952256], [-72.82493, -48.944505], [-72.781212, -48.93386], [-72.742919, -48.913809], [-72.671968, -48.862959], [-72.618793, -48.819655], [-72.592334, -48.791129], [-72.582154, -48.760537], [-72.57802, -48.721883], [-72.584221, -48.615946], [-72.606597, -48.560962], [-72.61471, -48.510009], [-72.57678, -48.452132], [-72.537867, -48.431255], [-72.496475, -48.415132], [-72.433119, -48.400352], [-72.416738, -48.391154], [-72.388678, -48.364282], [-72.377154, -48.350329], [-72.371418, -48.346402], [-72.358654, -48.342991], [-72.344856, -48.343715], [-72.3154, -48.350329], [-72.302326, -48.347539], [-72.295092, -48.333276], [-72.303721, -48.316016], [-72.317571, -48.298963], [-72.325632, -48.285527], [-72.324134, -48.268577], [-72.311525, -48.230957], [-72.309509, -48.211216], [-72.333229, -48.09081], [-72.343047, -48.07045], [-72.37705, -48.062181], [-72.388006, -48.057841], [-72.395447, -48.050916], [-72.397773, -48.042338], [-72.398858, -48.033243], [-72.402578, -48.024148], [-72.419167, -48.009575], [-72.436892, -48.004201], [-72.456115, -48.0011], [-72.477458, -47.993762], [-72.509445, -47.972988], [-72.535284, -47.945806], [-72.543914, -47.9148], [-72.524225, -47.882658], [-72.500454, -47.852892], [-72.474409, -47.782819], [-72.457304, -47.749126], [-72.362839, -47.635024], [-72.351729, -47.618281], [-72.344443, -47.602261], [-72.339947, -47.585208], [-72.33757, -47.565674], [-72.319638, -47.511931], [-72.320878, -47.498392], [-72.337518, -47.487953], [-72.358292, -47.483405], [-72.370487, -47.474517], [-72.361186, -47.450953], [-72.346613, -47.436277], [-72.328733, -47.426458], [-72.288167, -47.414986], [-72.262949, -47.413849], [-72.209154, -47.420257], [-72.187346, -47.417466], [-72.170551, -47.407544], [-72.145385, -47.38181], [-72.057948, -47.311943], [-72.038156, -47.287035], [-72.029423, -47.269672], [-72.03056, -47.259647], [-72.036709, -47.249621], [-72.043169, -47.232878], [-72.045133, -47.215825], [-72.041464, -47.203733], [-72.030301, -47.197531], [-72.009838, -47.198152], [-71.945811, -47.22771], [-71.912531, -47.234532], [-71.880698, -47.221923], [-71.863283, -47.196601], [-71.86256, -47.168903], [-71.874135, -47.142548], [-71.893462, -47.12136], [-71.920282, -47.106788], [-71.984309, -47.080536], [-72.005187, -47.061932], [-71.999967, -47.042192], [-71.9347, -47.01439], [-71.914805, -46.998474], [-71.92669, -46.983798], [-71.960228, -46.962197], [-71.970357, -46.948451], [-71.969633, -46.933982], [-71.9532, -46.87476], [-71.948653, -46.867526], [-71.941831, -46.860911], [-71.936199, -46.854297], [-71.935372, -46.846132], [-71.940023, -46.838277], [-71.946224, -46.831146], [-71.95072, -46.823601], [-71.9501, -46.813989], [-71.934132, -46.79952], [-71.907467, -46.794869], [-71.85579, -46.794455], [-71.834086, -46.788564], [-71.819565, -46.778952], [-71.79321, -46.751047], [-71.776002, -46.738128], [-71.720191, -46.715597], [-71.68717, -46.690069], [-71.680194, -46.65958], [-71.695542, -46.587129], [-71.693216, -46.569146], [-71.685775, -46.55385], [-71.680504, -46.53814], [-71.684896, -46.519227], [-71.751869, -46.393033], [-71.761584, -46.357996], [-71.762928, -46.318515], [-71.759259, -46.272937], [-71.763341, -46.244515], [-71.782771, -46.224671], [-71.842923, -46.196146], [-71.891292, -46.162969], [-71.90049, -46.158938], [-71.909482, -46.156665], [-71.914701, -46.152324], [-71.912634, -46.142092], [-71.904469, -46.136304], [-71.890517, -46.13341], [-71.816361, -46.126796], [-71.79228, -46.121938], [-71.770162, -46.112636], [-71.755951, -46.100647], [-71.735436, -46.071192], [-71.723498, -46.057653], [-71.649163, -45.999414], [-71.612291, -45.970526], [-71.624383, -45.934146], [-71.641333, -45.905724], [-71.665879, -45.88402], [-71.700864, -45.868517], [-71.743187, -45.857562], [-71.758483, -45.848156], [-71.764891, -45.831], [-71.760085, -45.81591], [-71.751455, -45.801854], [-71.749027, -45.786765], [-71.762876, -45.768678], [-71.789076, -45.750901], [-71.798533, -45.739946], [-71.801788, -45.72403], [-71.799515, -45.717105], [-71.78365, -45.698501], [-71.780498, -45.689406], [-71.78272, -45.682895], [-71.786389, -45.676901], [-71.787939, -45.669459], [-71.785872, -45.653026], [-71.78241, -45.641761], [-71.764581, -45.616543], [-71.758845, -45.611685], [-71.751507, -45.606621], [-71.745254, -45.600936], [-71.742825, -45.594322], [-71.746546, -45.587294], [-71.761739, -45.576235], [-71.765098, -45.572411], [-71.749595, -45.54926], [-71.713732, -45.53324], [-71.67208, -45.523628], [-71.639214, -45.520011], [-71.5617, -45.523938], [-71.525836, -45.518978], [-71.489094, -45.498514], [-71.478139, -45.482701], [-71.481343, -45.467921], [-71.5016, -45.438776], [-71.510333, -45.418415], [-71.508318, -45.40839], [-71.407911, -45.378728], [-71.389359, -45.37077], [-71.374321, -45.359194], [-71.350756, -45.332839], [-71.334323, -45.322814], [-71.311534, -45.299456], [-71.317167, -45.26721], [-71.338612, -45.23424], [-71.363262, -45.208816], [-71.395405, -45.185975], [-71.448942, -45.159], [-71.487182, -45.123343], [-71.497052, -45.111664], [-71.515139, -45.065775], [-71.555188, -45.005831], [-71.588726, -44.978132], [-71.62397, -44.974928], [-71.661693, -44.979166], [-71.702363, -44.973688], [-71.718641, -44.964386], [-71.744841, -44.940615], [-71.759879, -44.93183], [-71.782461, -44.927386], [-71.805664, -44.929246], [-71.828453, -44.935241], [-71.849744, -44.943405], [-71.889432, -44.94723], [-71.929481, -44.933794], [-71.969685, -44.915293], [-72.009838, -44.904545], [-72.053297, -44.906819], [-72.073503, -44.902168], [-72.080944, -44.886561], [-72.074847, -44.853178], [-72.074123, -44.837055], [-72.088748, -44.782795], [-72.076242, -44.760781], [-72.04782, -44.754786], [-72.009838, -44.765535], [-71.987617, -44.77246], [-71.85455, -44.79096], [-71.831399, -44.788169], [-71.813209, -44.778558], [-71.801013, -44.766775], [-71.786905, -44.757267], [-71.762669, -44.754373], [-71.739983, -44.75768], [-71.672649, -44.778558], [-71.631204, -44.780005], [-71.540409, -44.750446], [-71.497104, -44.742901], [-71.457106, -44.752203], [-71.378868, -44.79189], [-71.335977, -44.801605], [-71.29784, -44.795611], [-71.262803, -44.777111], [-71.238153, -44.747862], [-71.231022, -44.709518], [-71.23929, -44.674378], [-71.240634, -44.658152], [-71.234898, -44.638825], [-71.2134, -44.607095], [-71.199396, -44.591696], [-71.188802, -44.584771], [-71.167253, -44.584151], [-71.147358, -44.580844], [-71.131648, -44.570612], [-71.122398, -44.549424], [-71.122657, -44.530304], [-71.130615, -44.520382], [-71.142655, -44.512321], [-71.155419, -44.498575], [-71.162654, -44.481418], [-71.165651, -44.466329], [-71.171336, -44.452169], [-71.186322, -44.43801], [-71.209783, -44.427571], [-71.235001, -44.423851], [-71.286833, -44.423334], [-71.437831, -44.401526], [-71.643193, -44.40256], [-71.694353, -44.393362], [-71.737813, -44.393362], [-71.780704, -44.402663], [-71.822045, -44.40318], [-71.860596, -44.377135], [-71.864162, -44.359152], [-71.847574, -44.348093], [-71.824991, -44.340652], [-71.810418, -44.333624], [-71.80401, -44.314813], [-71.811658, -44.300551], [-71.823957, -44.286805], [-71.831812, -44.270165], [-71.827937, -44.252078], [-71.806284, -44.222519], [-71.805096, -44.205156], [-71.812485, -44.187793], [-71.84406, -44.145315], [-71.858736, -44.107798], [-71.835223, -44.094362], [-71.79569, -44.08599], [-71.762204, -44.064079], [-71.74526, -44.044998], [-71.6696, -43.959796], [-71.659265, -43.939746], [-71.659885, -43.92631], [-71.715799, -43.858717], [-71.728718, -43.846211], [-71.736883, -43.841767], [-71.755796, -43.834533], [-71.761842, -43.828435], [-71.764271, -43.817273], [-71.760809, -43.809625], [-71.755641, -43.8027], [-71.752954, -43.793605], [-71.755021, -43.771384], [-71.762049, -43.768904], [-71.775537, -43.775621], [-71.797137, -43.780789], [-71.815483, -43.774381], [-71.819203, -43.758051], [-71.813415, -43.739448], [-71.803235, -43.726012], [-71.786389, -43.717227], [-71.744324, -43.705238], [-71.725721, -43.697383], [-71.709184, -43.684361], [-71.703655, -43.671648], [-71.710683, -43.614081], [-71.7143, -43.602195], [-71.723757, -43.594754], [-71.766183, -43.572016], [-71.772746, -43.567469], [-71.778844, -43.561474], [-71.783495, -43.555376], [-71.789799, -43.549382], [-71.800703, -43.544214], [-71.823441, -43.542147], [-71.851139, -43.542561], [-71.873825, -43.538943], [-71.881525, -43.524474], [-71.878269, -43.519203], [-71.858787, -43.499256], [-71.858632, -43.498636], [-71.858322, -43.477448], [-71.868813, -43.462566], [-71.886124, -43.453367], [-71.906226, -43.449233], [-71.91651, -43.450887], [-71.926949, -43.454814], [-71.937336, -43.456881], [-71.947412, -43.453161], [-71.955112, -43.443549], [-71.950771, -43.438588], [-71.94209, -43.434247], [-71.936767, -43.426702], [-71.941056, -43.398383], [-71.940953, -43.391769], [-71.934855, -43.382777], [-71.927414, -43.378126], [-71.919559, -43.374302], [-71.912324, -43.367791], [-71.909172, -43.35973], [-71.907363, -43.329654], [-71.901731, -43.322006], [-71.889432, -43.319215], [-71.864007, -43.317562], [-71.824371, -43.303402], [-71.805096, -43.299992], [-71.760861, -43.306916], [-71.75068, -43.295341], [-71.748407, -43.277047], [-71.749543, -43.259167], [-71.751404, -43.251002], [-71.756985, -43.235293], [-71.757657, -43.225371], [-71.755124, -43.216379], [-71.745668, -43.199223], [-71.742981, -43.190127], [-71.750164, -43.172454], [-71.770162, -43.161395], [-71.861888, -43.13318], [-72.009838, -43.120364], [-72.054434, -43.105378], [-72.096086, -43.078506], [-72.129314, -43.04223], [-72.148537, -42.998718], [-72.142129, -42.963681], [-72.119495, -42.898569], [-72.112674, -42.863842], [-72.121252, -42.719665], [-72.125644, -42.703852], [-72.139856, -42.669849], [-72.141457, -42.65569], [-72.132466, -42.631712], [-72.131587, -42.624064], [-72.134636, -42.614762], [-72.145437, -42.600499], [-72.148434, -42.592645], [-72.143214, -42.557091], [-72.122647, -42.529909], [-72.09283, -42.510789], [-72.041929, -42.491049], [-72.03919, -42.48123], [-72.045753, -42.469861], [-72.075208, -42.433791], [-72.076655, -42.423353], [-72.060687, -42.368886], [-72.069886, -42.349972], [-72.121562, -42.313023], [-72.133706, -42.287599], [-72.124714, -42.263311], [-72.10301, -42.240883], [-72.077172, -42.221246], [-72.05893, -42.197578], [-72.051385, -42.1705], [-72.039913, -42.144662], [-72.009838, -42.124714], [-71.977488, -42.125335], [-71.961365, -42.144868], [-71.948033, -42.167296], [-71.923796, -42.176908], [-71.909482, -42.172257], [-71.9008, -42.163058], [-71.893721, -42.15262], [-71.884264, -42.144248], [-71.87181, -42.139701], [-71.801323, -42.130296], [-71.773108, -42.11996], [-71.74944, -42.104354], [-71.736263, -42.08389], [-71.73957, -42.031904], [-71.743859, -42.024359], [-71.762514, -42.007409], [-71.76926, -41.999607], [-71.780653, -41.986428], [-71.779877, -41.972269], [-71.775072, -41.956353], [-71.7744, -41.939196], [-71.794037, -41.867469], [-71.814656, -41.837807], [-71.838944, -41.813312], [-71.856875, -41.78613], [-71.858581, -41.748613], [-71.868968, -41.71554], [-71.925915, -41.653012], [-71.925967, -41.622936], [-71.911859, -41.610224], [-71.877701, -41.594928], [-71.86349, -41.584489], [-71.853258, -41.567332], [-71.856875, -41.555964], [-71.868089, -41.545112], [-71.880698, -41.529712], [-71.888088, -41.512762], [-71.888708, -41.500153], [-71.881215, -41.470387], [-71.878838, -41.45106], [-71.87982, -41.436694], [-71.884316, -41.422949], [-71.892325, -41.405379], [-71.903953, -41.367655], [-71.902247, -41.335925], [-71.877701, -41.26978], [-71.87336, -41.249212], [-71.875944, -41.233606], [-71.88845, -41.200326], [-71.889432, -41.179759], [-71.881422, -41.172628], [-71.871345, -41.166737], [-71.865867, -41.150407], [-71.862611, -41.114647], [-71.853981, -41.078887], [-71.852845, -41.057183], [-71.867159, -41.020182], [-71.867402, -41.010235], [-71.867676, -40.998995], [-71.851449, -40.957654], [-71.851449, -40.938327], [-71.859873, -40.913419], [-71.87088, -40.895746], [-71.910671, -40.850064], [-71.921213, -40.827739], [-71.955577, -40.720356], [-71.949635, -40.709297], [-71.87336, -40.647079], [-71.853103, -40.616383], [-71.847729, -40.579589], [-71.850933, -40.570287], [-71.860596, -40.559435], [-71.861836, -40.54972], [-71.858787, -40.542382], [-71.840856, -40.516027], [-71.804165, -40.42642], [-71.796414, -40.414535], [-71.784735, -40.411331], [-71.742257, -40.420839], [-71.729286, -40.421356], [-71.719054, -40.412984], [-71.678488, -40.340224], [-71.674044, -40.324101], [-71.673682, -40.313766], [-71.675181, -40.303947], [-71.679263, -40.295265], [-71.686705, -40.288547], [-71.698745, -40.28276], [-71.705463, -40.281933], [-71.718486, -40.286274], [-71.723912, -40.289994], [-71.725721, -40.295265], [-71.729958, -40.298573], [-71.74267, -40.296506], [-71.75006, -40.291545], [-71.770731, -40.267153], [-71.801943, -40.242349], [-71.815999, -40.227156], [-71.823751, -40.210103], [-71.822356, -40.202868], [-71.813571, -40.188192], [-71.812072, -40.184678], [-71.816723, -40.174549], [-71.816464, -40.164421], [-71.809023, -40.133828], [-71.804786, -40.12463], [-71.802873, -40.116052], [-71.807111, -40.108403], [-71.814552, -40.099618], [-71.814036, -40.0929], [-71.800703, -40.079671], [-71.766752, -40.076881], [-71.72169, -40.093831], [-71.683708, -40.098998], [-71.670944, -40.060758], [-71.673114, -40.050319], [-71.680762, -40.029132], [-71.682829, -40.018073], [-71.680504, -40.009495], [-71.674406, -40.00443], [-71.667275, -40.000503], [-71.662055, -39.995129], [-71.624848, -39.93105], [-71.616632, -39.909863], [-71.621179, -39.895083], [-71.634512, -39.883508], [-71.669238, -39.85922], [-71.679367, -39.847851], [-71.684586, -39.833485], [-71.686912, -39.811574], [-71.691976, -39.789973], [-71.710476, -39.747495], [-71.714352, -39.726308], [-71.708771, -39.708428], [-71.698797, -39.690238], [-71.694043, -39.673495], [-71.716057, -39.644762], [-71.718744, -39.623368], [-71.714352, -39.601354], [-71.705412, -39.583578], [-71.689754, -39.568385], [-71.677403, -39.568488], [-71.641099, -39.599999], [-71.632393, -39.607555], [-71.61782, -39.61665], [-71.600767, -39.619544], [-71.576427, -39.614687], [-71.554982, -39.612826], [-71.536688, -39.61572], [-71.519997, -39.614997], [-71.503512, -39.601664], [-71.495657, -39.565594], [-71.541959, -39.532315], [-71.515656, -39.501309], [-71.501445, -39.488286], [-71.48248, -39.461104], [-71.470439, -39.449115], [-71.461654, -39.433819], [-71.477622, -39.402193], [-71.476537, -39.38297], [-71.460569, -39.367157], [-71.439071, -39.355995], [-71.42021, -39.342145], [-71.412045, -39.317961], [-71.401968, -39.236002], [-71.412665, -39.10061], [-71.43101, -39.025989], [-71.430235, -38.999117], [-71.415765, -38.935348], [-71.399901, -38.910544], [-71.370703, -38.888013], [-71.279753, -38.850186], [-71.25376, -38.832719], [-71.240996, -38.818456], [-71.236035, -38.811635], [-71.228025, -38.808845], [-71.152836, -38.798819], [-71.136868, -38.792205], [-71.078654, -38.757065], [-71.048423, -38.746626], [-71.009976, -38.746316], [-70.96724, -38.75076], [-70.945045, -38.747246], [-70.92949, -38.735774], [-70.915357, -38.71221], [-70.909543, -38.706422], [-70.879364, -38.69464], [-70.873835, -38.691436], [-70.872336, -38.681617], [-70.876987, -38.675003], [-70.882981, -38.668801], [-70.885798, -38.660533], [-70.8851, -38.649474], [-70.883421, -38.643067], [-70.873008, -38.62777], [-70.847738, -38.599968], [-70.837584, -38.584465], [-70.834302, -38.564415], [-70.848668, -38.527621], [-70.879829, -38.503023], [-70.917294, -38.482973], [-70.950471, -38.459408], [-70.973751, -38.424682], [-71.016694, -38.264692], [-71.019743, -38.234306], [-71.017883, -38.203713], [-71.008968, -38.170331], [-71.008658, -38.167643], [-71.008968, -38.16506], [-71.009976, -38.162269], [-71.016142, -38.143697], [-71.02305, -38.122892], [-71.023515, -38.104598], [-71.009976, -38.087855], [-71.007418, -38.082274], [-71.006643, -38.076693], [-71.007418, -38.071008], [-71.009976, -38.065531], [-71.037442, -38.036592], [-71.04646, -38.020262], [-71.052041, -37.999282], [-71.061136, -37.978404], [-71.087594, -37.940164], [-71.094906, -37.897376], [-71.13325, -37.838464], [-71.18503, -37.706069], [-71.192265, -37.660904], [-71.190766, -37.640027], [-71.183893, -37.625868], [-71.172421, -37.614499], [-71.157176, -37.60251], [-71.133095, -37.590624], [-71.127928, -37.584423], [-71.127307, -37.572641], [-71.139555, -37.554864], [-71.141725, -37.543909], [-71.136403, -37.524375], [-71.120848, -37.486341], [-71.117696, -37.466497], [-71.12307, -37.443243], [-71.136403, -37.425053], [-71.168287, -37.391567], [-71.194745, -37.343508], [-71.204615, -37.315396], [-71.205597, -37.292658], [-71.197226, -37.274881], [-71.15759, -37.235711], [-71.146479, -37.214833], [-71.145498, -37.195403], [-71.147978, -37.175869], [-71.147616, -37.154785], [-71.139296, -37.133288], [-71.125137, -37.120059], [-71.089119, -37.103419], [-71.126894, -37.077581], [-71.139555, -37.061664], [-71.14865, -37.013502], [-71.15604, -37.002753], [-71.187407, -36.986837], [-71.207148, -36.972367], [-71.200688, -36.971437], [-71.181103, -36.975261], [-71.161466, -36.975468], [-71.143327, -36.965443], [-71.135679, -36.95149], [-71.140175, -36.937538], [-71.169062, -36.921931], [-71.168545, -36.914386], [-71.163636, -36.906325], [-71.161052, -36.89878], [-71.160535, -36.890409], [-71.15852, -36.886895], [-71.158778, -36.882657], [-71.165238, -36.872115], [-71.173093, -36.866121], [-71.182808, -36.862917], [-71.191645, -36.858369], [-71.196864, -36.848241], [-71.195159, -36.839146], [-71.188957, -36.830464], [-71.181774, -36.822402], [-71.17671, -36.814858], [-71.151544, -36.760494], [-71.146841, -36.741064], [-71.148908, -36.70396], [-71.145343, -36.68825], [-71.129943, -36.676882], [-71.109996, -36.678535], [-71.090772, -36.689491], [-71.073021, -36.696829], [-71.057441, -36.68763], [-71.055322, -36.671301], [-71.069972, -36.603811], [-71.068913, -36.566397], [-71.06142, -36.520405], [-71.043282, -36.484335], [-71.027819, -36.481168], [-71.009976, -36.477514], [-70.989641, -36.483302], [-70.971038, -36.485472], [-70.953158, -36.482475], [-70.934968, -36.472553], [-70.923315, -36.45674], [-70.916261, -36.419326], [-70.907786, -36.405167], [-70.890371, -36.400413], [-70.868589, -36.40465], [-70.828824, -36.419843], [-70.820324, -36.424597], [-70.814329, -36.429972], [-70.807198, -36.433382], [-70.71865, -36.414572], [-70.708909, -36.403203], [-70.708599, -36.379949], [-70.713586, -36.368167], [-70.729115, -36.346876], [-70.732215, -36.334267], [-70.729683, -36.325482], [-70.712656, -36.300264], [-70.711596, -36.291685], [-70.713767, -36.283521], [-70.714878, -36.275252], [-70.710511, -36.265847], [-70.703122, -36.26006], [-70.693897, -36.256649], [-70.675035, -36.252411], [-70.661625, -36.244557], [-70.624677, -36.205179], [-70.619948, -36.202285], [-70.608657, -36.197944], [-70.604368, -36.194637], [-70.601319, -36.188126], [-70.600285, -36.175207], [-70.598322, -36.169626], [-70.588477, -36.150195], [-70.581424, -36.143167], [-70.568324, -36.139033], [-70.545302, -36.142754], [-70.499129, -36.163631], [-70.471146, -36.162494], [-70.451483, -36.152262], [-70.435102, -36.136346], [-70.430748, -36.129402], [-70.422725, -36.116606], [-70.410685, -36.08374], [-70.404303, -36.074438], [-70.386939, -36.058728], [-70.380325, -36.046016], [-70.383684, -36.030513], [-70.412726, -35.968914], [-70.412571, -35.957339], [-70.405026, -35.938322], [-70.3996, -35.932741], [-70.391461, -35.927367], [-70.384821, -35.921165], [-70.383684, -35.913207], [-70.390737, -35.905869], [-70.412364, -35.908143], [-70.420787, -35.903802], [-70.420245, -35.868352], [-70.357329, -35.815229], [-70.361566, -35.783086], [-70.376397, -35.761382], [-70.421537, -35.659683], [-70.422725, -35.64387], [-70.412261, -35.607386], [-70.411976, -35.587439], [-70.4181, -35.547545], [-70.40823, -35.506204], [-70.416421, -35.491114], [-70.431071, -35.477782], [-70.445463, -35.461142], [-70.469182, -35.394686], [-70.471766, -35.37939], [-70.460371, -35.371018], [-70.440605, -35.366781], [-70.428384, -35.357066], [-70.439753, -35.332157], [-70.47528, -35.314071], [-70.520704, -35.309627], [-70.560417, -35.298361], [-70.578891, -35.259707], [-70.542899, -35.209271], [-70.386629, -35.16669], [-70.368517, -35.097133], [-70.372447, -35.027389], [-70.372599, -35.024683], [-70.353711, -34.953266], [-70.276713, -34.798237], [-70.280693, -34.786351], [-70.292836, -34.777566], [-70.307513, -34.763097], [-70.316298, -34.74563], [-70.30945, -34.739739], [-70.293121, -34.736535], [-70.273148, -34.727026], [-70.252219, -34.695814], [-70.242426, -34.619436], [-70.227828, -34.58533], [-70.209198, -34.567966], [-70.16778, -34.538407], [-70.150726, -34.51815], [-70.128376, -34.469471], [-70.114294, -34.447354], [-70.067579, -34.414591], [-70.058691, -34.395781], [-70.05944, -34.37294], [-70.063651, -34.343691], [-70.064504, -34.313512], [-70.05758, -34.291187], [-70.048176, -34.283462], [-70.040345, -34.277028], [-69.989237, -34.26907], [-69.968205, -34.27], [-69.947483, -34.273824], [-69.911568, -34.284573], [-69.905935, -34.280749], [-69.90485, -34.273824], [-69.902292, -34.268657], [-69.832761, -34.243232], [-69.828885, -34.23331], [-69.837309, -34.209332], [-69.862113, -34.170161], [-69.868599, -34.156725], [-69.87325, -34.139982], [-69.872371, -34.13099], [-69.868444, -34.122619], [-69.863974, -34.107529], [-69.855447, -34.031152], [-69.855809, -33.984746], [-69.865602, -33.957668], [-69.884283, -33.954154], [-69.900302, -33.959011], [-69.909552, -33.955704], [-69.908054, -33.927902], [-69.898649, -33.888938], [-69.897279, -33.871368], [-69.914772, -33.793543], [-69.914255, -33.771943], [-69.906503, -33.760264], [-69.872552, -33.737423], [-69.860046, -33.726364], [-69.859685, -33.711378], [-69.886789, -33.678718], [-69.895367, -33.662285], [-69.89392, -33.642752], [-69.87294, -33.586011], [-69.873766, -33.575469], [-69.877074, -33.566787], [-69.878831, -33.558002], [-69.875291, -33.547357], [-69.869271, -33.542913], [-69.849272, -33.536505], [-69.841469, -33.532784], [-69.838136, -33.521105], [-69.834156, -33.474596], [-69.830901, -33.458163], [-69.820591, -33.442867], [-69.794469, -33.414652], [-69.786743, -33.399252], [-69.787674, -33.379408], [-69.805683, -33.344268], [-69.813899, -33.289491], [-69.836844, -33.26572], [-69.869684, -33.249597], [-69.905289, -33.238228], [-69.940558, -33.242879], [-69.983863, -33.294452], [-70.010011, -33.299103], [-70.041121, -33.238952], [-70.051792, -33.225309], [-70.085691, -33.201331], [-70.100833, -33.186862], [-70.109463, -33.169602], [-70.109773, -33.149448], [-70.092177, -33.091777], [-70.095484, -33.071314], [-70.105277, -33.05488], [-70.106101, -33.052593], [-70.111194, -33.038447], [-70.102951, -33.018294], [-70.088921, -33.008268], [-70.056494, -33.001344], [-70.04249, -32.992662], [-70.034248, -32.976952], [-70.024274, -32.934784], [-70.017143, -32.916594], [-70.000167, -32.888999], [-70.000219, -32.876597], [-70.014352, -32.867502], [-70.03678, -32.85975], [-70.054324, -32.850759], [-70.087268, -32.823267], [-70.140029, -32.768283], [-70.155739, -32.738414], [-70.18044, -32.630204], [-70.181086, -32.607569], [-70.178761, -32.588966], [-70.175893, -32.580491], [-70.17057, -32.572739], [-70.147109, -32.572119], [-70.13773, -32.569019], [-70.157883, -32.542457], [-70.159795, -32.525197], [-70.158142, -32.50649], [-70.160829, -32.485303], [-70.172482, -32.464942], [-70.188528, -32.453574], [-70.227259, -32.43466], [-70.24532, -32.403964], [-70.242374, -32.330274], [-70.256119, -32.314278], [-70.269194, -32.299061], [-70.292501, -32.290999], [-70.309709, -32.288312], [-70.321801, -32.280147], [-70.329733, -32.255549], [-70.329785, -32.246868], [-70.326917, -32.228781], [-70.327253, -32.219686], [-70.330824, -32.209588], [-70.33131, -32.208214], [-70.343092, -32.186923], [-70.345521, -32.174727], [-70.343919, -32.165736], [-70.336865, -32.149199], [-70.335237, -32.140001], [-70.338958, -32.133386], [-70.355597, -32.122638], [-70.359912, -32.113026], [-70.359241, -32.093699], [-70.361204, -32.085844], [-70.368052, -32.077059], [-70.384614, -32.06197], [-70.389084, -32.053081], [-70.387482, -32.041712], [-70.373323, -32.030395], [-70.352316, -32.033341], [-70.310045, -32.047707], [-70.284697, -32.046777], [-70.275422, -32.037785], [-70.267205, -32.00094], [-70.257722, -31.98616], [-70.247671, -31.974585], [-70.241703, -31.961459], [-70.244467, -31.942235], [-70.255681, -31.925699], [-70.275008, -31.906992], [-70.296247, -31.890972], [-70.313326, -31.882084], [-70.357225, -31.876503], [-70.393993, -31.87764], [-70.42828, -31.870095], [-70.464144, -31.838262], [-70.475228, -31.820072], [-70.483988, -31.797645], [-70.488483, -31.773873], [-70.486313, -31.731189], [-70.496778, -31.714549], [-70.527215, -31.684266], [-70.580261, -31.592282], [-70.589769, -31.567684], [-70.591371, -31.549598], [-70.581372, -31.505673], [-70.57791, -31.468879], [-70.578995, -31.431982], [-70.575377, -31.412965], [-70.557782, -31.381753], [-70.554655, -31.362942], [-70.5599, -31.341652], [-70.567212, -31.323048], [-70.568969, -31.304238], [-70.5468, -31.26455], [-70.542899, -31.246774], [-70.543364, -31.20812], [-70.5414, -31.188173], [-70.535922, -31.172566], [-70.479802, -31.096705], [-70.467787, -31.089367], [-70.448098, -31.097636], [-70.440605, -31.118823], [-70.435618, -31.141354], [-70.423397, -31.153756], [-70.408643, -31.150036], [-70.393063, -31.137633], [-70.380893, -31.121613], [-70.372392, -31.092158], [-70.362496, -31.073038], [-70.339785, -31.041722], [-70.320948, -31.03366], [-70.278315, -31.039448], [-70.266559, -31.036451], [-70.267593, -31.023842], [-70.279866, -31.010302], [-70.308598, -30.988185], [-70.325134, -30.971648], [-70.335211, -30.956042], [-70.339216, -30.938162], [-70.319476, -30.800806], [-70.305032, -30.765459], [-70.300071, -30.758121], [-70.282294, -30.737761], [-70.276171, -30.725565], [-70.27661, -30.715643], [-70.279349, -30.705618], [-70.279866, -30.693112], [-70.27599, -30.673062], [-70.270202, -30.657249], [-70.250772, -30.626553], [-70.235398, -30.59162], [-70.217105, -30.515139], [-70.196977, -30.48682], [-70.179691, -30.477105], [-70.163775, -30.47018], [-70.151191, -30.459742], [-70.143931, -30.439588], [-70.148711, -30.418711], [-70.173774, -30.382227], [-70.173412, -30.364657], [-70.146928, -30.353908], [-70.064272, -30.389255], [-70.030191, -30.39711], [-69.994457, -30.388118], [-69.964588, -30.374786], [-69.938026, -30.355562], [-69.912136, -30.329517], [-69.902809, -30.312671], [-69.899863, -30.294377], [-69.89808, -30.25655], [-69.894024, -30.23805], [-69.890742, -30.228955], [-69.886246, -30.220997], [-69.877074, -30.213142], [-69.857411, -30.205494], [-69.848962, -30.199086], [-69.835758, -30.161879], [-69.849737, -30.126635], [-69.880717, -30.099764], [-69.918673, -30.087775], [-69.957663, -30.092736], [-69.973244, -30.089428], [-69.980375, -30.072479], [-69.975621, -30.058629], [-69.941282, -30.013051], [-69.927975, -29.976774], [-69.922187, -29.939567], [-69.915599, -29.805621], [-69.929086, -29.718288], [-69.929353, -29.717877], [-69.937871, -29.704749], [-69.963503, -29.685525], [-69.973192, -29.666095], [-69.972934, -29.643151], [-69.968903, -29.613075], [-69.968464, -29.583309], [-69.991615, -29.488121], [-69.996136, -29.476443], [-70.002182, -29.465591], [-70.010011, -29.456082], [-70.019546, -29.404406], [-70.026987, -29.389936], [-70.035746, -29.376914], [-70.042619, -29.363064], [-70.04448, -29.346115], [-70.040655, -29.297539], [-70.031121, -29.277178], [-70.010011, -29.26643], [-69.999857, -29.262916], [-69.989341, -29.257334], [-69.980323, -29.249996], [-69.974742, -29.240798], [-69.976163, -29.23346], [-69.988101, -29.220024], [-69.989496, -29.214443], [-69.985052, -29.208345], [-69.980065, -29.205865], [-69.975052, -29.204314], [-69.959368, -29.192119], [-69.9326, -29.176926], [-69.921981, -29.168038], [-69.915288, -29.156152], [-69.91472, -29.148814], [-69.910948, -29.143233], [-69.894489, -29.137238], [-69.844363, -29.12928], [-69.822323, -29.120082], [-69.803926, -29.098688], [-69.797234, -29.076674], [-69.795761, -29.050112], [-69.801678, -28.999986], [-69.806303, -28.980142], [-69.806613, -28.959885], [-69.802789, -28.939938], [-69.795063, -28.920818], [-69.7854, -28.905831], [-69.773127, -28.892706], [-69.767313, -28.884231], [-69.766434, -28.875859], [-69.766822, -28.867591], [-69.764833, -28.858599], [-69.735842, -28.8124], [-69.732767, -28.794314], [-69.736385, -28.772403], [-69.751061, -28.729821], [-69.755918, -28.707704], [-69.753386, -28.673391], [-69.740855, -28.640628], [-69.72207, -28.610656], [-69.700883, -28.584404], [-69.693209, -28.579753], [-69.685122, -28.577789], [-69.678404, -28.573862], [-69.674838, -28.563113], [-69.672358, -28.457693], [-69.654045, -28.400994], [-69.653031, -28.397852], [-69.607323, -28.356304], [-69.553528, -28.317857], [-69.510094, -28.267524], [-69.501231, -28.250368], [-69.490508, -28.198381], [-69.476168, -28.187942], [-69.456066, -28.195797], [-69.435628, -28.20851], [-69.420306, -28.212644], [-69.411882, -28.202515], [-69.389868, -28.162001], [-69.367157, -28.130375], [-69.330828, -28.052447], [-69.311759, -28.03653], [-69.310933, -28.029296], [-69.313775, -28.022681], [-69.313103, -28.014516], [-69.303233, -27.99953], [-69.291063, -27.989402], [-69.275147, -27.98289], [-69.2159, -27.968524], [-69.190191, -27.951368], [-69.173008, -27.924083], [-69.13406, -27.772344], [-69.124329, -27.73443], [-69.118205, -27.722131], [-69.108335, -27.715827], [-69.081102, -27.703838], [-69.075831, -27.696189], [-69.080016, -27.681513], [-69.087458, -27.669214], [-69.09322, -27.656502], [-69.092341, -27.640172], [-69.085546, -27.62932], [-69.062989, -27.609993], [-69.053868, -27.599658], [-69.028573, -27.551289], [-69.019012, -27.524314], [-69.016274, -27.500129], [-69.019891, -27.4869], [-69.020511, -27.473361], [-69.01741, -27.460442], [-69.01015, -27.448866], [-68.993588, -27.437704], [-68.958628, -27.421064], [-68.942635, -27.408869], [-68.931447, -27.395226], [-68.883052, -27.294974], [-68.879305, -27.278541], [-68.881372, -27.23906], [-68.879719, -27.22149], [-68.870753, -27.198442], [-68.829024, -27.136017], [-68.814322, -27.120307], [-68.801093, -27.112763], [-68.764299, -27.104598], [-68.718617, -27.106665], [-68.682857, -27.126922], [-68.649474, -27.15121], [-68.610717, -27.165679], [-68.585861, -27.162785], [-68.57537, -27.149349], [-68.569169, -27.129506], [-68.557387, -27.107388], [-68.539765, -27.090335], [-68.518009, -27.076899], [-68.494238, -27.068631], [-68.443079, -27.066667], [-68.42215, -27.062016], [-68.377346, -27.044446], [-68.366494, -27.043516], [-68.337762, -27.045583], [-68.330476, -27.044963], [-68.328409, -27.037418], [-68.331147, -27.0122], [-68.329132, -27.000108], [-68.323809, -26.980988], [-68.307428, -26.944607], [-68.302105, -26.926624], [-68.305361, -26.897995], [-68.32014, -26.87009], [-68.510206, -26.629071], [-68.544209, -26.58928], [-68.570151, -26.550626], [-68.587411, -26.508252], [-68.595317, -26.457299], [-68.593922, -26.378647], [-68.587359, -26.338029], [-68.575164, -26.30351], [-68.546121, -26.269093], [-68.419876, -26.179279], [-68.409024, -26.144243], [-68.417085, -26.0936], [-68.486383, -25.836561], [-68.498476, -25.754913], [-68.507571, -25.728868], [-68.521885, -25.705613], [-68.541315, -25.68732], [-68.559351, -25.663032], [-68.560953, -25.63523], [-68.559609, -25.608565], [-68.568807, -25.587791], [-68.55501, -25.572598], [-68.566585, -25.551721], [-68.602914, -25.51069], [-68.608236, -25.492913], [-68.609942, -25.474206], [-68.605963, -25.436999], [-68.554228, -25.291192], [-68.516046, -25.183578], [-68.496468, -25.159997], [-68.49305, -25.155879], [-68.474033, -25.145441], [-68.458375, -25.144924], [-68.441942, -25.148128], [-68.420754, -25.148748], [-68.399205, -25.144821], [-68.379207, -25.136759], [-68.366649, -25.123427], [-68.367373, -25.103376], [-68.388973, -25.077538], [-68.420496, -25.051183], [-68.443544, -25.021107], [-68.440133, -24.983694], [-68.437394, -24.974082], [-68.439823, -24.96757], [-68.444939, -24.961576], [-68.450003, -24.953928], [-68.453879, -24.949277], [-68.465144, -24.941422], [-68.469072, -24.936771], [-68.46964, -24.932017], [-68.468607, -24.926953], [-68.46685, -24.923129], [-68.465713, -24.922095], [-68.473051, -24.907936], [-68.479304, -24.899564], [-68.489949, -24.895844], [-68.510206, -24.895534], [-68.517596, -24.890056], [-68.541574, -24.877447], [-68.551031, -24.868765], [-68.555165, -24.862151], [-68.578006, -24.808717], [-68.578574, -24.791664], [-68.572373, -24.769856], [-68.521317, -24.675289], [-68.510206, -24.641286], [-68.508036, -24.626816], [-68.503695, -24.612347], [-68.49553, -24.601805], [-68.481836, -24.598807], [-68.462819, -24.623302], [-68.451502, -24.629297], [-68.44437, -24.610176], [-68.437704, -24.579687], [-68.397655, -24.500519], [-68.379827, -24.491114], [-68.362412, -24.494214], [-68.344893, -24.499795], [-68.326807, -24.498245], [-68.314043, -24.48729], [-68.276835, -24.432306], [-68.26712, -24.404194], [-68.262418, -24.396753], [-68.244486, -24.385384], [-68.211051, -24.372465], [-68.160822, -24.353138], [-68.110644, -24.333811], [-68.060466, -24.31438], [-68.010237, -24.295053], [-67.885231, -24.243894], [-67.760226, -24.192734], [-67.635221, -24.141471], [-67.510267, -24.090415], [-67.501172, -24.087107], [-67.481225, -24.080079], [-67.461226, -24.072948], [-67.452183, -24.069641], [-67.412289, -24.055585], [-67.362369, -24.030367], [-67.339787, -24.000601], [-67.318134, -23.935179], [-67.284732, -23.834136], [-67.251329, -23.733091], [-67.247906, -23.722737], [-67.177678, -23.510243], [-67.10745, -23.29775], [-67.037273, -23.08536], [-67.019548, -23.031926], [-67.013967, -23.000714], [-67.193904, -22.822223]]], [[[-68.654135, -54.886245], [-68.642343, -54.853653], [-68.641998, -54.799168], [-68.632314, -54.805352], [-68.609364, -54.832289], [-68.599477, -54.841404], [-68.580556, -54.85475], [-68.571848, -54.862726], [-68.568227, -54.878351], [-68.58727, -54.885349], [-68.654135, -54.886245]]], [[[-68.641882, -54.782971], [-68.640097, -54.514768], [-68.638312, -54.246559], [-68.636555, -53.978771], [-68.634746, -53.710881], [-68.632989, -53.442887], [-68.631232, -53.175099], [-68.629372, -52.907209], [-68.627617, -52.639572], [-68.594879, -52.654229], [-68.585805, -52.662774], [-68.566029, -52.69492], [-68.557851, -52.704278], [-68.492747, -52.762872], [-68.428131, -52.834649], [-68.410308, -52.848565], [-68.341868, -52.885919], [-68.311431, -52.912042], [-68.285878, -52.943536], [-68.265981, -52.980645], [-68.229237, -53.087335], [-68.225819, -53.102472], [-68.23054, -53.118585], [-68.241322, -53.108331], [-68.252838, -53.087172], [-68.280426, -53.015395], [-68.30484, -53.006669], [-68.324974, -53.008048], [-68.349569, -53.016162], [-68.380876, -53.03101], [-68.409961, -53.04854], [-68.460063, -53.086332], [-68.520715, -53.120631], [-68.554799, -53.167052], [-68.563575, -53.202042], [-68.550751, -53.238537], [-68.508707, -53.26815], [-68.451351, -53.297717], [-68.410646, -53.299929], [-68.364825, -53.30895], [-68.296074, -53.320169], [-68.189332, -53.313737], [-68.111402, -53.343802], [-68.091905, -53.375618], [-68.07636, -53.395298], [-68.082509, -53.429783], [-68.078725, -53.437921], [-68.066274, -53.456801], [-68.055735, -53.503025], [-68.047678, -53.523207], [-67.992421, -53.588474], [-67.983632, -53.601332], [-67.793784, -53.727174], [-67.724355, -53.759535], [-67.702461, -53.774746], [-67.698648, -53.790117], [-67.708779, -53.804568], [-67.68271, -53.803339], [-67.660151, -53.800079], [-67.630274, -53.813181], [-67.558248, -53.836189], [-67.549239, -53.847408], [-67.577014, -53.85176], [-67.587758, -53.869317], [-67.583363, -53.893243], [-67.571523, -53.907973], [-67.29776, -54.053806], [-67.140844, -54.123398], [-67.027323, -54.155868], [-66.961361, -54.181683], [-66.943056, -54.199919], [-66.907302, -54.212803], [-66.766582, -54.249842], [-66.701731, -54.288263], [-66.654023, -54.346542], [-66.554211, -54.404426], [-66.528226, -54.429649], [-66.492314, -54.441344], [-66.482213, -54.4658], [-66.448245, -54.473408], [-66.418007, -54.476974], [-66.376872, -54.48547], [-66.287465, -54.519464], [-65.944163, -54.62005], [-65.930409, -54.622654], [-65.902943, -54.624282], [-65.888905, -54.626886], [-65.854807, -54.644708], [-65.844228, -54.647393], [-65.767934, -54.650486], [-65.69811, -54.662367], [-65.456899, -54.640558], [-65.406239, -54.645278], [-65.379709, -54.644789], [-65.309316, -54.62656], [-65.155588, -54.640558], [-65.141916, -54.646905], [-65.15038, -54.661065], [-65.16926, -54.675226], [-65.186635, -54.681573], [-65.193715, -54.690199], [-65.224192, -54.743585], [-65.219838, -54.748956], [-65.214223, -54.75921], [-65.209828, -54.764744], [-65.243764, -54.78338], [-65.251454, -54.790704], [-65.250315, -54.800063], [-65.244781, -54.811293], [-65.243398, -54.820977], [-65.265452, -54.828302], [-65.297353, -54.845392], [-65.30606, -54.852227], [-65.332265, -54.913832], [-65.34439, -54.921563], [-65.358957, -54.92669], [-65.371246, -54.928481], [-65.392934, -54.92547], [-65.396718, -54.917413], [-65.395416, -54.906183], [-65.401682, -54.893731], [-65.428578, -54.884047], [-65.462717, -54.884454], [-65.485422, -54.894627], [-65.477406, -54.914239], [-65.499664, -54.933038], [-65.580637, -54.928318], [-65.615142, -54.934177], [-65.623402, -54.942641], [-65.628163, -54.952732], [-65.634755, -54.962091], [-65.648671, -54.968927], [-65.669097, -54.971775], [-65.685699, -54.969171], [-65.699127, -54.961358], [-65.710194, -54.948419], [-65.710805, -54.943455], [-65.708404, -54.929132], [-65.710194, -54.921075], [-65.713979, -54.914727], [-65.718861, -54.909275], [-65.731848, -54.907556], [-65.750006, -54.906714], [-65.76983, -54.905878], [-65.81089, -54.915588], [-65.877115, -54.899801], [-65.901698, -54.911293], [-65.966225, -54.902073], [-65.987558, -54.910683], [-65.972502, -54.925798], [-65.950829, -54.939949], [-65.968768, -54.957094], [-65.993355, -54.972366], [-66.060979, -54.983969], [-66.11706, -54.99553], [-66.196408, -54.992869], [-66.317068, -54.994978], [-66.371633, -55.005478], [-66.368318, -55.022562], [-66.371622, -55.037755], [-66.425038, -55.046319], [-66.450673, -55.052016], [-66.540508, -55.051046], [-66.630067, -55.031097], [-66.659657, -55.020766], [-66.680572, -55.007013], [-66.697621, -54.991876], [-66.714223, -54.980401], [-66.802805, -54.94256], [-66.830922, -54.936456], [-66.945546, -54.928643], [-67.030995, -54.905206], [-67.332753, -54.892267], [-67.540761, -54.874607], [-67.667795, -54.880629], [-67.931956, -54.862481], [-68.077626, -54.846124], [-68.123647, -54.823989], [-68.218984, -54.818617], [-68.272125, -54.799005], [-68.302073, -54.792169], [-68.315175, -54.801365], [-68.311513, -54.824151], [-68.314687, -54.832615], [-68.328236, -54.84238], [-68.520334, -54.852227], [-68.546295, -54.848321], [-68.564605, -54.8388], [-68.595082, -54.811212], [-68.636098, -54.784438], [-68.641882, -54.782971]]], [[[-63.888417, -54.729913], [-63.868235, -54.733087], [-63.845815, -54.722101], [-63.825673, -54.714939], [-63.812123, -54.729913], [-63.833567, -54.739923], [-63.841908, -54.745864], [-63.849965, -54.753839], [-63.86266, -54.774509], [-63.870351, -54.781671], [-63.884674, -54.784438], [-63.903554, -54.785903], [-63.915924, -54.789809], [-63.966786, -54.815037], [-63.978261, -54.816095], [-63.990834, -54.811212], [-63.984975, -54.801853], [-63.966786, -54.779962], [-63.96288, -54.774021], [-63.967763, -54.75921], [-63.979644, -54.75742], [-63.994456, -54.763849], [-64.007924, -54.774021], [-64.021799, -54.781996], [-64.036936, -54.784845], [-64.072987, -54.783787], [-64.077382, -54.781996], [-64.082875, -54.781508], [-64.093251, -54.784438], [-64.098785, -54.788751], [-64.101918, -54.794529], [-64.104115, -54.800226], [-64.106923, -54.804376], [-64.131012, -54.811782], [-64.224233, -54.82171], [-64.230377, -54.831964], [-64.244537, -54.837091], [-64.260162, -54.835382], [-64.270741, -54.824884], [-64.270253, -54.81406], [-64.264556, -54.800226], [-64.251576, -54.777032], [-64.269765, -54.77752], [-64.277089, -54.779718], [-64.285064, -54.784438], [-64.299306, -54.776625], [-64.311106, -54.777602], [-64.333485, -54.790704], [-64.388051, -54.811212], [-64.398752, -54.817641], [-64.417063, -54.831964], [-64.429067, -54.838556], [-64.445139, -54.843357], [-64.462554, -54.845473], [-64.497914, -54.845961], [-64.49474, -54.841974], [-64.492787, -54.838637], [-64.48998, -54.835545], [-64.484283, -54.832289], [-64.484283, -54.824884], [-64.495961, -54.824965], [-64.506581, -54.827325], [-64.516347, -54.831801], [-64.525258, -54.838556], [-64.521311, -54.840102], [-64.512278, -54.845961], [-64.524403, -54.85296], [-64.572418, -54.866469], [-64.584055, -54.87477], [-64.598378, -54.89365], [-64.607167, -54.900567], [-64.62442, -54.903741], [-64.676259, -54.903253], [-64.689768, -54.900567], [-64.695058, -54.891697], [-64.689076, -54.884454], [-64.678131, -54.876642], [-64.668609, -54.866469], [-64.758656, -54.832289], [-64.753733, -54.813409], [-64.731801, -54.801528], [-64.707875, -54.792169], [-64.696604, -54.780857], [-64.683095, -54.770196], [-64.652903, -54.777602], [-64.603749, -54.79811], [-64.582753, -54.796075], [-64.522572, -54.781671], [-64.50475, -54.770929], [-64.56017, -54.737481], [-64.569895, -54.722101], [-64.542348, -54.71559], [-64.534332, -54.72031], [-64.509999, -54.742364], [-64.497914, -54.750421], [-64.463246, -54.757257], [-64.452626, -54.754653], [-64.433827, -54.745538], [-64.425649, -54.743585], [-64.417144, -54.743097], [-64.407053, -54.743829], [-64.398508, -54.748712], [-64.394928, -54.760919], [-64.394399, -54.775974], [-64.391347, -54.781996], [-64.384389, -54.784438], [-64.372629, -54.782647], [-64.370717, -54.777602], [-64.373199, -54.771173], [-64.37442, -54.764744], [-64.374094, -54.747979], [-64.376617, -54.73447], [-64.375478, -54.721368], [-64.363881, -54.705987], [-64.354563, -54.707208], [-64.340566, -54.715997], [-64.32372, -54.722263], [-64.305531, -54.71559], [-64.300649, -54.720798], [-64.296254, -54.722101], [-64.291371, -54.722101], [-64.285064, -54.723077], [-64.271555, -54.727227], [-64.241363, -54.721775], [-64.224233, -54.723077], [-64.211659, -54.730076], [-64.199208, -54.739679], [-64.187164, -54.747003], [-64.175852, -54.747003], [-64.169057, -54.737237], [-64.173248, -54.727146], [-64.174469, -54.718927], [-64.158762, -54.71559], [-64.151112, -54.71795], [-64.137196, -54.727716], [-64.127431, -54.729913], [-64.119293, -54.727146], [-64.11205, -54.721287], [-64.103912, -54.716078], [-64.093251, -54.71559], [-64.087799, -54.721368], [-64.075795, -54.743748], [-64.065989, -54.750421], [-64.053578, -54.74863], [-64.024322, -54.733575], [-63.914052, -54.715427], [-63.880971, -54.723077], [-63.888417, -54.729913]]], [[[-61.907216, -39.136651], [-61.903391, -39.132094], [-61.894765, -39.139825], [-61.880483, -39.160577], [-61.861724, -39.209893], [-61.859364, -39.225193], [-61.868276, -39.239435], [-61.888499, -39.240655], [-61.910471, -39.234063], [-61.92455, -39.225193], [-61.940989, -39.211602], [-62.004018, -39.194106], [-62.026845, -39.182875], [-62.044504, -39.169529], [-62.086049, -39.122979], [-62.097035, -39.103611], [-62.098012, -39.087823], [-62.078481, -39.085545], [-62.041371, -39.099705], [-61.941803, -39.117771], [-61.921457, -39.143487], [-61.91926, -39.15252], [-61.914296, -39.15309], [-61.909413, -39.147231], [-61.907216, -39.136651]]], [[[-62.085927, -39.02337], [-62.100453, -39.035089], [-62.119985, -39.032892], [-62.130767, -39.020603], [-62.119456, -39.002211], [-62.040191, -39.005466], [-62.002675, -39.014744], [-61.97232, -39.033949], [-61.967275, -39.04697], [-61.975453, -39.057712], [-61.991607, -39.06406], [-62.010243, -39.064386], [-62.030019, -39.05755], [-62.085927, -39.02337]]], [[[-62.1553, -40.374205], [-62.12905, -40.377218], [-62.093997, -40.377419], [-62.066723, -40.399458], [-62.049492, -40.427156], [-62.028517, -40.454882], [-62.037593, -40.484365], [-62.066711, -40.511851], [-62.085877, -40.543207], [-62.108709, -40.564064], [-62.136333, -40.56487], [-62.16134, -40.557101], [-62.154665, -40.526625], [-62.16573, -40.509401], [-62.193546, -40.522604], [-62.221177, -40.522445], [-62.237326, -40.509949], [-62.219494, -40.491944], [-62.199026, -40.463473], [-62.193483, -40.42349], [-62.172836, -40.375048], [-62.1553, -40.374205]]], [[[-62.118962, -40.13072], [-62.100252, -40.129893], [-62.070386, -40.136761], [-62.04058, -40.146456], [-62.01466, -40.175163], [-62.018764, -40.217969], [-62.020499, -40.273147], [-62.014775, -40.328361], [-62.021165, -40.343553], [-62.030953, -40.322567], [-62.04194, -40.296816], [-62.065429, -40.272896], [-62.111105, -40.219319], [-62.13318, -40.181094], [-62.118962, -40.13072]]]]}}, {"type": "Feature", "properties": {"featurecla": "Admin-0 country", "scalerank": 0, "LABELRANK": 2, "SOVEREIGNT": "Brazil", "SOV_A3": "BRA", "ADM0_DIF": 0, "LEVEL": 2, "TYPE": "Sovereign country", "TLC": "1", "ADMIN": "Brazil", "ADM0_A3": "BRA", "GEOU_DIF": 0, "GEOUNIT": "Brazil", "GU_A3": "BRA", "SU_DIF": 0, "SUBUNIT": "Brazil", "SU_A3": "BRA", "BRK_DIFF": 0, "NAME": "Brazil", "NAME_LONG": "Brazil", "BRK_A3": "BRA", "BRK_NAME": "Brazil", "BRK_GROUP": null, "ABBREV": "Brazil", "POSTAL": "BR", "FORMAL_EN": "Federative Republic of Brazil", "FORMAL_FR": null, "NAME_CIAWF": "Brazil", "NOTE_ADM0": null, "NOTE_BRK": null, "NAME_SORT": "Brazil", "NAME_ALT": null, "MAPCOLOR7": 5, "MAPCOLOR8": 6, "MAPCOLOR9": 5, "MAPCOLOR13": 7, "POP_EST": 211049527, "POP_RANK": 17, "POP_YEAR": 2019, "GDP_MD": 1839758, "GDP_YEAR": 2019, "ECONOMY": "3. Emerging region: BRIC", "INCOME_GRP": "3. Upper middle income", "FIPS_10": "BR", "ISO_A2": "BR", "ISO_A2_EH": "BR", "ISO_A3": "BRA", "ISO_A3_EH": "BRA", "ISO_N3": "076", "ISO_N3_EH": "076", "UN_A3": "076", "WB_A2": "BR", "WB_A3": "BRA", "WOE_ID": 23424768, "WOE_ID_EH": 23424768, "WOE_NOTE": "Exact WOE match as country", "ADM0_ISO": "BRA", "ADM0_DIFF": null, "ADM0_TLC": "BRA", "ADM0_A3_US": "BRA", "ADM0_A3_FR": "BRA", "ADM0_A3_RU": "BRA", "ADM0_A3_ES": "BRA", "ADM0_A3_CN": "BRA", "ADM0_A3_TW": "BRA", "ADM0_A3_IN": "BRA", "ADM0_A3_NP": "BRA", "ADM0_A3_PK": "BRA", "ADM0_A3_DE": "BRA", "ADM0_A3_GB": "BRA", "ADM0_A3_BR": "BRA", "ADM0_A3_IL": "BRA", "ADM0_A3_PS": "BRA", "ADM0_A3_SA": "BRA", "ADM0_A3_EG": "BRA", "ADM0_A3_MA": "BRA", "ADM0_A3_PT": "BRA", "ADM0_A3_AR": "BRA", "ADM0_A3_JP": "BRA", "ADM0_A3_KO": "BRA", "ADM0_A3_VN": "BRA", "ADM0_A3_TR": "BRA", "ADM0_A3_ID": "BRA", "ADM0_A3_PL": "BRA", "ADM0_A3_GR": "BRA", "ADM0_A3_IT": "BRA", "ADM0_A3_NL": "BRA", "ADM0_A3_SE": "BRA", "ADM0_A3_BD": "BRA", "ADM0_A3_UA": "BRA", "ADM0_A3_UN": -99, "ADM0_A3_WB": -99, "CONTINENT": "South America", "REGION_UN": "Americas", "SUBREGION": "South America", "REGION_WB": "Latin America & Caribbean", "NAME_LEN": 6, "LONG_LEN": 6, "ABBREV_LEN": 6, "TINY": -99, "HOMEPART": 1, "MIN_ZOOM": 0, "MIN_LABEL": 1.7, "MAX_LABEL": 5.7, "LABEL_X": -49.55945, "LABEL_Y": -12.098687, "NE_ID": 1159320441, "WIKIDATAID": "Q155", "NAME_AR": "البرازيل", "NAME_BN": "ব্রাজিল", "NAME_DE": "Brasilien", "NAME_EN": "Brazil", "NAME_ES": "Brasil", "NAME_FA": "برزیل", "NAME_FR": "Brésil", "NAME_EL": "Βραζιλία", "NAME_HE": "ברזיל", "NAME_HI": "ब्राज़ील", "NAME_HU": "Brazília", "NAME_ID": "Brasil", "NAME_IT": "Brasile", "NAME_JA": "ブラジル", "NAME_KO": "브라질", "NAME_NL": "Brazilië", "NAME_PL": "Brazylia", "NAME_PT": "Brasil", "NAME_RU": "Бразилия", "NAME_SV": "Brasilien", "NAME_TR": "Brezilya", "NAME_UK": "Бразилія", "NAME_UR": "برازیل", "NAME_VI": "Brasil", "NAME_ZH": "巴西", "NAME_ZHT": "巴西", "FCLASS_ISO": "Admin-0 country", "TLC_DIFF": null, "FCLASS_TLC": "Admin-0 country", "FCLASS_US": null, "FCLASS_FR": null, "FCLASS_RU": null, "FCLASS_ES": null, "FCLASS_CN": null, "FCLASS_TW": null, "FCLASS_IN": null, "FCLASS_NP": null, "FCLASS_PK": null, "FCLASS_DE": null, "FCLASS_GB": null, "FCLASS_BR": null, "FCLASS_IL": null, "FCLASS_PS": null, "FCLASS_SA": null, "FCLASS_EG": null, "FCLASS_MA": null, "FCLASS_PT": null, "FCLASS_AR": null, "FCLASS_JP": null, "FCLASS_KO": null, "FCLASS_VN": null, "FCLASS_TR": null, "FCLASS_ID": null, "FCLASS_PL": null, "FCLASS_GR": null, "FCLASS_IT": null, "FCLASS_NL": null, "FCLASS_SE": null, "FCLASS_BD": null, "FCLASS_UA": null}, "bbox": [-74.018475, -33.74228, -28.877065, 5.267225], "geometry": {"type": "MultiPolygon", "coordinates": [[[[-57.602793, -30.190517], [-57.611698, -30.182963], [-57.568652, -30.176555], [-57.548601, -30.170044], [-57.506175, -30.144309], [-57.411452, -30.039612], [-57.325153, -29.981011], [-57.318745, -29.965508], [-57.308513, -29.848513], [-57.291511, -29.81513], [-57.262572, -29.792599], [-57.219629, -29.778336], [-57.177461, -29.772859], [-57.133381, -29.772135], [-57.112866, -29.766037], [-57.094159, -29.751981], [-57.020933, -29.683355], [-57.013595, -29.673123], [-57.008841, -29.662581], [-56.979386, -29.634986], [-56.965795, -29.600879], [-56.951635, -29.586307], [-56.912413, -29.558401], [-56.904351, -29.549616], [-56.897272, -29.535664], [-56.819034, -29.474996], [-56.814951, -29.467037], [-56.812936, -29.457116], [-56.807561, -29.444713], [-56.799836, -29.433965], [-56.783429, -29.4258], [-56.782033, -29.416601], [-56.78255, -29.405439], [-56.780819, -29.395311], [-56.77578, -29.386422], [-56.769941, -29.379084], [-56.762706, -29.372883], [-56.75356, -29.367405], [-56.718135, -29.351489], [-56.7055, -29.343737], [-56.688654, -29.329578], [-56.677027, -29.313352], [-56.660645, -29.270874], [-56.650465, -29.25134], [-56.657286, -29.237904], [-56.656304, -29.223435], [-56.650672, -29.209069], [-56.64367, -29.19615], [-56.617289, -29.160906], [-56.584216, -29.132278], [-56.548301, -29.109953], [-56.513316, -29.093727], [-56.444276, -29.078121], [-56.427972, -29.069852], [-56.415751, -29.051352], [-56.411927, -29.031819], [-56.410919, -28.991304], [-56.391618, -28.952237], [-56.323069, -28.916477], [-56.301003, -28.88144], [-56.294828, -28.795761], [-56.286146, -28.780154], [-56.265476, -28.771989], [-56.21845, -28.764135], [-56.184705, -28.744188], [-56.103005, -28.648069], [-56.040812, -28.609002], [-56.021899, -28.585748], [-56.020503, -28.546267], [-56.022958, -28.528283], [-56.021434, -28.510403], [-56.011589, -28.496554], [-55.979137, -28.489216], [-55.951593, -28.47671], [-55.919089, -28.473403], [-55.910665, -28.470509], [-55.902035, -28.465135], [-55.898056, -28.460691], [-55.896919, -28.453456], [-55.896661, -28.406844], [-55.900382, -28.398472], [-55.905601, -28.378008], [-55.887359, -28.363332], [-55.842349, -28.346382], [-55.812532, -28.353204], [-55.771191, -28.357544], [-55.734604, -28.365916], [-55.718842, -28.38452], [-55.714967, -28.404467], [-55.705691, -28.407671], [-55.694244, -28.400126], [-55.684064, -28.388034], [-55.677372, -28.373874], [-55.6636, -28.326539], [-55.677217, -28.301837], [-55.687216, -28.290055], [-55.701453, -28.284991], [-55.714708, -28.28189], [-55.754602, -28.265664], [-55.766591, -28.257602], [-55.772534, -28.231971], [-55.747936, -28.215744], [-55.684064, -28.196211], [-55.641999, -28.160347], [-55.632543, -28.154663], [-55.623835, -28.146188], [-55.623042, -28.14435], [-55.616652, -28.129548], [-55.604741, -28.116939], [-55.581641, -28.121073], [-55.578541, -28.127481], [-55.579316, -28.136369], [-55.577094, -28.144327], [-55.564872, -28.147738], [-55.553478, -28.145568], [-55.549731, -28.139883], [-55.548284, -28.132235], [-55.543763, -28.124174], [-55.537871, -28.119316], [-55.524797, -28.110634], [-55.520224, -28.10681], [-55.509915, -28.083969], [-55.505935, -28.078905], [-55.492965, -28.073944], [-55.486531, -28.077148], [-55.482319, -28.083143], [-55.475498, -28.086347], [-55.464853, -28.085106], [-55.440746, -28.078905], [-55.435087, -28.07074], [-55.389844, -28.024231], [-55.383385, -28.014206], [-55.381421, -28.008729], [-55.382429, -27.987334], [-55.38093, -27.978239], [-55.376434, -27.973175], [-55.369096, -27.970798], [-55.358864, -27.970281], [-55.33791, -27.96315], [-55.333026, -27.946613], [-55.329874, -27.928113], [-55.314113, -27.914987], [-55.301762, -27.913954], [-55.280781, -27.920569], [-55.270084, -27.922429], [-55.26024, -27.919225], [-55.22404, -27.8938], [-55.21231, -27.87716], [-55.197737, -27.860624], [-55.177558, -27.853596], [-55.16146, -27.858247], [-55.139705, -27.876747], [-55.119241, -27.880881], [-55.111386, -27.852976], [-55.108699, -27.846775], [-55.09994, -27.843777], [-55.0779, -27.843364], [-55.067719, -27.839333], [-55.045808, -27.850702], [-55.029634, -27.850702], [-55.02581, -27.84016], [-55.040434, -27.819489], [-55.071259, -27.794375], [-55.081155, -27.778252], [-55.064309, -27.771017], [-55.044646, -27.775048], [-55.027593, -27.783006], [-55.009118, -27.78838], [-54.985192, -27.78528], [-54.932999, -27.743835], [-54.913207, -27.736911], [-54.906902, -27.727092], [-54.90158, -27.704458], [-54.896464, -27.661153], [-54.898272, -27.623636], [-54.889797, -27.620639], [-54.865406, -27.620845], [-54.845097, -27.611854], [-54.83701, -27.590459], [-54.833677, -27.565345], [-54.827527, -27.545088], [-54.818897, -27.536199], [-54.805048, -27.526381], [-54.792232, -27.523177], [-54.786548, -27.534236], [-54.788537, -27.538576], [-54.792129, -27.544261], [-54.793731, -27.549222], [-54.79001, -27.551289], [-54.788021, -27.552839], [-54.78169, -27.560074], [-54.780347, -27.562141], [-54.773939, -27.563794], [-54.7319, -27.551289], [-54.721952, -27.550979], [-54.69968, -27.553046], [-54.690326, -27.551289], [-54.681128, -27.546431], [-54.6772, -27.54178], [-54.676451, -27.534236], [-54.676684, -27.520593], [-54.67348, -27.509741], [-54.666452, -27.50385], [-54.659475, -27.502816], [-54.656194, -27.50726], [-54.651233, -27.525864], [-54.639528, -27.526794], [-54.625912, -27.515322], [-54.61524, -27.496718], [-54.609814, -27.478528], [-54.605319, -27.467986], [-54.598497, -27.459098], [-54.589454, -27.452587], [-54.583821, -27.45207], [-54.57855, -27.45424], [-54.57054, -27.455687], [-54.567233, -27.459615], [-54.557621, -27.477805], [-54.553797, -27.482973], [-54.543255, -27.487003], [-54.53354, -27.487417], [-54.468583, -27.47026], [-54.448377, -27.458891], [-54.447654, -27.445765], [-54.464552, -27.423338], [-54.460831, -27.412589], [-54.444553, -27.408972], [-54.404246, -27.407422], [-54.388898, -27.411142], [-54.378717, -27.422718], [-54.374997, -27.445765], [-54.371586, -27.454447], [-54.363473, -27.453517], [-54.354326, -27.446282], [-54.347712, -27.435844], [-54.34611, -27.426542], [-54.347712, -27.394296], [-54.334017, -27.406078], [-54.321512, -27.419514], [-54.306939, -27.428919], [-54.286888, -27.428402], [-54.281927, -27.424371], [-54.274899, -27.416103], [-54.268595, -27.406388], [-54.265804, -27.398016], [-54.261257, -27.388715], [-54.250715, -27.385201], [-54.239243, -27.383857], [-54.231646, -27.38055], [-54.229579, -27.371972], [-54.231801, -27.351508], [-54.227926, -27.343033], [-54.222551, -27.336832], [-54.218159, -27.329287], [-54.18953, -27.260867], [-54.177024, -27.243401], [-54.164777, -27.250635], [-54.15594, -27.257663], [-54.158059, -27.279471], [-54.12819, -27.288876], [-54.091758, -27.285155], [-54.018119, -27.212291], [-54.010885, -27.193998], [-54.005148, -27.18821], [-53.997294, -27.18728], [-53.992694, -27.19007], [-53.988457, -27.193791], [-53.981481, -27.195652], [-53.961792, -27.191414], [-53.961068, -27.180769], [-53.966236, -27.16723], [-53.964117, -27.154], [-53.950888, -27.147799], [-53.938538, -27.155447], [-53.925412, -27.165989], [-53.909495, -27.168263], [-53.899418, -27.158445], [-53.89084, -27.127129], [-53.88221, -27.119894], [-53.868774, -27.125888], [-53.857871, -27.140978], [-53.848776, -27.157514], [-53.842006, -27.163509], [-53.830017, -27.156791], [-53.819217, -27.139738], [-53.818752, -27.131469], [-53.82826, -27.121754], [-53.828725, -27.114416], [-53.824333, -27.109352], [-53.80976, -27.10098], [-53.804902, -27.094366], [-53.803249, -27.08062], [-53.805006, -27.052198], [-53.800923, -27.039072], [-53.795807, -27.035868], [-53.780046, -27.033801], [-53.773173, -27.030184], [-53.76847, -27.024086], [-53.724597, -26.940473], [-53.712505, -26.904507], [-53.710696, -26.873811], [-53.722427, -26.814383], [-53.734002, -26.777383], [-53.737568, -26.775729], [-53.74966, -26.774902], [-53.752916, -26.773248], [-53.753898, -26.76312], [-53.747283, -26.749064], [-53.747852, -26.739142], [-53.752451, -26.735938], [-53.761081, -26.732837], [-53.769659, -26.726636], [-53.77431, -26.714337], [-53.771726, -26.703692], [-53.763613, -26.700798], [-53.753743, -26.699558], [-53.746043, -26.693873], [-53.739532, -26.67558], [-53.737878, -26.65708], [-53.742942, -26.619149], [-53.742374, -26.600546], [-53.72961, -26.565819], [-53.726819, -26.548559], [-53.728214, -26.551867], [-53.731832, -26.545562], [-53.735604, -26.535123], [-53.737465, -26.525305], [-53.734571, -26.518277], [-53.727439, -26.511352], [-53.712918, -26.5005], [-53.712918, -26.500293], [-53.712763, -26.469598], [-53.724442, -26.376063], [-53.715864, -26.346711], [-53.673231, -26.292554], [-53.661552, -26.259791], [-53.66672, -26.219174], [-53.685116, -26.187651], [-53.733382, -26.126363], [-53.746766, -26.091636], [-53.753484, -26.058667], [-53.765008, -26.028074], [-53.792707, -26.000582], [-53.792707, -26.000479], [-53.792862, -26.000376], [-53.826193, -25.972677], [-53.833428, -25.962238], [-53.836063, -25.949733], [-53.833944, -25.940328], [-53.830585, -25.931646], [-53.829604, -25.921311], [-53.841644, -25.867671], [-53.837303, -25.809173], [-53.840352, -25.791396], [-53.849344, -25.772896], [-53.857819, -25.763181], [-53.877043, -25.746128], [-53.88345, -25.735586], [-53.885518, -25.722563], [-53.88252, -25.713468], [-53.878283, -25.70613], [-53.876474, -25.697862], [-53.887533, -25.661275], [-53.898127, -25.639467], [-53.90996, -25.629236], [-53.948098, -25.65063], [-53.967735, -25.653213], [-53.97621, -25.627582], [-53.978277, -25.607015], [-53.984995, -25.589341], [-53.997449, -25.574975], [-54.016517, -25.565053], [-54.030212, -25.56216], [-54.036774, -25.564537], [-54.042924, -25.568464], [-54.055378, -25.570738], [-54.072483, -25.555338], [-54.082715, -25.550067], [-54.089278, -25.558852], [-54.088761, -25.568361], [-54.086487, -25.579833], [-54.085764, -25.590582], [-54.089639, -25.597403], [-54.09889, -25.597196], [-54.108966, -25.590272], [-54.1177, -25.580556], [-54.123126, -25.571771], [-54.125968, -25.552031], [-54.12018, -25.535494], [-54.11186, -25.519371], [-54.107158, -25.500561], [-54.111447, -25.49591], [-54.116408, -25.494567], [-54.122092, -25.49622], [-54.12819, -25.500561], [-54.154287, -25.52826], [-54.165087, -25.534358], [-54.177696, -25.535805], [-54.196713, -25.529603], [-54.206945, -25.52795], [-54.2148, -25.531464], [-54.194698, -25.563296], [-54.190253, -25.580763], [-54.209942, -25.58221], [-54.228959, -25.577042], [-54.235109, -25.576732], [-54.243687, -25.577559], [-54.24963, -25.593269], [-54.255624, -25.598746], [-54.263169, -25.590065], [-54.273659, -25.568774], [-54.284408, -25.556785], [-54.299239, -25.552651], [-54.321718, -25.555132], [-54.333087, -25.561953], [-54.349675, -25.582417], [-54.360114, -25.584277], [-54.377787, -25.577662], [-54.38621, -25.577146], [-54.395409, -25.581073], [-54.40285, -25.590272], [-54.403677, -25.600193], [-54.402799, -25.610322], [-54.405072, -25.61983], [-54.412669, -25.627272], [-54.431324, -25.636884], [-54.437422, -25.645049], [-54.437732, -25.655384], [-54.433133, -25.676571], [-54.437318, -25.685253], [-54.447344, -25.68918], [-54.453545, -25.683186], [-54.456542, -25.672644], [-54.457007, -25.663135], [-54.460573, -25.642051], [-54.473027, -25.625825], [-54.491062, -25.614043], [-54.511422, -25.606188], [-54.5323, -25.610632], [-54.538708, -25.60133], [-54.54, -25.586758], [-54.545632, -25.574769], [-54.56005, -25.570221], [-54.600203, -25.574945], [-54.599944, -25.572702], [-54.594156, -25.54862], [-54.591469, -25.524746], [-54.598497, -25.505832], [-54.608523, -25.487642], [-54.61245, -25.465525], [-54.61183, -25.444027], [-54.609814, -25.432762], [-54.597981, -25.397518], [-54.575656, -25.360311], [-54.547079, -25.336644], [-54.528476, -25.314319], [-54.503568, -25.278663], [-54.48145, -25.21324], [-54.46941, -25.195464], [-54.435665, -25.167042], [-54.426621, -25.149472], [-54.429722, -25.130558], [-54.455199, -25.092111], [-54.463312, -25.072784], [-54.46419, -25.055937], [-54.462278, -25.03723], [-54.453286, -25.002814], [-54.407294, -24.821223], [-54.39975, -24.80479], [-54.371121, -24.766653], [-54.358429, -24.731422], [-54.321305, -24.628366], [-54.320685, -24.595914], [-54.334792, -24.527287], [-54.334534, -24.496695], [-54.322907, -24.464345], [-54.284098, -24.411325], [-54.271696, -24.389415], [-54.262187, -24.358512], [-54.26105, -24.32947], [-54.274331, -24.298257], [-54.282651, -24.275313], [-54.306267, -24.246684], [-54.314122, -24.234179], [-54.318979, -24.196765], [-54.331847, -24.165036], [-54.334637, -24.148912], [-54.324767, -24.118217], [-54.301048, -24.089898], [-54.266218, -24.06592], [-54.245289, -24.050624], [-54.24575, -24.050393], [-54.273608, -24.036465], [-54.367607, -23.984685], [-54.422901, -23.913785], [-54.443158, -23.899935], [-54.612553, -23.811155], [-54.639218, -23.804437], [-54.654592, -23.811465], [-54.679784, -23.836683], [-54.696838, -23.845158], [-54.827424, -23.887016], [-54.891916, -23.920606], [-54.904887, -23.933008], [-54.926746, -23.95988], [-54.943644, -23.969182], [-54.961059, -23.971766], [-54.994571, -23.973109], [-55.011495, -23.980551], [-55.042294, -23.989026], [-55.105572, -23.988509], [-55.131075, -24.000394], [-55.131075, -24.000601], [-55.131281, -24.000601], [-55.165439, -24.016827], [-55.200864, -24.019515], [-55.23683, -24.012693], [-55.27241, -24.000601], [-55.272565, -24.000498], [-55.272668, -24.000498], [-55.27272, -24.000394], [-55.304346, -23.99409], [-55.367184, -23.989646], [-55.398035, -23.97683], [-55.420669, -23.954506], [-55.430178, -23.928564], [-55.445319, -23.735449], [-55.466971, -23.673231], [-55.51131, -23.629409], [-55.530533, -23.603468], [-55.533892, -23.569981], [-55.533066, -23.534015], [-55.533796, -23.530444], [-55.539913, -23.500528], [-55.542471, -23.465802], [-55.515547, -23.410198], [-55.513868, -23.379399], [-55.524875, -23.360485], [-55.555596, -23.330306], [-55.562159, -23.307879], [-55.559007, -23.291342], [-55.535649, -23.245867], [-55.535236, -23.229124], [-55.557147, -23.15471], [-55.560867, -23.145925], [-55.588669, -23.130112], [-55.599392, -23.117089], [-55.600142, -23.100553], [-55.595232, -23.064069], [-55.600684, -23.044535], [-55.611459, -23.029136], [-55.637814, -23.000714], [-55.639984, -22.983764], [-55.634351, -22.950071], [-55.6343, -22.932811], [-55.656572, -22.85571], [-55.659001, -22.818296], [-55.645927, -22.78791], [-55.628589, -22.758971], [-55.618332, -22.725692], [-55.619184, -22.716907], [-55.62567, -22.700784], [-55.627788, -22.692102], [-55.627013, -22.683627], [-55.62151, -22.667091], [-55.620476, -22.659339], [-55.62368, -22.638669], [-55.631199, -22.626783], [-55.644351, -22.619548], [-55.664685, -22.612727], [-55.697913, -22.595571], [-55.723932, -22.569629], [-55.74127, -22.537176], [-55.748298, -22.500899], [-55.751579, -22.416253], [-55.760235, -22.391965], [-55.770157, -22.381423], [-55.810775, -22.353105], [-55.86103, -22.289543], [-55.872011, -22.310213], [-55.874388, -22.317345], [-55.89294, -22.306803], [-55.955262, -22.301325], [-55.970868, -22.293884], [-55.985234, -22.283238], [-55.998567, -22.277244], [-56.011357, -22.283858], [-56.024715, -22.287372], [-56.196798, -22.279311], [-56.214264, -22.275383], [-56.231524, -22.265358], [-56.261083, -22.23859], [-56.316842, -22.207687], [-56.347331, -22.180402], [-56.370844, -22.147329], [-56.397302, -22.086248], [-56.407637, -22.075809], [-56.421797, -22.074465], [-56.493834, -22.086558], [-56.5113, -22.091415], [-56.521636, -22.09989], [-56.530679, -22.109089], [-56.545975, -22.130069], [-56.549076, -22.13627], [-56.554605, -22.152083], [-56.558016, -22.156424], [-56.565302, -22.159938], [-56.567912, -22.162315], [-56.584965, -22.190531], [-56.59574, -22.201486], [-56.629174, -22.22474], [-56.637184, -22.228254], [-56.648346, -22.231355], [-56.654703, -22.23735], [-56.644135, -22.255436], [-56.648811, -22.263498], [-56.664573, -22.259984], [-56.698602, -22.2235], [-56.715371, -22.215439], [-56.720538, -22.21947], [-56.728548, -22.237453], [-56.733199, -22.244067], [-56.743534, -22.250372], [-56.745601, -22.248408], [-56.74679, -22.243964], [-56.754361, -22.242621], [-56.786994, -22.251819], [-56.794565, -22.252542], [-56.808285, -22.247995], [-56.811902, -22.249649], [-56.813142, -22.25616], [-56.819654, -22.265462], [-56.842856, -22.289026], [-56.85606, -22.29316], [-56.879547, -22.289956], [-56.881717, -22.277244], [-56.892001, -22.252232], [-56.90368, -22.236936], [-56.91479, -22.262878], [-56.924944, -22.262361], [-56.942592, -22.253989], [-56.9521, -22.253576], [-56.960524, -22.254816], [-56.965485, -22.250889], [-56.964554, -22.234869], [-56.975717, -22.24169], [-56.986465, -22.24138], [-57.011167, -22.233836], [-57.027651, -22.235076], [-57.059484, -22.232699], [-57.071628, -22.235696], [-57.079224, -22.23859], [-57.085064, -22.238073], [-57.090748, -22.236419], [-57.108473, -22.233525], [-57.113279, -22.229391], [-57.114623, -22.225051], [-57.115036, -22.22288], [-57.124183, -22.218539], [-57.154155, -22.207997], [-57.170382, -22.205724], [-57.177926, -22.207377], [-57.183611, -22.210891], [-57.189967, -22.213578], [-57.199527, -22.212855], [-57.2064, -22.207481], [-57.209449, -22.192081], [-57.21379, -22.188154], [-57.227484, -22.191254], [-57.252444, -22.210581], [-57.271667, -22.213785], [-57.316316, -22.203657], [-57.331767, -22.202416], [-57.333059, -22.205414], [-57.334816, -22.211718], [-57.339932, -22.216989], [-57.351249, -22.217196], [-57.366649, -22.209134], [-57.37502, -22.207274], [-57.378638, -22.213372], [-57.384994, -22.213268], [-57.41786, -22.193838], [-57.432278, -22.18867], [-57.443182, -22.187947], [-57.463955, -22.180402], [-57.472482, -22.180299], [-57.511188, -22.188774], [-57.534597, -22.174408], [-57.542297, -22.171514], [-57.554699, -22.170274], [-57.55997, -22.171617], [-57.564001, -22.174408], [-57.572734, -22.177715], [-57.596712, -22.181022], [-57.614075, -22.176991], [-57.627201, -22.165106], [-57.638932, -22.144539], [-57.654486, -22.104541], [-57.663685, -22.100614], [-57.670816, -22.102371], [-57.678516, -22.106401], [-57.689626, -22.109295], [-57.709935, -22.108469], [-57.723268, -22.104748], [-57.736342, -22.103714], [-57.756186, -22.110639], [-57.760268, -22.110742], [-57.769932, -22.107435], [-57.773652, -22.107745], [-57.775616, -22.111156], [-57.777425, -22.117047], [-57.777786, -22.122318], [-57.775409, -22.123971], [-57.787502, -22.129656], [-57.795305, -22.130999], [-57.805485, -22.128622], [-57.815769, -22.128312], [-57.831788, -22.141128], [-57.843881, -22.143712], [-57.848686, -22.140301], [-57.862846, -22.125832], [-57.871372, -22.121181], [-57.878194, -22.122111], [-57.895505, -22.128932], [-57.906254, -22.128932], [-57.939999, -22.11839], [-57.952453, -22.105988], [-57.961393, -22.090072], [-57.972865, -22.081183], [-57.973134, -22.081048], [-57.986249, -22.074465], [-57.988006, -22.06413], [-57.988368, -22.049041], [-57.986818, -22.035295], [-57.964855, -21.976694], [-57.962633, -21.966978], [-57.953228, -21.958193], [-57.929922, -21.917369], [-57.925374, -21.904967], [-57.932764, -21.881919], [-57.946665, -21.865486], [-57.955915, -21.85112], [-57.948939, -21.83386], [-57.93571, -21.812053], [-57.934779, -21.792932], [-57.938448, -21.774639], [-57.939017, -21.755312], [-57.895609, -21.688442], [-57.901138, -21.678934], [-57.911783, -21.673043], [-57.924341, -21.658677], [-57.934831, -21.640693], [-57.939017, -21.623744], [-57.932144, -21.60669], [-57.919328, -21.583953], [-57.912093, -21.564006], [-57.921602, -21.555427], [-57.939792, -21.548193], [-57.948112, -21.530519], [-57.949145, -21.508298], [-57.94527, -21.487214], [-57.929922, -21.453108], [-57.863311, -21.356886], [-57.855559, -21.330738], [-57.866308, -21.32092], [-57.882328, -21.316372], [-57.890648, -21.305934], [-57.893645, -21.300352], [-57.89995, -21.295081], [-57.90491, -21.287433], [-57.90429, -21.274928], [-57.899019, -21.267176], [-57.870701, -21.247643], [-57.84786, -21.216223], [-57.833959, -21.173849], [-57.829876, -21.12703], [-57.836026, -21.082485], [-57.851735, -21.051996], [-57.852459, -21.037836], [-57.82538, -20.998562], [-57.816027, -20.975411], [-57.817577, -20.953604], [-57.836026, -20.938514], [-57.840315, -20.955981], [-57.847033, -20.955981], [-57.869925, -20.932726], [-57.893025, -20.914846], [-57.898089, -20.914846], [-57.901138, -20.912366], [-57.908011, -20.910505], [-57.914832, -20.905648], [-57.917933, -20.894382], [-57.908683, -20.881567], [-57.867393, -20.860069], [-57.85711, -20.849734], [-57.859642, -20.831647], [-57.870701, -20.816454], [-57.887651, -20.805912], [-57.908011, -20.801985], [-57.933953, -20.799711], [-57.940412, -20.793613], [-57.933074, -20.784622], [-57.917933, -20.77408], [-57.906667, -20.762194], [-57.898761, -20.756613], [-57.877005, -20.752376], [-57.865275, -20.747415], [-57.857678, -20.73987], [-57.86021, -20.730258], [-57.868944, -20.722197], [-57.884343, -20.711965], [-57.890648, -20.706384], [-57.894472, -20.699976], [-57.900208, -20.685196], [-57.90429, -20.678995], [-57.918088, -20.669797], [-57.934004, -20.66742], [-57.947182, -20.675068], [-57.95638, -20.709898], [-57.96501, -20.711034], [-57.974415, -20.704006], [-57.980616, -20.692741], [-57.981082, -20.681165], [-57.973588, -20.661942], [-57.973123, -20.651193], [-57.977826, -20.640134], [-57.990952, -20.620601], [-57.993639, -20.606751], [-57.992554, -20.585047], [-57.993329, -20.573782], [-58.004749, -20.549804], [-58.008935, -20.525723], [-58.01002, -20.500091], [-58.007902, -20.479834], [-57.99214, -20.450895], [-57.989401, -20.433119], [-58.004181, -20.42516], [-58.023146, -20.420716], [-58.045625, -20.409347], [-58.067123, -20.393534], [-58.082987, -20.376171], [-58.090791, -20.359428], [-58.097715, -20.334623], [-58.099937, -20.309199], [-58.090325, -20.281707], [-58.09508, -20.272198], [-58.10309, -20.264447], [-58.109756, -20.260726], [-58.120039, -20.261346], [-58.126241, -20.267031], [-58.130943, -20.272818], [-58.137041, -20.274369], [-58.156316, -20.261656], [-58.162672, -20.243156], [-58.155283, -20.226413], [-58.118541, -20.214424], [-58.120505, -20.203882], [-58.12991, -20.192513], [-58.137041, -20.185588], [-58.144069, -20.183521], [-58.152337, -20.184658], [-58.158332, -20.181144], [-58.158797, -20.165125], [-58.116319, -20.150449], [-58.103555, -20.144041], [-58.098284, -20.13815], [-58.086243, -20.12089], [-58.079577, -20.117376], [-58.053532, -20.10766], [-58.022371, -20.064976], [-57.997101, -20.055261], [-57.985681, -20.05309], [-57.975811, -20.047509], [-57.968938, -20.039758], [-57.966354, -20.031076], [-57.959171, -20.026218], [-57.943203, -20.028079], [-57.917933, -20.034177], [-57.895609, -20.024151], [-57.881139, -20.009165], [-57.86977, -19.992939], [-57.859745, -19.980123], [-57.960463, -19.8931], [-58.04113, -19.82344], [-58.116939, -19.758018], [-58.124639, -19.729906], [-58.089757, -19.659419], [-58.077458, -19.634718], [-58.050483, -19.580147], [-58.02356, -19.52568], [-58.011261, -19.500876], [-58.011209, -19.500772], [-58.011209, -19.500669], [-57.980048, -19.438864], [-57.911628, -19.302852], [-57.843105, -19.166839], [-57.812048, -19.105034], [-57.789, -19.059249], [-57.771895, -19.048707], [-57.715826, -19.044573], [-57.721769, -19.001165], [-57.727557, -18.941943], [-57.731794, -18.921996], [-57.742233, -18.913625], [-57.782334, -18.910421], [-57.771068, -18.876314], [-57.723991, -18.733687], [-57.677017, -18.59106], [-57.630043, -18.448434], [-57.583018, -18.305703], [-57.56674, -18.256094], [-57.553872, -18.244518], [-57.535734, -18.240488], [-57.466798, -18.239557], [-57.465661, -18.21775], [-57.474549, -18.208035], [-57.490724, -18.205554], [-57.511188, -18.205554], [-57.551082, -18.183643], [-57.585498, -18.122769], [-57.636916, -18.001122], [-57.730089, -17.846093], [-57.698773, -17.843096], [-57.696809, -17.825112], [-57.711331, -17.800824], [-57.729314, -17.779327], [-57.732983, -17.768475], [-57.724456, -17.736642], [-57.740373, -17.730234], [-57.754894, -17.720623], [-57.767554, -17.708737], [-57.777941, -17.695508], [-57.7859, -17.677525], [-57.787967, -17.658921], [-57.787553, -17.620474], [-57.789569, -17.604144], [-57.788277, -17.58058], [-57.790757, -17.555775], [-57.800731, -17.533451], [-57.814425, -17.519705], [-57.836749, -17.511023], [-57.854113, -17.508543], [-57.877005, -17.512263], [-57.905686, -17.520325], [-57.943564, -17.517844], [-57.981495, -17.508749], [-58.010175, -17.49676], [-58.053687, -17.462344], [-58.065727, -17.455936], [-58.101126, -17.44126], [-58.11203, -17.433508], [-58.139366, -17.40457], [-58.152234, -17.396405], [-58.163189, -17.393407], [-58.174558, -17.392064], [-58.188407, -17.38855], [-58.204065, -17.377388], [-58.22024, -17.344315], [-58.231557, -17.329742], [-58.239929, -17.325195], [-58.256155, -17.322507], [-58.264527, -17.320027], [-58.274397, -17.314032], [-58.292277, -17.299666], [-58.302147, -17.293775], [-58.312172, -17.290881], [-58.343695, -17.286954], [-58.38116, -17.267214], [-58.399144, -17.237448], [-58.404828, -17.199621], [-58.406275, -17.110117], [-58.410978, -17.088206], [-58.421623, -17.070636], [-58.426791, -17.055237], [-58.432475, -16.98537], [-58.439193, -16.967284], [-58.45635, -16.937001], [-58.466272, -16.887289], [-58.466633, -16.875506], [-58.464049, -16.866101], [-58.455109, -16.848324], [-58.452939, -16.841296], [-58.456246, -16.802436], [-58.476658, -16.726988], [-58.480276, -16.683683], [-58.472679, -16.649577], [-58.455885, -16.619088], [-58.356097, -16.509534], [-58.342661, -16.473154], [-58.36359, -16.43667], [-58.362299, -16.419307], [-58.338837, -16.400497], [-58.334548, -16.386647], [-58.339561, -16.289289], [-58.349741, -16.2804], [-58.392943, -16.279367], [-58.400332, -16.284225], [-58.414233, -16.308926], [-58.421623, -16.318434], [-58.442242, -16.32846], [-58.464721, -16.33125], [-58.536965, -16.32877], [-58.727444, -16.322155], [-58.917769, -16.315437], [-59.108248, -16.308719], [-59.298675, -16.302105], [-59.489103, -16.295387], [-59.679557, -16.288772], [-59.87001, -16.282157], [-60.060412, -16.27544], [-60.129839, -16.273062], [-60.16069, -16.264794], [-60.17981, -16.222006], [-60.186968, -16.108731], [-60.193763, -16.001451], [-60.206992, -15.853036], [-60.224821, -15.651395], [-60.237972, -15.50267], [-60.246395, -15.478279], [-60.260451, -15.456058], [-60.352125, -15.349605], [-60.460181, -15.224238], [-60.529479, -15.143726], [-60.582241, -15.098871], [-60.389307, -15.096493], [-60.274972, -15.09515], [-60.269805, -15.083368], [-60.272905, -15.018565], [-60.276859, -14.936607], [-60.280889, -14.854648], [-60.284869, -14.772689], [-60.288822, -14.69073], [-60.291716, -14.630062], [-60.30404, -14.608151], [-60.35272, -14.575388], [-60.369204, -14.542832], [-60.338431, -14.5326], [-60.343806, -14.490949], [-60.376698, -14.419946], [-60.391348, -14.357107], [-60.399926, -14.340777], [-60.454316, -14.296646], [-60.464341, -14.278352], [-60.465633, -14.251067], [-60.462015, -14.223885], [-60.462403, -14.19846], [-60.475684, -14.176033], [-60.478939, -14.1627], [-60.477647, -14.139963], [-60.473513, -14.117225], [-60.468268, -14.103686], [-60.461395, -14.098622], [-60.437236, -14.092007], [-60.419434, -14.076917], [-60.409409, -14.055317], [-60.396515, -14.008394], [-60.387963, -13.989378], [-60.387188, -13.98328], [-60.389694, -13.974908], [-60.39574, -13.970981], [-60.40543, -13.966743], [-60.411605, -13.960542], [-60.406722, -13.950414], [-60.408634, -13.944522], [-60.430441, -13.926746], [-60.438554, -13.918374], [-60.448812, -13.896773], [-60.457313, -13.870935], [-60.463126, -13.843443], [-60.465271, -13.816572], [-60.472635, -13.797865], [-60.490618, -13.787736], [-60.566066, -13.769959], [-60.575135, -13.765619], [-60.579579, -13.761071], [-60.584876, -13.749082], [-60.588623, -13.744535], [-60.595082, -13.741641], [-60.618078, -13.736886], [-60.652701, -13.7188], [-60.725572, -13.662845], [-60.801969, -13.604181], [-60.870673, -13.575449], [-60.878243, -13.570385], [-60.896743, -13.552918], [-60.929299, -13.5462], [-60.977875, -13.542997], [-61.022007, -13.535245], [-61.041256, -13.515195], [-61.041256, -13.474577], [-61.047225, -13.464552], [-61.060118, -13.467136], [-61.072185, -13.47437], [-61.076009, -13.478298], [-61.118719, -13.484499], [-61.133576, -13.494007], [-61.139312, -13.514058], [-61.149105, -13.519845], [-61.215044, -13.517468], [-61.237885, -13.524393], [-61.248556, -13.524393], [-61.260029, -13.520052], [-61.281216, -13.507236], [-61.317131, -13.500932], [-61.332376, -13.494834], [-61.347724, -13.493697], [-61.415471, -13.528114], [-61.45875, -13.54372], [-61.503425, -13.548164], [-61.550812, -13.538036], [-61.560863, -13.532661], [-61.588071, -13.50765], [-61.59306, -13.506794], [-61.597114, -13.5061], [-61.668092, -13.512507], [-61.692896, -13.517985], [-61.715737, -13.526563], [-61.735116, -13.538036], [-61.75434, -13.530284], [-61.774235, -13.533385], [-61.794285, -13.540309], [-61.813974, -13.544237], [-61.83635, -13.540619], [-61.847977, -13.530801], [-61.868596, -13.463932], [-61.872317, -13.456077], [-61.879913, -13.449152], [-61.899499, -13.43923], [-61.909834, -13.431892], [-61.958358, -13.385487], [-61.97536, -13.374118], [-61.997787, -13.364093], [-62.003265, -13.360475], [-62.018665, -13.336808], [-62.019698, -13.33257], [-62.033599, -13.325542], [-62.077731, -13.277896], [-62.099228, -13.2626], [-62.109408, -13.248958], [-62.112457, -13.231801], [-62.112509, -13.164777], [-62.114679, -13.150204], [-62.120467, -13.148757], [-62.129149, -13.150927], [-62.139846, -13.147], [-62.162377, -13.120748], [-62.172454, -13.117855], [-62.173952, -13.140799], [-62.200927, -13.122712], [-62.211521, -13.120335], [-62.22165, -13.121265], [-62.259167, -13.130774], [-62.273636, -13.138422], [-62.290328, -13.142039], [-62.310533, -13.133978], [-62.321592, -13.143693], [-62.335028, -13.14514], [-62.381846, -13.139869], [-62.389701, -13.137078], [-62.406703, -13.126536], [-62.410269, -13.125709], [-62.424118, -13.126536], [-62.427477, -13.124572], [-62.428717, -13.114547], [-62.430939, -13.109793], [-62.458483, -13.07796], [-62.472125, -13.068452], [-62.492692, -13.065041], [-62.554601, -13.066798], [-62.641676, -13.030005], [-62.64519, -13.025354], [-62.647515, -13.001583], [-62.651339, -12.992487], [-62.657902, -12.984633], [-62.667462, -12.976364], [-62.686634, -12.964996], [-62.698985, -12.966649], [-62.709165, -12.974607], [-62.722032, -12.982566], [-62.741308, -12.985356], [-62.757896, -12.985149], [-62.768645, -12.990627], [-62.770453, -13.010471], [-62.789832, -13.000652], [-62.807402, -12.98887], [-62.820166, -12.974918], [-62.825075, -12.958691], [-62.826677, -12.950009], [-62.831431, -12.944945], [-62.838925, -12.942775], [-62.849001, -12.942155], [-62.860112, -12.940294], [-62.865073, -12.93554], [-62.867915, -12.929029], [-62.92047, -12.862263], [-62.923777, -12.852858], [-62.928893, -12.846036], [-62.93804, -12.849447], [-62.946515, -12.855235], [-62.955145, -12.857509], [-62.964498, -12.856578], [-62.975299, -12.852858], [-62.988011, -12.843866], [-62.999173, -12.829087], [-63.00708, -12.809966], [-63.010025, -12.787952], [-63.014728, -12.77772], [-63.025683, -12.765731], [-63.047904, -12.746714], [-63.051108, -12.742167], [-63.052193, -12.736482], [-63.051108, -12.730798], [-63.04346, -12.719119], [-63.047077, -12.713538], [-63.053588, -12.70837], [-63.057826, -12.701963], [-63.064751, -12.666202], [-63.075034, -12.652663], [-63.105213, -12.645222], [-63.125057, -12.63592], [-63.136684, -12.63375], [-63.139475, -12.63561], [-63.16707, -12.647392], [-63.171669, -12.652353], [-63.176113, -12.663619], [-63.180712, -12.667856], [-63.18557, -12.668476], [-63.197301, -12.666823], [-63.201848, -12.667856], [-63.222674, -12.682532], [-63.232027, -12.691111], [-63.235955, -12.698552], [-63.247323, -12.701342], [-63.317913, -12.701963], [-63.330419, -12.697002], [-63.359461, -12.674677], [-63.371088, -12.669923], [-63.393309, -12.664549], [-63.431446, -12.636954], [-63.435219, -12.630339], [-63.438164, -12.619177], [-63.445347, -12.614836], [-63.454236, -12.612046], [-63.462504, -12.605121], [-63.46638, -12.595302], [-63.467, -12.585794], [-63.468757, -12.575769], [-63.476198, -12.564813], [-63.485758, -12.557475], [-63.496145, -12.553341], [-63.507514, -12.551584], [-63.520227, -12.551171], [-63.542189, -12.547967], [-63.558726, -12.539905], [-63.600428, -12.506109], [-63.654844, -12.478307], [-63.657738, -12.475413], [-63.801398, -12.454949], [-63.814989, -12.457223], [-63.845581, -12.466938], [-63.862893, -12.469212], [-63.863203, -12.474793], [-63.896896, -12.515721], [-63.902477, -12.525436], [-63.909143, -12.534324], [-63.921236, -12.544349], [-63.939064, -12.544143], [-63.950019, -12.536805], [-63.959321, -12.52802], [-63.972447, -12.523886], [-64.004176, -12.535461], [-64.022832, -12.537838], [-64.044458, -12.509106], [-64.104455, -12.507142], [-64.119828, -12.489676], [-64.134763, -12.510863], [-64.144788, -12.520372], [-64.155252, -12.516961], [-64.183106, -12.487919], [-64.19755, -12.47872], [-64.215223, -12.473759], [-64.236565, -12.475413], [-64.245712, -12.479444], [-64.256822, -12.490813], [-64.26385, -12.495257], [-64.268708, -12.497221], [-64.278242, -12.499288], [-64.287544, -12.497117], [-64.297699, -12.465698], [-64.312659, -12.461874], [-64.353199, -12.469212], [-64.376763, -12.465905], [-64.395729, -12.457326], [-64.411335, -12.445131], [-64.424874, -12.431385], [-64.432367, -12.420946], [-64.444072, -12.399759], [-64.452521, -12.390354], [-64.461642, -12.385289], [-64.48363, -12.377641], [-64.48978, -12.373611], [-64.492441, -12.356557], [-64.474432, -12.316456], [-64.469316, -12.294856], [-64.468153, -12.272635], [-64.469058, -12.261059], [-64.473037, -12.253204], [-64.489392, -12.239459], [-64.49425, -12.238012], [-64.508848, -12.236048], [-64.510244, -12.237288], [-64.510347, -12.239562], [-64.511484, -12.242662], [-64.532103, -12.232224], [-64.548433, -12.219098], [-64.554892, -12.217754], [-64.58104, -12.217444], [-64.593417, -12.215997], [-64.640572, -12.19512], [-64.66486, -12.180961], [-64.67535, -12.171039], [-64.677184, -12.167628], [-64.685944, -12.159153], [-64.688992, -12.153882], [-64.688579, -12.147164], [-64.681577, -12.134865], [-64.681577, -12.126597], [-64.68646, -12.109957], [-64.689923, -12.104376], [-64.706382, -12.106133], [-64.710283, -12.111921], [-64.713642, -12.138483], [-64.716278, -12.146544], [-64.728396, -12.149852], [-64.739532, -12.144581], [-64.744183, -12.133625], [-64.736793, -12.119776], [-64.768574, -12.086496], [-64.780486, -12.067686], [-64.785188, -12.047429], [-64.7925, -12.032546], [-64.809295, -12.025828], [-64.827615, -12.022314], [-64.839836, -12.016733], [-64.862083, -12.024795], [-64.883503, -12.021384], [-64.904483, -12.014046], [-64.925154, -12.009912], [-64.967606, -12.007948], [-64.983445, -12.003917], [-64.997449, -11.996269], [-65.009438, -11.98428], [-65.016337, -11.968467], [-65.014632, -11.950277], [-65.00086, -11.931054], [-64.996493, -11.921235], [-64.998121, -11.908936], [-65.00458, -11.898394], [-65.014528, -11.893847], [-65.017939, -11.89364], [-65.028093, -11.888886], [-65.033674, -11.879791], [-65.038454, -11.8585], [-65.039204, -11.848681], [-65.037447, -11.828424], [-65.038454, -11.818709], [-65.043312, -11.80765], [-65.056309, -11.785636], [-65.065559, -11.75308], [-65.081062, -11.743468], [-65.0992, -11.736233], [-65.113566, -11.722591], [-65.110465, -11.699957], [-65.113411, -11.690551], [-65.127855, -11.694582], [-65.133978, -11.702644], [-65.138009, -11.715253], [-65.143538, -11.763829], [-65.151497, -11.77313], [-65.164467, -11.769823], [-65.182451, -11.756697], [-65.196197, -11.741814], [-65.201855, -11.727965], [-65.20232, -11.691482], [-65.200253, -11.681973], [-65.191339, -11.666884], [-65.189272, -11.657065], [-65.193354, -11.632364], [-65.190926, -11.623165], [-65.167439, -11.615517], [-65.173976, -11.606526], [-65.195447, -11.59216], [-65.207359, -11.587612], [-65.214542, -11.587509], [-65.219244, -11.584511], [-65.223404, -11.571076], [-65.223611, -11.55795], [-65.215989, -11.539966], [-65.215989, -11.530148], [-65.222655, -11.517435], [-65.233042, -11.50834], [-65.257562, -11.495318], [-65.29247, -11.504723], [-65.319548, -11.476404], [-65.353009, -11.390621], [-65.354766, -11.382353], [-65.353732, -11.372431], [-65.347505, -11.360752], [-65.330064, -11.340495], [-65.326447, -11.327783], [-65.334819, -11.321168], [-65.353913, -11.310626], [-65.37448, -11.295847], [-65.38727, -11.277553], [-65.388614, -11.253162], [-65.378614, -11.242], [-65.366057, -11.234042], [-65.360011, -11.218849], [-65.368331, -11.205413], [-65.385203, -11.193631], [-65.398148, -11.178025], [-65.394738, -11.153427], [-65.379674, -11.136373], [-65.341046, -11.106608], [-65.333294, -11.088521], [-65.337041, -11.067747], [-65.342699, -11.050591], [-65.341976, -11.032814], [-65.326447, -11.009353], [-65.317843, -11.002015], [-65.309652, -10.99664], [-65.302986, -10.990749], [-65.29911, -10.982068], [-65.299601, -10.969665], [-65.30451, -10.962017], [-65.310117, -10.956539], [-65.312779, -10.950958], [-65.31898, -10.865382], [-65.327119, -10.850499], [-65.342183, -10.834893], [-65.360295, -10.822594], [-65.399698, -10.812259], [-65.404737, -10.799236], [-65.389777, -10.753761], [-65.382258, -10.715624], [-65.381069, -10.698054], [-65.386753, -10.669529], [-65.400784, -10.655473], [-65.418612, -10.644517], [-65.435691, -10.62581], [-65.435639, -10.610824], [-65.429232, -10.561421], [-65.431996, -10.550673], [-65.435898, -10.546952], [-65.439308, -10.538167], [-65.441634, -10.527832], [-65.442487, -10.519357], [-65.441479, -10.513362], [-65.436725, -10.504061], [-65.435691, -10.499203], [-65.437913, -10.492588], [-65.44998, -10.474915], [-65.44998, -10.468094], [-65.425382, -10.463133], [-65.410938, -10.44918], [-65.38727, -10.406702], [-65.39143, -10.403498], [-65.393084, -10.400191], [-65.394738, -10.392439], [-65.394646, -10.39207], [-65.39019, -10.374043], [-65.379235, -10.351408], [-65.365024, -10.332185], [-65.327817, -10.314408], [-65.315621, -10.291257], [-65.305363, -10.242164], [-65.288077, -10.216223], [-65.284822, -10.206818], [-65.286837, -10.196482], [-65.296811, -10.173331], [-65.29911, -10.162996], [-65.301462, -10.119691], [-65.30557, -10.098401], [-65.324148, -10.046414], [-65.332932, -10.00838], [-65.336834, -9.967246], [-65.333294, -9.926835], [-65.325233, -9.905131], [-65.30358, -9.864513], [-65.29911, -9.841259], [-65.304381, -9.825652], [-65.316603, -9.812527], [-65.330323, -9.800744], [-65.340064, -9.789686], [-65.353732, -9.745037], [-65.356058, -9.741626], [-65.370501, -9.710621], [-65.397993, -9.686746], [-65.416235, -9.680132], [-65.442487, -9.679821], [-65.45184, -9.681372], [-65.465224, -9.696461], [-65.510777, -9.734082], [-65.517133, -9.743177], [-65.521396, -9.758576], [-65.525427, -9.767878], [-65.535323, -9.782451], [-65.546821, -9.795163], [-65.5508, -9.797024], [-65.562815, -9.799194], [-65.567983, -9.802088], [-65.569921, -9.806015], [-65.570618, -9.815834], [-65.571884, -9.818831], [-65.577052, -9.826169], [-65.579377, -9.832784], [-65.583977, -9.837228], [-65.596121, -9.837951], [-65.614388, -9.833921], [-65.628883, -9.826893], [-65.658494, -9.807359], [-65.663713, -9.802915], [-65.672628, -9.792579], [-65.678958, -9.789376], [-65.683609, -9.789892], [-65.694357, -9.793716], [-65.69707, -9.794336], [-65.705054, -9.793303], [-65.713116, -9.794233], [-65.717302, -9.791236], [-65.713736, -9.77873], [-65.709964, -9.755993], [-65.725493, -9.756819], [-65.76319, -9.772322], [-65.772441, -9.768808], [-65.77735, -9.763434], [-65.779959, -9.755993], [-65.782207, -9.746277], [-65.788564, -9.733048], [-65.794506, -9.737699], [-65.802645, -9.757336], [-65.803886, -9.764778], [-65.803705, -9.775526], [-65.806418, -9.784415], [-65.816521, -9.785965], [-65.822127, -9.781831], [-65.827398, -9.773976], [-65.831662, -9.765294], [-65.834065, -9.758266], [-65.85042, -9.77532], [-65.862461, -9.781831], [-65.874424, -9.781314], [-65.915274, -9.771702], [-65.92933, -9.770255], [-65.946952, -9.771392], [-65.965659, -9.776766], [-66.010385, -9.804052], [-66.029479, -9.808289], [-66.042786, -9.804878], [-66.069322, -9.790099], [-66.081724, -9.785655], [-66.086995, -9.784518], [-66.101981, -9.787412], [-66.106064, -9.790409], [-66.113117, -9.802398], [-66.118182, -9.806015], [-66.123582, -9.805085], [-66.127923, -9.801158], [-66.131695, -9.797024], [-66.135467, -9.795163], [-66.190658, -9.800848], [-66.20797, -9.808082], [-66.238975, -9.828133], [-66.257321, -9.834851], [-66.355273, -9.84963], [-66.371732, -9.855935], [-66.41328, -9.879189], [-66.43271, -9.886114], [-66.452864, -9.888698], [-66.513842, -9.883943], [-66.631871, -9.904304], [-66.64262, -9.907921], [-66.648925, -9.915879], [-66.65249, -9.926111], [-66.654816, -9.93717], [-66.660087, -9.945335], [-66.670009, -9.951536], [-66.751606, -9.982645], [-66.770623, -9.992567], [-66.902656, -10.09313], [-67.0643, -10.256944], [-67.110033, -10.282575], [-67.12073, -10.284539], [-67.141763, -10.285573], [-67.151736, -10.288983], [-67.159074, -10.297148], [-67.164862, -10.308517], [-67.172303, -10.319576], [-67.184706, -10.326707], [-67.201759, -10.32681], [-67.241033, -10.316372], [-67.259172, -10.313685], [-67.300668, -10.315132], [-67.323509, -10.318852], [-67.337823, -10.326087], [-67.339425, -10.334872], [-67.333689, -10.356679], [-67.335291, -10.366291], [-67.342836, -10.372492], [-67.353481, -10.376213], [-67.365005, -10.378073], [-67.409188, -10.378797], [-67.418335, -10.381484], [-67.42929, -10.390372], [-67.431874, -10.397917], [-67.432236, -10.406082], [-67.436628, -10.417451], [-67.450529, -10.435951], [-67.468048, -10.452281], [-67.488201, -10.464786], [-67.529336, -10.478532], [-67.565096, -10.495896], [-67.58463, -10.501787], [-67.599978, -10.515429], [-67.61114, -10.528762], [-67.630828, -10.559561], [-67.643489, -10.574547], [-67.673823, -10.599352], [-67.684675, -10.610514], [-67.696044, -10.640486], [-67.705139, -10.67666], [-67.721727, -10.705495], [-67.755782, -10.714177], [-67.774954, -10.706529], [-67.81428, -10.675936], [-67.833348, -10.664981], [-67.847766, -10.66095], [-67.862649, -10.65878], [-67.981815, -10.664361], [-68.010237, -10.65971], [-68.027135, -10.661777], [-68.043775, -10.666945], [-68.074574, -10.681724], [-68.09788, -10.697744], [-68.112091, -10.714074], [-68.147283, -10.779599], [-68.203558, -10.838924], [-68.217563, -10.858044], [-68.243763, -10.916955], [-68.257509, -10.938763], [-68.274355, -10.960053], [-68.29332, -10.978967], [-68.313836, -10.993436], [-68.331147, -11.000464], [-68.378276, -11.005012], [-68.396415, -11.014417], [-68.428196, -11.043666], [-68.442407, -11.047697], [-68.459667, -11.044803], [-68.476565, -11.044803], [-68.493308, -11.047387], [-68.536096, -11.061546], [-68.588031, -11.09865], [-68.61573, -11.112499], [-68.758331, -11.141128], [-68.775926, -11.140611], [-68.783988, -11.13534], [-68.787011, -11.126038], [-68.791171, -11.08511], [-68.785642, -11.059272], [-68.773989, -11.035088], [-68.757633, -11.011937], [-68.774557, -11.003462], [-68.804659, -10.994677], [-68.831685, -11.000361], [-68.858919, -11.01049], [-68.884034, -11.016381], [-68.908141, -11.013383], [-68.955425, -11.000464], [-68.978937, -11.001705], [-68.983382, -11.002428], [-68.992502, -11.002428], [-68.996998, -11.001705], [-69.071309, -10.969975], [-69.086889, -10.967185], [-69.121487, -10.970595], [-69.158513, -10.96212], [-69.236803, -10.952922], [-69.293518, -10.954989], [-69.329588, -10.949408], [-69.363074, -10.940106], [-69.39594, -10.935042], [-69.463378, -10.951268], [-69.502885, -10.955299], [-69.577635, -10.952302], [-69.596238, -10.951992], [-69.72021, -10.964911], [-69.753438, -10.958296], [-69.791058, -10.934319], [-69.808318, -10.927187], [-69.835087, -10.925327], [-69.875704, -10.928014], [-69.895135, -10.926877], [-69.914203, -10.921399], [-69.956113, -10.919332], [-70.198734, -11.041185], [-70.239481, -11.055138], [-70.2894, -11.06475], [-70.341025, -11.06723], [-70.391306, -11.059065], [-70.437272, -11.036741], [-70.46249, -11.0139], [-70.50719, -10.961294], [-70.534114, -10.938143], [-70.555559, -10.942793], [-70.641342, -11.0108], [-70.641136, -10.929874], [-70.640851, -10.802647], [-70.640516, -10.67542], [-70.640205, -10.548089], [-70.639844, -10.420862], [-70.639482, -10.293531], [-70.639172, -10.1662], [-70.638862, -10.038869], [-70.63866, -9.955892], [-70.638552, -9.911642], [-70.638448, -9.851801], [-70.629017, -9.811596], [-70.62323, -9.801054], [-70.615091, -9.792269], [-70.605453, -9.785035], [-70.595247, -9.77904], [-70.590079, -9.77904], [-70.579563, -9.785655], [-70.574163, -9.784931], [-70.56915, -9.779144], [-70.56667, -9.767051], [-70.563363, -9.760747], [-70.551244, -9.744107], [-70.543415, -9.72695], [-70.541865, -9.708244], [-70.548635, -9.687676], [-70.56021, -9.67331], [-70.589614, -9.650263], [-70.600802, -9.635276], [-70.607288, -9.616776], [-70.614677, -9.584117], [-70.624418, -9.565823], [-70.619225, -9.56448], [-70.592663, -9.563756], [-70.587444, -9.565617], [-70.573879, -9.567787], [-70.564525, -9.56541], [-70.578065, -9.541845], [-70.576153, -9.529133], [-70.567858, -9.519211], [-70.55512, -9.516007], [-70.557187, -9.512597], [-70.559797, -9.504948], [-70.561941, -9.501744], [-70.54326, -9.493476], [-70.5383, -9.480971], [-70.535664, -9.464434], [-70.525355, -9.446761], [-70.523753, -9.44397], [-70.524993, -9.430948], [-70.56698, -9.435289], [-70.586875, -9.439526], [-70.606383, -9.448828], [-70.627131, -9.466605], [-70.66209, -9.509186], [-70.680849, -9.527686], [-70.747279, -9.564583], [-70.767795, -9.579879], [-70.805389, -9.618016], [-70.825181, -9.633623], [-70.875488, -9.660494], [-70.891585, -9.678581], [-70.920266, -9.720129], [-70.931557, -9.729741], [-70.957473, -9.745347], [-70.969048, -9.754856], [-70.977601, -9.766741], [-70.989564, -9.792063], [-70.997212, -9.803535], [-71.015428, -9.817487], [-71.077466, -9.833817], [-71.144257, -9.863066], [-71.161052, -9.875572], [-71.17392, -9.897276], [-71.183118, -9.920634], [-71.196502, -9.939857], [-71.24513, -9.956084], [-71.280321, -9.983472], [-71.2997, -9.993394], [-71.313446, -9.994221], [-71.321714, -9.989467], [-71.328949, -9.983369], [-71.339646, -9.979751], [-71.354064, -9.981302], [-71.359593, -9.986883], [-71.363624, -9.994531], [-71.373391, -10.002282], [-71.391426, -10.00683], [-71.428684, -10.006727], [-71.60702, -10.00652], [-71.785355, -10.006106], [-71.963639, -10.0059], [-72.141974, -10.005693], [-72.195666, -10.00559], [-72.184607, -9.984609], [-72.183522, -9.967039], [-72.185537, -9.949676], [-72.183936, -9.929005], [-72.178354, -9.91867], [-72.162696, -9.900066], [-72.160423, -9.887664], [-72.162903, -9.877225], [-72.17112, -9.856865], [-72.173859, -9.845806], [-72.194736, -9.805809], [-72.265223, -9.762194], [-72.277005, -9.724263], [-72.265119, -9.686539], [-72.261657, -9.667419], [-72.267651, -9.649539], [-72.294885, -9.6175], [-72.304135, -9.60086], [-72.306925, -9.579983], [-72.305634, -9.55063], [-72.30677, -9.540915], [-72.312661, -9.532544], [-72.322945, -9.53213], [-72.334521, -9.533991], [-72.344546, -9.532854], [-72.362478, -9.520658], [-72.390228, -9.496473], [-72.409503, -9.486345], [-72.430225, -9.482211], [-72.49079, -9.486448], [-72.535645, -9.481591], [-72.554456, -9.47601], [-72.596055, -9.455546], [-72.636518, -9.442937], [-72.655948, -9.439009], [-72.659824, -9.439836], [-72.667782, -9.445314], [-72.672278, -9.446657], [-72.678014, -9.445004], [-72.686799, -9.437459], [-72.691708, -9.435082], [-72.813303, -9.410897], [-73.214984, -9.409037], [-73.193538, -9.375654], [-73.140828, -9.322841], [-73.117574, -9.291938], [-73.101192, -9.260002], [-73.090237, -9.244189], [-73.078403, -9.236851], [-73.064192, -9.234784], [-73.047914, -9.23034], [-73.034375, -9.222588], [-73.028535, -9.210599], [-73.027863, -9.183108], [-72.982388, -9.147141], [-72.972001, -9.134428], [-72.963681, -9.115515], [-72.959392, -9.085646], [-72.970037, -9.00193], [-72.976084, -8.985394], [-73.003679, -8.944156], [-73.016701, -8.93041], [-73.053805, -8.906019], [-73.068636, -8.89372], [-73.145841, -8.782202], [-73.163462, -8.73962], [-73.174573, -8.720707], [-73.191988, -8.70386], [-73.211005, -8.693938], [-73.269141, -8.68164], [-73.289863, -8.670477], [-73.308105, -8.653217], [-73.350583, -8.598337], [-73.356991, -8.581801], [-73.357662, -8.56299], [-73.348257, -8.518342], [-73.349291, -8.498085], [-73.356422, -8.479791], [-73.37053, -8.465219], [-73.379418, -8.461911], [-73.400502, -8.459431], [-73.410217, -8.455503], [-73.420242, -8.446202], [-73.436521, -8.425221], [-73.447269, -8.416126], [-73.526541, -8.372408], [-73.540829, -8.359075], [-73.547677, -8.340162], [-73.552715, -8.299131], [-73.561733, -8.272672], [-73.59062, -8.234742], [-73.60328, -8.211591], [-73.606174, -8.19278], [-73.600542, -8.15547], [-73.60111, -8.136143], [-73.611859, -8.112579], [-73.644725, -8.068344], [-73.65165, -8.046019], [-73.668031, -8.013773], [-73.70591, -7.993826], [-73.748491, -7.97698], [-73.778799, -7.954139], [-73.784949, -7.940393], [-73.795775, -7.89223], [-73.794638, -7.874144], [-73.7796, -7.874454], [-73.746114, -7.886443], [-73.713713, -7.866289], [-73.702551, -7.827841], [-73.712163, -7.788154], [-73.742238, -7.764073], [-73.7796, -7.752911], [-73.811149, -7.739268], [-73.838796, -7.720561], [-73.969382, -7.584652], [-74.009664, -7.561088], [-74.018475, -7.543518], [-73.984486, -7.529407], [-73.971423, -7.523984], [-73.958711, -7.50197], [-73.957781, -7.480369], [-73.949874, -7.465176], [-73.944319, -7.448743], [-73.950546, -7.423215], [-73.979433, -7.374536], [-73.982895, -7.356449], [-73.961062, -7.356449], [-73.92047, -7.372159], [-73.902022, -7.373399], [-73.879749, -7.365027], [-73.843421, -7.343117], [-73.825851, -7.337432], [-73.800271, -7.335675], [-73.760764, -7.337432], [-73.741256, -7.334435], [-73.724746, -7.324823], [-73.713093, -7.304669], [-73.71609, -7.286376], [-73.724539, -7.267566], [-73.734539, -7.225088], [-73.803552, -7.126489], [-73.806762, -7.117879], [-73.812337, -7.102924], [-73.806575, -7.078223], [-73.792261, -7.050008], [-73.767715, -6.959264], [-73.765493, -6.904177], [-73.759421, -6.887434], [-73.748595, -6.875548], [-73.706788, -6.849607], [-73.69697, -6.837204], [-73.685084, -6.811883], [-73.671958, -6.800721], [-73.644053, -6.783978], [-73.593875, -6.74398], [-73.513208, -6.697781], [-73.445409, -6.639594], [-73.40629, -6.615616], [-73.370685, -6.583886], [-73.349187, -6.576445], [-73.278494, -6.575722], [-73.233587, -6.564043], [-73.198964, -6.545646], [-73.171472, -6.517431], [-73.147804, -6.476193], [-73.131785, -6.435265], [-73.12703, -6.413044], [-73.126979, -6.39134], [-73.1338, -6.368086], [-73.155711, -6.322714], [-73.16155, -6.299769], [-73.172041, -6.219671], [-73.177673, -6.202411], [-73.225991, -6.147944], [-73.235293, -6.123656], [-73.234776, -6.077561], [-73.218859, -6.04025], [-73.197104, -6.005007], [-73.140001, -5.878503], [-73.105636, -5.84698], [-73.001353, -5.708798], [-72.987194, -5.681099], [-72.97691, -5.651747], [-72.960477, -5.559246], [-72.960322, -5.531237], [-72.969107, -5.499198], [-72.9735, -5.466125], [-72.964198, -5.433776], [-72.934794, -5.372177], [-72.930505, -5.356468], [-72.923994, -5.313576], [-72.916242, -5.299107], [-72.90539, -5.285671], [-72.896657, -5.271615], [-72.8949, -5.255699], [-72.900326, -5.194617], [-72.905597, -5.179114], [-72.91495, -5.164438], [-72.921978, -5.146868], [-72.917948, -5.132089], [-72.893815, -5.125888], [-72.880689, -5.125267], [-72.872834, -5.123614], [-72.858933, -5.116069], [-72.857693, -5.112142], [-72.857021, -5.097569], [-72.853972, -5.092505], [-72.849011, -5.092091], [-72.83635, -5.096225], [-72.831131, -5.096639], [-72.790307, -5.088784], [-72.772943, -5.081136], [-72.760179, -5.064703], [-72.74757, -5.055091], [-72.728812, -5.057261], [-72.707986, -5.063152], [-72.654191, -5.063152], [-72.644786, -5.060569], [-72.635071, -5.051784], [-72.632435, -5.042792], [-72.631608, -5.03318], [-72.627268, -5.022431], [-72.614349, -5.009719], [-72.586598, -4.996696], [-72.562207, -4.970238], [-72.546446, -4.958249], [-72.528514, -4.950188], [-72.509755, -4.947501], [-72.495131, -4.946984], [-72.48893, -4.941196], [-72.485881, -4.932566], [-72.480662, -4.923368], [-72.47968, -4.919647], [-72.479938, -4.914169], [-72.479473, -4.908071], [-72.476476, -4.90249], [-72.471773, -4.900733], [-72.457976, -4.900423], [-72.452601, -4.899183], [-72.431104, -4.887814], [-72.414671, -4.876342], [-72.404129, -4.860219], [-72.396842, -4.805649], [-72.386094, -4.79397], [-72.344701, -4.782601], [-72.33943, -4.77733], [-72.336846, -4.769889], [-72.331937, -4.763274], [-72.319793, -4.760173], [-72.282379, -4.765444], [-72.269305, -4.764928], [-72.251063, -4.75883], [-72.233131, -4.748391], [-72.182437, -4.710667], [-72.127091, -4.680075], [-72.108023, -4.664262], [-72.096602, -4.649793], [-72.078722, -4.613412], [-72.071126, -4.605144], [-72.062703, -4.605661], [-72.053556, -4.610208], [-72.043582, -4.613826], [-72.035521, -4.611862], [-72.026167, -4.605661], [-72.009838, -4.591605], [-71.980279, -4.582303], [-71.93315, -4.536725], [-71.907208, -4.518431], [-71.890155, -4.513677], [-71.807628, -4.504478], [-71.800651, -4.502411], [-71.796982, -4.497967], [-71.795742, -4.491146], [-71.793055, -4.484635], [-71.784838, -4.480501], [-71.774348, -4.481534], [-71.751455, -4.492076], [-71.74019, -4.49559], [-71.72107, -4.4928], [-71.709649, -4.484738], [-71.699314, -4.481637], [-71.683346, -4.493523], [-71.673062, -4.503652], [-71.665207, -4.507579], [-71.656526, -4.506752], [-71.643813, -4.502308], [-71.623505, -4.482258], [-71.613428, -4.47926], [-71.617148, -4.500344], [-71.57157, -4.480707], [-71.557565, -4.479364], [-71.532347, -4.484635], [-71.524596, -4.485151], [-71.519067, -4.479157], [-71.512865, -4.457143], [-71.506147, -4.448565], [-71.49235, -4.442777], [-71.477415, -4.440606], [-71.446978, -4.440296], [-71.400779, -4.433372], [-71.386982, -4.434922], [-71.377628, -4.442673], [-71.371169, -4.453215], [-71.363262, -4.45921], [-71.349568, -4.453525], [-71.345899, -4.450115], [-71.33701, -4.438333], [-71.330758, -4.435129], [-71.324091, -4.436576], [-71.318459, -4.439366], [-71.315151, -4.439986], [-71.305384, -4.427067], [-71.305126, -4.416629], [-71.307245, -4.40681], [-71.304609, -4.394924], [-71.288486, -4.380765], [-71.264818, -4.375494], [-71.241667, -4.380042], [-71.214072, -4.410841], [-71.200688, -4.395648], [-71.186167, -4.372187], [-71.169682, -4.362782], [-71.163119, -4.369086], [-71.152474, -4.39172], [-71.144102, -4.399265], [-71.128496, -4.401849], [-71.119556, -4.396371], [-71.106043, -4.37384], [-71.081574, -4.364125], [-71.029329, -4.385829], [-71.009976, -4.36981], [-71.005454, -4.347589], [-70.989719, -4.366192], [-70.968687, -4.385313], [-70.948094, -4.364229], [-70.938844, -4.345108], [-70.926338, -4.328985], [-70.896391, -4.29984], [-70.886573, -4.28351], [-70.881121, -4.26563], [-70.873705, -4.250747], [-70.858254, -4.243306], [-70.842751, -4.238138], [-70.839806, -4.228733], [-70.848306, -4.204445], [-70.84518, -4.191009], [-70.832235, -4.179434], [-70.784564, -4.156283], [-70.774254, -4.155042], [-70.712113, -4.171889], [-70.694052, -4.172302], [-70.683071, -4.163827], [-70.672038, -4.133442], [-70.662891, -4.122176], [-70.646768, -4.115665], [-70.631059, -4.118972], [-70.629586, -4.133442], [-70.633177, -4.151838], [-70.632531, -4.166825], [-70.585273, -4.194523], [-70.576566, -4.183878], [-70.572328, -4.165894], [-70.565636, -4.148841], [-70.549694, -4.140676], [-70.534114, -4.146774], [-70.529385, -4.161347], [-70.526388, -4.176023], [-70.515975, -4.182328], [-70.500886, -4.177367], [-70.46001, -4.144604], [-70.444223, -4.137369], [-70.429934, -4.134165], [-70.415335, -4.135612], [-70.39867, -4.14233], [-70.373684, -4.164551], [-70.361437, -4.168168], [-70.343066, -4.139436], [-70.330612, -4.143157], [-70.318701, -4.156283], [-70.311104, -4.170855], [-70.309347, -4.191216], [-70.31839, -4.22894], [-70.316711, -4.247026], [-70.306996, -4.260256], [-70.257593, -4.29922], [-70.247981, -4.302114], [-70.23917, -4.301803], [-70.231316, -4.303664], [-70.224727, -4.313069], [-70.216743, -4.328882], [-70.205632, -4.342938], [-70.186564, -4.326298], [-70.17026, -4.288471], [-70.157263, -4.270178], [-70.138892, -4.260462], [-70.116516, -4.258292], [-70.096621, -4.265733], [-70.085743, -4.283923], [-70.081092, -4.308831], [-70.075615, -4.31617], [-70.063341, -4.328469], [-70.050965, -4.337254], [-70.037038, -4.340871], [-70.022905, -4.338907], [-69.989392, -4.314619], [-69.971822, -4.290951], [-69.962572, -4.264286], [-69.96495, -4.236484], [-69.963864, -4.234314], [-69.962727, -4.23204], [-69.961642, -4.229767], [-69.960505, -4.227596], [-69.95942, -4.225426], [-69.958335, -4.223152], [-69.957198, -4.220878], [-69.956113, -4.218811], [-69.955079, -4.216641], [-69.953917, -4.214367], [-69.95278, -4.212093], [-69.951694, -4.209923], [-69.950558, -4.207752], [-69.949421, -4.205582], [-69.948336, -4.203412], [-69.947199, -4.201138], [-69.917846, -4.040011], [-69.88852, -3.87878], [-69.859168, -3.717653], [-69.829816, -3.556526], [-69.800463, -3.395296], [-69.771163, -3.234168], [-69.741733, -3.072938], [-69.712407, -2.911811], [-69.68308, -2.750684], [-69.653702, -2.589453], [-69.62435, -2.428326], [-69.594998, -2.267096], [-69.565697, -2.105969], [-69.536319, -1.944841], [-69.506967, -1.783611], [-69.477615, -1.622484], [-69.466427, -1.561092], [-69.451932, -1.510863], [-69.452268, -1.490502], [-69.433948, -1.422186], [-69.434698, -1.376401], [-69.418316, -1.284107], [-69.421065, -1.23931], [-69.421107, -1.238631], [-69.399454, -1.182717], [-69.410461, -1.152745], [-69.448159, -1.092077], [-69.448289, -1.080398], [-69.441932, -1.059831], [-69.439762, -1.048669], [-69.445033, -1.010738], [-69.442863, -1.008361], [-69.446919, -1.000816], [-69.449968, -0.996786], [-69.455084, -0.994615], [-69.465135, -0.993065], [-69.471233, -0.988001], [-69.493144, -0.956168], [-69.502471, -0.950277], [-69.524279, -0.940975], [-69.532599, -0.93405], [-69.539239, -0.920615], [-69.538619, -0.910589], [-69.536216, -0.901184], [-69.537327, -0.889505], [-69.543296, -0.878653], [-69.550246, -0.873176], [-69.557507, -0.869455], [-69.564199, -0.86346], [-69.573242, -0.849198], [-69.575671, -0.839172], [-69.572725, -0.813541], [-69.580684, -0.799382], [-69.618356, -0.756904], [-69.628381, -0.733442], [-69.621973, -0.715356], [-69.59076, -0.668227], [-69.584223, -0.644559], [-69.586962, -0.632467], [-69.592698, -0.624095], [-69.599261, -0.616447], [-69.604532, -0.606318], [-69.606573, -0.5965], [-69.607064, -0.566838], [-69.611715, -0.544617], [-69.619751, -0.524566], [-69.632076, -0.506893], [-69.649517, -0.49201], [-69.666492, -0.482915], [-69.746462, -0.453046], [-69.761577, -0.440851], [-69.791446, -0.408191], [-69.801755, -0.400956], [-69.824777, -0.390208], [-69.834777, -0.38318], [-69.842295, -0.373154], [-69.851675, -0.35083], [-69.858108, -0.341425], [-69.875239, -0.330573], [-69.914978, -0.321685], [-69.933634, -0.314347], [-69.944356, -0.305458], [-69.966655, -0.272282], [-70.017556, -0.22567], [-70.056365, -0.181021], [-70.068044, -0.160144], [-70.073806, -0.124901], [-70.072488, -0.074671], [-70.071816, -0.049143], [-70.069956, 0.018036], [-70.067269, 0.113017], [-70.064272, 0.221951], [-70.061378, 0.330885], [-70.058691, 0.425867], [-70.05683, 0.493046], [-70.056107, 0.518574], [-70.054246, 0.588131], [-70.039415, 0.574591], [-70.020657, 0.579862], [-69.999237, 0.589784], [-69.976499, 0.590404], [-69.952857, 0.585753], [-69.933892, 0.588957], [-69.914462, 0.594538], [-69.845913, 0.598673], [-69.805321, 0.606941], [-69.767546, 0.620687], [-69.732871, 0.63898], [-69.694682, 0.668746], [-69.679489, 0.670038], [-69.651274, 0.657377], [-69.619157, 0.650659], [-69.604584, 0.667402], [-69.594119, 0.689313], [-69.574224, 0.697943], [-69.555646, 0.700165], [-69.523426, 0.720939], [-69.503712, 0.729621], [-69.47808, 0.732825], [-69.457875, 0.72807], [-69.43971, 0.715771], [-69.368939, 0.644406], [-69.362557, 0.640944], [-69.342326, 0.650246], [-69.32026, 0.656343], [-69.302148, 0.65655], [-69.29282, 0.645595], [-69.297057, 0.618103], [-69.278997, 0.61924], [-69.242384, 0.613762], [-69.226183, 0.614796], [-69.219052, 0.61955], [-69.208355, 0.634639], [-69.200603, 0.639497], [-69.190139, 0.639704], [-69.171406, 0.632779], [-69.162337, 0.631435], [-69.143656, 0.637533], [-69.137455, 0.650142], [-69.141201, 0.668177], [-69.152079, 0.690553], [-69.159495, 0.697323], [-69.181199, 0.707503], [-69.18926, 0.715151], [-69.192258, 0.728949], [-69.185023, 0.737682], [-69.174558, 0.745434], [-69.167763, 0.756027], [-69.167763, 0.778972], [-69.177607, 0.823568], [-69.175385, 0.844446], [-69.169313, 0.848063], [-69.159753, 0.849613], [-69.152338, 0.854264], [-69.152389, 0.867803], [-69.158926, 0.876175], [-69.170734, 0.883151], [-69.193885, 0.892091], [-69.209983, 0.907543], [-69.204324, 0.943664], [-69.226183, 0.957204], [-69.229129, 0.967436], [-69.230162, 0.979114], [-69.232849, 0.988365], [-69.240239, 0.995651], [-69.257189, 1.006916], [-69.274268, 1.028207], [-69.288815, 1.038439], [-69.338786, 1.064122], [-69.354961, 1.067068], [-69.370851, 1.062985], [-69.418161, 1.028621], [-69.428419, 1.030481], [-69.447281, 1.041695], [-69.452371, 1.046242], [-69.45542, 1.050738], [-69.459761, 1.055182], [-69.468727, 1.05942], [-69.478261, 1.06066], [-69.510094, 1.056112], [-69.54296, 1.055596], [-69.553295, 1.056836], [-69.596755, 1.071925], [-69.619906, 1.072752], [-69.716024, 1.058593], [-69.726514, 1.061022], [-69.728065, 1.082984], [-69.736824, 1.088358], [-69.749665, 1.090529], [-69.762559, 1.091097], [-69.787674, 1.084224], [-69.829351, 1.057249], [-69.852192, 1.05942], [-69.851933, 1.119261], [-69.851546, 1.187991], [-69.851106, 1.256617], [-69.85077, 1.325347], [-69.850357, 1.39405], [-69.849995, 1.462806], [-69.849608, 1.531484], [-69.849246, 1.600188], [-69.848807, 1.668892], [-69.856171, 1.707675], [-69.841185, 1.707579], [-69.807543, 1.707365], [-69.789198, 1.712791], [-69.746358, 1.735167], [-69.72915, 1.738991], [-69.711451, 1.738525], [-69.690083, 1.735477], [-69.649051, 1.738939], [-69.580296, 1.770229], [-69.541952, 1.772709], [-69.469192, 1.757387], [-69.393382, 1.72527], [-69.352403, 1.720206], [-69.304525, 1.720206], [-69.178383, 1.72031], [-68.999995, 1.720465], [-68.795486, 1.720671], [-68.591028, 1.720878], [-68.412641, 1.721033], [-68.286447, 1.721136], [-68.238595, 1.721188], [-68.163302, 1.721291], [-68.180407, 1.729689], [-68.188779, 1.735838], [-68.191724, 1.742427], [-68.190743, 1.75501], [-68.193533, 1.763744], [-68.201543, 1.768679], [-68.238957, 1.770281], [-68.241127, 1.788342], [-68.238957, 1.810252], [-68.24831, 1.822112], [-68.273683, 1.825264], [-68.280246, 1.829398], [-68.260816, 1.858208], [-68.200819, 2.007837], [-68.192189, 2.014891], [-68.187435, 2.008251], [-68.18728, 1.9882], [-68.185161, 1.980759], [-68.1771, 1.973188], [-68.169762, 1.969726], [-68.149143, 1.96554], [-68.126147, 1.956212], [-68.111109, 1.942415], [-68.101239, 1.924121], [-68.079225, 1.859965], [-68.058658, 1.816402], [-68.031786, 1.777515], [-67.998248, 1.749972], [-67.964865, 1.740153], [-67.928846, 1.74129], [-67.89319, 1.749713], [-67.86053, 1.761522], [-67.820843, 1.784001], [-67.790457, 1.812578], [-67.669741, 1.973343], [-67.59295, 2.054811], [-67.554399, 2.07313], [-67.527321, 2.096591], [-67.510267, 2.107418], [-67.475334, 2.111862], [-67.466084, 2.116358], [-67.449134, 2.134134], [-67.439729, 2.13956], [-67.424639, 2.138114], [-67.381748, 2.12274], [-67.36578, 2.114962], [-67.340614, 2.090106], [-67.320408, 2.05308], [-67.288627, 1.974893], [-67.264753, 1.932545], [-67.155715, 1.788083], [-67.117165, 1.709793], [-67.082955, 1.604632], [-67.073601, 1.541199], [-67.098199, 1.253361], [-67.094479, 1.20122], [-67.086107, 1.176002], [-67.06523, 1.172694], [-66.978207, 1.196827], [-66.913405, 1.214862], [-66.875061, 1.22251], [-66.856767, 1.206077], [-66.808553, 1.162773], [-66.740392, 1.101588], [-66.662205, 1.031411], [-66.584071, 0.961131], [-66.515909, 0.899946], [-66.467695, 0.856641], [-66.449453, 0.840208], [-66.407079, 0.802071], [-66.346204, 0.759386], [-66.285071, 0.745847], [-66.228278, 0.762797], [-66.208745, 0.763107], [-66.18903, 0.754942], [-66.173062, 0.743057], [-66.156345, 0.733031], [-66.134382, 0.731119], [-66.111128, 0.741816], [-66.079192, 0.777576], [-66.057462, 0.786982], [-66.013847, 0.789669], [-65.994184, 0.794733], [-65.974082, 0.80698], [-65.952662, 0.827961], [-65.914241, 0.874625], [-65.891761, 0.895605], [-65.871969, 0.90899], [-65.785411, 0.949142], [-65.74544, 0.974154], [-65.720971, 0.981905], [-65.70105, 0.984385], [-65.628728, 0.982008], [-65.608109, 0.985264], [-65.596043, 0.98361], [-65.582943, 0.977668], [-65.570851, 0.968572], [-65.559844, 0.957979], [-65.535814, 0.928472], [-65.525117, 0.908318], [-65.518503, 0.88651], [-65.517004, 0.862791], [-65.533179, 0.816334], [-65.56328, 0.777938], [-65.587336, 0.739129], [-65.585217, 0.691483], [-65.574313, 0.670244], [-65.56049, 0.656033], [-65.542661, 0.649315], [-65.519691, 0.650866], [-65.497832, 0.658721], [-65.472872, 0.672518], [-65.45122, 0.69014], [-65.432746, 0.720939], [-65.413884, 0.74161], [-65.409439, 0.755252], [-65.410835, 0.783881], [-65.40962, 0.792149], [-65.400009, 0.81654], [-65.389027, 0.835661], [-65.327196, 0.910281], [-65.310272, 0.918653], [-65.284382, 0.919377], [-65.243377, 0.913124], [-65.223146, 0.914364], [-65.203044, 0.923821], [-65.178988, 0.955395], [-65.168446, 0.996478], [-65.160178, 1.080194], [-65.136769, 1.126909], [-65.100518, 1.136107], [-65.059616, 1.132387], [-65.022486, 1.139983], [-65.020703, 1.144014], [-65.019696, 1.157708], [-65.017448, 1.162979], [-65.01321, 1.16577], [-65.00334, 1.169387], [-64.999361, 1.171971], [-64.966469, 1.2006], [-64.956056, 1.206801], [-64.932931, 1.213002], [-64.914663, 1.214759], [-64.897404, 1.219668], [-64.877715, 1.234913], [-64.855313, 1.258684], [-64.839293, 1.270828], [-64.821439, 1.27057], [-64.771313, 1.246747], [-64.751211, 1.243336], [-64.730876, 1.247574], [-64.604217, 1.331289], [-64.591169, 1.3501], [-64.570266, 1.395497], [-64.551197, 1.419527], [-64.527917, 1.435727], [-64.475052, 1.463013], [-64.433091, 1.494044], [-64.40901, 1.507506], [-64.386427, 1.510245], [-64.364594, 1.497093], [-64.363819, 1.477353], [-64.385032, 1.436399], [-64.391362, 1.417718], [-64.394773, 1.39219], [-64.389579, 1.369297], [-64.370097, 1.35873], [-64.352941, 1.365835], [-64.340745, 1.384206], [-64.321883, 1.424436], [-64.301523, 1.446657], [-64.232147, 1.497145], [-64.177086, 1.551147], [-64.129724, 1.57807], [-64.109545, 1.598457], [-64.092957, 1.622615], [-64.080864, 1.647394], [-64.075412, 1.665429], [-64.072544, 1.684575], [-64.075955, 1.745373], [-64.060297, 1.807462], [-64.053605, 1.89371], [-64.036629, 1.927274], [-63.99503, 1.958021], [-63.958339, 1.970708], [-63.920822, 1.974325], [-63.802277, 1.97231], [-63.783208, 1.974997], [-63.762641, 1.985668], [-63.617533, 2.101165], [-63.561981, 2.126357], [-63.548959, 2.128372], [-63.520537, 2.124497], [-63.510666, 2.1246], [-63.443435, 2.137183], [-63.411758, 2.149379], [-63.402198, 2.170515], [-63.403903, 2.188498], [-63.400596, 2.204621], [-63.386546, 2.235889], [-63.372639, 2.266839], [-63.37052, 2.281154], [-63.372794, 2.349108], [-63.371243, 2.365128], [-63.361115, 2.40001], [-63.364887, 2.413084], [-63.384834, 2.420577], [-63.510666, 2.424659], [-63.573815, 2.434374], [-63.704091, 2.437578], [-63.767033, 2.42931], [-63.831319, 2.428638], [-63.951828, 2.461505], [-64.010791, 2.468171], [-64.032495, 2.463003], [-64.047972, 2.471323], [-64.056628, 2.488531], [-64.057817, 2.510442], [-64.05053, 2.534678], [-64.012186, 2.60377], [-64.00769, 2.622787], [-64.004435, 2.679527], [-63.997872, 2.705986], [-63.997562, 2.714926], [-64.000869, 2.725364], [-64.012238, 2.74402], [-64.029084, 2.79797], [-64.105953, 2.947211], [-64.137502, 2.987261], [-64.173468, 3.051908], [-64.205301, 3.089167], [-64.222923, 3.123996], [-64.225377, 3.165596], [-64.216308, 3.251431], [-64.219874, 3.292875], [-64.245609, 3.41894], [-64.242146, 3.442969], [-64.232121, 3.461134], [-64.205069, 3.497074], [-64.19786, 3.515084], [-64.195638, 3.532912], [-64.195741, 3.570067], [-64.202976, 3.594717], [-64.222096, 3.616214], [-64.265556, 3.652207], [-64.324157, 3.724115], [-64.34736, 3.7383], [-64.394488, 3.756077], [-64.434538, 3.778478], [-64.531431, 3.853513], [-64.574968, 3.914207], [-64.596104, 3.935885], [-64.642897, 3.972963], [-64.662793, 3.996992], [-64.662896, 3.996992], [-64.707441, 4.082956], [-64.719533, 4.123238], [-64.727104, 4.140782], [-64.741909, 4.157189], [-64.762941, 4.168997], [-64.783664, 4.177085], [-64.80126, 4.188531], [-64.813042, 4.210571], [-64.815548, 4.231035], [-64.812913, 4.252791], [-64.805058, 4.271885], [-64.791622, 4.284417], [-64.74594, 4.287621], [-64.69987, 4.264159], [-64.660984, 4.227469], [-64.648024, 4.207905], [-64.636903, 4.191115], [-64.621064, 4.14688], [-64.608222, 4.126493], [-64.58967, 4.118871], [-64.364981, 4.151867], [-64.240596, 4.142022], [-64.172693, 4.123393], [-64.1467, 4.110551], [-64.125099, 4.088485], [-64.108149, 4.0581], [-64.095773, 4.024381], [-64.07903, 3.953093], [-64.063811, 3.911597], [-64.037663, 3.882503], [-63.996425, 3.880798], [-63.956944, 3.901882], [-63.916843, 3.929374], [-63.87514, 3.949812], [-63.831112, 3.94945], [-63.790598, 3.933043], [-63.771012, 3.928805], [-63.745898, 3.930278], [-63.690759, 3.943998], [-63.671587, 3.946246], [-63.622804, 3.935213], [-63.55423, 3.875372], [-63.510666, 3.854546], [-63.46886, 3.867233], [-63.455373, 3.90059], [-63.448241, 3.939373], [-63.4254, 3.968364], [-63.391449, 3.971567], [-63.35171, 3.958726], [-63.285977, 3.920821], [-63.251199, 3.88656], [-63.193218, 3.806746], [-63.130845, 3.762123], [-63.02496, 3.637764], [-63.010697, 3.614974], [-62.997054, 3.599135], [-62.975144, 3.583064], [-62.951062, 3.570171], [-62.931012, 3.563763], [-62.907706, 3.560972], [-62.889412, 3.560817], [-62.871997, 3.565468], [-62.851275, 3.577225], [-62.831586, 3.594872], [-62.822336, 3.598825], [-62.807764, 3.596681], [-62.796446, 3.597301], [-62.786318, 3.604406], [-62.771022, 3.623346], [-62.749576, 3.660372], [-62.739912, 3.700447], [-62.740429, 3.741943], [-62.749576, 3.783569], [-62.766836, 3.822042], [-62.770195, 3.847828], [-62.774277, 3.854856], [-62.779807, 3.86129], [-62.785129, 3.872297], [-62.788798, 3.899401], [-62.782804, 3.920046], [-62.773192, 3.939942], [-62.766267, 3.964695], [-62.767404, 3.987096], [-62.77066, 4.00539], [-62.766216, 4.020712], [-62.744357, 4.034018], [-62.727458, 4.038514], [-62.670666, 4.043656], [-62.588656, 4.030711], [-62.560957, 4.037791], [-62.548813, 4.077452], [-62.548606, 4.098071], [-62.546436, 4.11391], [-62.536979, 4.125408], [-62.514913, 4.133108], [-62.483701, 4.13918], [-62.475174, 4.143883], [-62.469851, 4.151608], [-62.466544, 4.168739], [-62.462978, 4.174708], [-62.428097, 4.183182], [-62.384172, 4.173467], [-62.192659, 4.094738], [-62.153592, 4.090294], [-62.111114, 4.104841], [-62.035046, 4.159876], [-61.990191, 4.166413], [-61.96859, 4.160083], [-61.950348, 4.152228], [-61.931486, 4.146415], [-61.908232, 4.146156], [-61.88813, 4.150161], [-61.866891, 4.157034], [-61.847047, 4.166052], [-61.831027, 4.17693], [-61.779196, 4.232688], [-61.756355, 4.246357], [-61.737803, 4.252067], [-61.71889, 4.254651], [-61.680546, 4.252481], [-61.649152, 4.243411], [-61.640522, 4.241913], [-61.628223, 4.243463], [-61.610188, 4.251628], [-61.599078, 4.254393], [-61.585409, 4.253411], [-61.576573, 4.249716], [-61.567271, 4.248527], [-61.552156, 4.254961], [-61.542104, 4.263023], [-61.5335, 4.27359], [-61.526731, 4.285502], [-61.522364, 4.297775], [-61.516421, 4.374773], [-61.501874, 4.401851], [-61.458182, 4.419137], [-61.438622, 4.421152], [-61.381081, 4.417742], [-61.360023, 4.41893], [-61.333228, 4.423865], [-61.308243, 4.433322], [-61.29305, 4.44805], [-61.29584, 4.469005], [-61.322945, 4.508847], [-61.315581, 4.520785], [-61.297262, 4.52373], [-61.238066, 4.515875], [-61.220109, 4.510682], [-61.185925, 4.49412], [-61.168587, 4.490244], [-61.151198, 4.492053], [-61.095465, 4.507685], [-61.011956, 4.518304], [-60.977281, 4.53497], [-60.9478, 4.573598], [-60.94041, 4.594062], [-60.931056, 4.637392], [-60.903435, 4.699585], [-60.895813, 4.708525], [-60.887958, 4.711135], [-60.868683, 4.711186], [-60.860027, 4.712427], [-60.763677, 4.755086], [-60.71815, 4.784283], [-60.680064, 4.81795], [-60.612626, 4.900581], [-60.59193, 4.949725], [-60.598674, 4.99688], [-60.664303, 5.170254], [-60.68487, 5.188315], [-60.711018, 5.198159], [-60.739854, 5.202138], [-60.695179, 5.211931], [-60.672959, 5.213016], [-60.613556, 5.208934], [-60.601774, 5.206583], [-60.589708, 5.201208], [-60.579398, 5.194852], [-60.568288, 5.18971], [-60.553844, 5.188057], [-60.497414, 5.195937], [-60.477492, 5.191932], [-60.470025, 5.186868], [-60.463126, 5.180021], [-60.456357, 5.174698], [-60.448967, 5.174233], [-60.439123, 5.18139], [-60.427418, 5.200769], [-60.419796, 5.207228], [-60.398944, 5.208314], [-60.354993, 5.193173], [-60.333083, 5.193767], [-60.314066, 5.206918], [-60.273732, 5.247355], [-60.255206, 5.25645], [-60.213426, 5.267225], [-60.2003, 5.263452], [-60.190947, 5.23994], [-60.176555, 5.22715], [-60.131725, 5.243402], [-60.123018, 5.231852], [-60.091237, 5.158239], [-60.088704, 5.155394], [-60.075734, 5.140824], [-60.055115, 5.125089], [-60.011009, 5.100026], [-59.983104, 5.085944], [-59.981502, 5.057419], [-59.999279, 4.99688], [-60.000209, 4.958329], [-60.003594, 4.939829], [-60.011009, 4.921716], [-60.01796, 4.892235], [-60.020466, 4.83229], [-60.034522, 4.787797], [-60.030078, 4.744363], [-60.032455, 4.725423], [-60.038475, 4.708008], [-60.047054, 4.691756], [-60.075631, 4.650286], [-60.080669, 4.638323], [-60.083201, 4.627083], [-60.084286, 4.616929], [-60.087697, 4.607523], [-60.097076, 4.598558], [-60.106146, 4.595354], [-60.126222, 4.594992], [-60.134826, 4.593545], [-60.161543, 4.565201], [-60.16485, 4.546209], [-60.159992, 4.527787], [-60.148779, 4.513007], [-60.132862, 4.504868], [-60.120925, 4.502362], [-60.112011, 4.502155], [-60.106197, 4.506599], [-60.103846, 4.517994], [-60.098601, 4.526004], [-60.087775, 4.525539], [-60.076871, 4.519958], [-60.071548, 4.512542], [-60.066251, 4.494326], [-60.055606, 4.491587], [-60.040181, 4.495928], [-60.020699, 4.498874], [-59.996979, 4.490761], [-59.984551, 4.488797], [-59.978892, 4.495411], [-59.974552, 4.503706], [-59.964681, 4.506496], [-59.953132, 4.505876], [-59.943313, 4.503912], [-59.934296, 4.498254], [-59.91993, 4.479211], [-59.914555, 4.474353], [-59.905279, 4.475284], [-59.885823, 4.48474], [-59.87293, 4.484689], [-59.868847, 4.480916], [-59.87169, 4.46823], [-59.867633, 4.461977], [-59.863241, 4.460659], [-59.852363, 4.460762], [-59.847634, 4.460246], [-59.82624, 4.454613], [-59.817688, 4.456835], [-59.809626, 4.465749], [-59.796268, 4.448205], [-59.737951, 4.415571], [-59.729915, 4.407536], [-59.722345, 4.397717], [-59.713508, 4.389371], [-59.701958, 4.385651], [-59.69046, 4.384462], [-59.68674, 4.381181], [-59.687115, 4.371466], [-59.687386, 4.364463], [-59.693613, 4.340692], [-59.727797, 4.305294], [-59.738468, 4.286587], [-59.736685, 4.282091], [-59.726556, 4.270697], [-59.724489, 4.264056], [-59.726608, 4.2577], [-59.735522, 4.24584], [-59.737951, 4.240001], [-59.740535, 4.222327], [-59.740431, 4.213646], [-59.738468, 4.202768], [-59.726737, 4.176465], [-59.71033, 4.16445], [-59.667361, 4.150575], [-59.646174, 4.134038], [-59.64899, 4.119801], [-59.6601, 4.103187], [-59.663253, 4.079726], [-59.653693, 4.064197], [-59.619819, 4.032727], [-59.605737, 4.007147], [-59.599717, 4.002263], [-59.595376, 3.996372], [-59.59628, 3.970637], [-59.590001, 3.96671], [-59.58039, 3.967123], [-59.548686, 3.96193], [-59.536826, 3.957692], [-59.529592, 3.94945], [-59.527654, 3.939528], [-59.52923, 3.931906], [-59.534708, 3.9271], [-59.544578, 3.925705], [-59.563155, 3.918186], [-59.581785, 3.899195], [-59.596332, 3.875889], [-59.602507, 3.855683], [-59.599717, 3.833126], [-59.595402, 3.816538], [-59.598606, 3.802405], [-59.618294, 3.787186], [-59.659119, 3.768918], [-59.671805, 3.756232], [-59.680151, 3.731117], [-59.680771, 3.719154], [-59.679557, 3.710343], [-59.680125, 3.701687], [-59.686223, 3.690215], [-59.69506, 3.683058], [-59.717642, 3.673214], [-59.755547, 3.638125], [-59.837661, 3.60929], [-59.862879, 3.58172], [-59.863034, 3.552368], [-59.847634, 3.530457], [-59.829547, 3.509761], [-59.821357, 3.484388], [-59.838539, 3.443021], [-59.841356, 3.425399], [-59.824044, 3.431678], [-59.828488, 3.383412], [-59.827093, 3.376694], [-59.820995, 3.363491], [-59.82177, 3.356592], [-59.826809, 3.351941], [-59.833682, 3.350288], [-59.839986, 3.349874], [-59.84319, 3.349022], [-59.853732, 3.31538], [-59.879622, 3.272566], [-59.884014, 3.262541], [-59.897631, 3.217376], [-59.904246, 3.208229], [-59.911506, 3.201873], [-59.916674, 3.194173], [-59.916855, 3.181151], [-59.913935, 3.174639], [-59.905434, 3.165234], [-59.903212, 3.158671], [-59.905719, 3.154796], [-59.918379, 3.152832], [-59.921557, 3.150093], [-59.920188, 3.143995], [-59.912695, 3.133402], [-59.91161, 3.126425], [-59.914865, 3.119966], [-59.920756, 3.116762], [-59.927371, 3.114333], [-59.932668, 3.110044], [-59.959385, 3.066481], [-59.969229, 3.042709], [-59.973983, 3.017646], [-59.970417, 2.960441], [-59.972975, 2.939305], [-59.993724, 2.857294], [-60.00008, 2.694049], [-59.996462, 2.674773], [-59.965043, 2.613433], [-59.965327, 2.608059], [-59.970262, 2.59576], [-59.970986, 2.592556], [-59.966025, 2.58868], [-59.953132, 2.583926], [-59.949023, 2.579844], [-59.940729, 2.562997], [-59.939231, 2.555452], [-59.939515, 2.542998], [-59.935846, 2.523878], [-59.906778, 2.458766], [-59.905073, 2.447862], [-59.904039, 2.42621], [-59.901817, 2.415616], [-59.901507, 2.404506], [-59.911816, 2.387814], [-59.913444, 2.378719], [-59.903135, 2.359599], [-59.884066, 2.346008], [-59.844249, 2.325441], [-59.813631, 2.299189], [-59.801203, 2.292729], [-59.79185, 2.290869], [-59.772264, 2.290352], [-59.763247, 2.287975], [-59.741698, 2.263791], [-59.740225, 2.229477], [-59.745754, 2.190823], [-59.744979, 2.153513], [-59.735858, 2.123722], [-59.735393, 2.113516], [-59.738571, 2.103619], [-59.749837, 2.085972], [-59.752963, 2.075456], [-59.751464, 2.062253], [-59.740406, 2.041401], [-59.737098, 2.03042], [-59.737796, 2.022229], [-59.743532, 2.005667], [-59.745341, 1.997166], [-59.742809, 1.970966], [-59.743816, 1.961845], [-59.748364, 1.951252], [-59.76087, 1.931925], [-59.764539, 1.92053], [-59.765133, 1.904639], [-59.763557, 1.882574], [-59.758751, 1.862136], [-59.749682, 1.851309], [-59.737512, 1.850793], [-59.717229, 1.858053], [-59.705576, 1.857407], [-59.667981, 1.842705], [-59.655475, 1.839708], [-59.649119, 1.841362], [-59.646458, 1.839966], [-59.645476, 1.827693], [-59.666483, 1.787101], [-59.682476, 1.765604], [-59.680849, 1.757387], [-59.658964, 1.734081], [-59.649817, 1.727002], [-59.639662, 1.721756], [-59.628164, 1.718811], [-59.607933, 1.719999], [-59.59057, 1.724909], [-59.572716, 1.727157], [-59.551477, 1.720516], [-59.530729, 1.703075], [-59.502823, 1.657652], [-59.486003, 1.636077], [-59.454764, 1.611324], [-59.445514, 1.601015], [-59.425877, 1.565952], [-59.416834, 1.555281], [-59.412105, 1.553265], [-59.399729, 1.552025], [-59.394639, 1.549441], [-59.39097, 1.543654], [-59.383864, 1.527892], [-59.380169, 1.523345], [-59.368025, 1.520399], [-59.347691, 1.526032], [-59.33857, 1.524637], [-59.326943, 1.509521], [-59.32472, 1.490763], [-59.320328, 1.473529], [-59.302189, 1.462961], [-59.293818, 1.452109], [-59.272424, 1.404153], [-59.259918, 1.387436], [-59.242141, 1.377798], [-59.177959, 1.357128], [-59.011096, 1.327569], [-58.972025, 1.312311], [-58.966499, 1.310154], [-58.945984, 1.298992], [-58.927484, 1.284212], [-58.911722, 1.260234], [-58.906451, 1.23853], [-58.897873, 1.217808], [-58.872138, 1.197241], [-58.852036, 1.188714], [-58.834001, 1.18582], [-58.815966, 1.187267], [-58.795967, 1.191815], [-58.771938, 1.201271], [-58.752817, 1.214966], [-58.736901, 1.232329], [-58.709202, 1.272275], [-58.69773, 1.28106], [-58.682589, 1.282455], [-58.580528, 1.27274], [-58.574172, 1.275375], [-58.561408, 1.285142], [-58.556964, 1.286899], [-58.552313, 1.284626], [-58.546732, 1.28044], [-58.542753, 1.276357], [-58.543063, 1.274394], [-58.535053, 1.271551], [-58.527146, 1.266849], [-58.51893, 1.267262], [-58.487614, 1.316458], [-58.481103, 1.333873], [-58.481723, 1.358058], [-58.488079, 1.378883], [-58.506993, 1.418183], [-58.513659, 1.43888], [-58.501754, 1.453781], [-58.498879, 1.45738], [-58.42643, 1.469805], [-58.413458, 1.47203], [-58.38638, 1.490194], [-58.385915, 1.499729], [-58.391702, 1.520839], [-58.390255, 1.53076], [-58.383124, 1.53722], [-58.360283, 1.547374], [-58.351395, 1.553317], [-58.344263, 1.565487], [-58.338734, 1.580189], [-58.331913, 1.593392], [-58.320492, 1.601221], [-58.316151, 1.598896], [-58.306333, 1.582773], [-58.299202, 1.575176], [-58.281993, 1.566572], [-58.260548, 1.560319], [-58.238585, 1.556702], [-58.219672, 1.556056], [-58.206959, 1.559958], [-58.197761, 1.5659], [-58.18727, 1.567606], [-58.170631, 1.558821], [-58.162879, 1.549183], [-58.155541, 1.527376], [-58.148616, 1.519082], [-58.116422, 1.510555], [-58.069138, 1.509005], [-58.027229, 1.516859], [-58.011157, 1.536186], [-57.993587, 1.568484], [-57.986973, 1.586829], [-57.983924, 1.604115], [-57.989763, 1.634604], [-57.991003, 1.650417], [-57.985009, 1.657704], [-57.969144, 1.655481], [-57.939017, 1.643312], [-57.922222, 1.642485], [-57.905376, 1.648557], [-57.871476, 1.669253], [-57.790757, 1.704936], [-57.758821, 1.713462], [-57.723113, 1.711654], [-57.63857, 1.696177], [-57.607874, 1.697107], [-57.561159, 1.708967], [-57.53129, 1.731549], [-57.464782, 1.81573], [-57.454292, 1.833817], [-57.429487, 1.900299], [-57.419514, 1.909187], [-57.405561, 1.914277], [-57.384529, 1.925207], [-57.368767, 1.93965], [-57.356158, 1.955282], [-57.341482, 1.968847], [-57.319416, 1.977141], [-57.294818, 1.974842], [-57.258645, 1.952233], [-57.238439, 1.948539], [-57.152915, 2.002204], [-57.104494, 2.021454], [-57.074057, 1.997166], [-57.067804, 1.968692], [-57.05597, 1.948073], [-57.03747, 1.93239], [-57.011167, 1.918566], [-56.993235, 1.914845], [-56.976853, 1.914587], [-56.943522, 1.918256], [-56.921921, 1.918101], [-56.913446, 1.91283], [-56.906832, 1.903244], [-56.890709, 1.890196], [-56.877635, 1.885648], [-56.806476, 1.873582], [-56.79273, 1.87353], [-56.780638, 1.87906], [-56.737643, 1.912985], [-56.724156, 1.916137], [-56.704105, 1.91283], [-56.683951, 1.912107], [-56.669663, 1.919858], [-56.656408, 1.930064], [-56.639561, 1.93686], [-56.620234, 1.93456], [-56.604421, 1.924586], [-56.590107, 1.912985], [-56.574862, 1.905466], [-56.55892, 1.906655], [-56.528509, 1.924018], [-56.481819, 1.941614], [-56.429807, 1.9227], [-56.415182, 1.919703], [-56.396527, 1.921667], [-56.367175, 1.928876], [-56.347951, 1.926602], [-56.328624, 1.918463], [-56.292709, 1.895467], [-56.273796, 1.887509], [-56.257931, 1.885648], [-56.209768, 1.888542], [-56.145276, 1.871773], [-56.082644, 1.846555], [-56.019651, 1.833507], [-55.953815, 1.853273], [-55.922034, 1.886217], [-55.916763, 1.922235], [-55.922344, 1.962155], [-55.923584, 2.006597], [-55.92038, 2.019387], [-55.916763, 2.028508], [-55.915135, 2.037655], [-55.918262, 2.050393], [-55.925806, 2.061684], [-55.959965, 2.090985], [-55.995776, 2.13739], [-56.004406, 2.144986], [-56.03133, 2.163487], [-56.044843, 2.184726], [-56.054016, 2.224051], [-56.072929, 2.241518], [-56.091455, 2.245911], [-56.135251, 2.248546], [-56.146775, 2.256194], [-56.143881, 2.274746], [-56.131995, 2.304357], [-56.116803, 2.333089], [-56.10378, 2.349057], [-56.091455, 2.351899], [-56.082283, 2.347713], [-56.07342, 2.34239], [-56.062155, 2.341564], [-56.050243, 2.347041], [-56.042569, 2.355103], [-56.013346, 2.398821], [-56.008179, 2.416288], [-56.007507, 2.460678], [-55.996913, 2.503259], [-55.989239, 2.520829], [-55.983012, 2.526462], [-55.971023, 2.530338], [-55.9472, 2.528167], [-55.925031, 2.515662], [-55.870668, 2.47091], [-55.853769, 2.462642], [-55.783128, 2.445175], [-55.773568, 2.440059], [-55.766126, 2.431274], [-55.754602, 2.409415], [-55.744112, 2.401043], [-55.724294, 2.396909], [-55.645384, 2.416649], [-55.608306, 2.433961], [-55.587326, 2.433858], [-55.568206, 2.431274], [-55.51131, 2.43639], [-55.474309, 2.435821], [-55.435552, 2.43086], [-55.399585, 2.430189], [-55.37106, 2.442539], [-55.362766, 2.457939], [-55.360079, 2.476232], [-55.354523, 2.494888], [-55.337754, 2.511269], [-55.32052, 2.518297], [-55.302795, 2.519692], [-55.286982, 2.513905], [-55.275252, 2.499332], [-55.25192, 2.497885], [-55.171951, 2.559328], [-55.137793, 2.56217], [-55.13309, 2.552869], [-55.136604, 2.5338], [-55.128852, 2.525687], [-55.120894, 2.524808], [-55.112471, 2.527805], [-55.076298, 2.54522], [-55.037747, 2.577932], [-55.017748, 2.590592], [-54.976872, 2.606922], [-54.959095, 2.608989], [-54.953669, 2.599067], [-54.960232, 2.585683], [-54.979559, 2.566098], [-54.982815, 2.552352], [-54.978577, 2.54305], [-54.880289, 2.447345], [-54.841919, 2.433496], [-54.792491, 2.448172], [-54.775494, 2.457335], [-54.759805, 2.465794], [-54.743036, 2.466517], [-54.721177, 2.457991], [-54.707664, 2.450343], [-54.703194, 2.445847], [-54.702548, 2.425745], [-54.701101, 2.419905], [-54.696838, 2.409105], [-54.695597, 2.403524], [-54.697251, 2.397322], [-54.702031, 2.395721], [-54.707276, 2.395876], [-54.709963, 2.39479], [-54.715699, 2.375928], [-54.706734, 2.353191], [-54.705442, 2.342545], [-54.706553, 2.332882], [-54.704124, 2.32482], [-54.692497, 2.318981], [-54.67286, 2.315984], [-54.653378, 2.316501], [-54.634128, 2.320118], [-54.615292, 2.326267], [-54.588162, 2.324355], [-54.564649, 2.314847], [-54.544289, 2.300222], [-54.526409, 2.282652], [-54.549146, 2.279449], [-54.545787, 2.268596], [-54.511422, 2.24343], [-54.492664, 2.222708], [-54.476644, 2.21413], [-54.43396, 2.209324], [-54.427087, 2.207153], [-54.41148, 2.199712], [-54.40254, 2.197128], [-54.387812, 2.196301], [-54.380526, 2.197696], [-54.373911, 2.196508], [-54.360941, 2.188188], [-54.335051, 2.1639], [-54.322855, 2.157337], [-54.314019, 2.154857], [-54.263789, 2.14819], [-54.246477, 2.151601], [-54.229786, 2.157234], [-54.210046, 2.161575], [-54.194491, 2.163073], [-54.188548, 2.161316], [-54.157387, 2.121655], [-54.148137, 2.114394], [-54.134908, 2.110673], [-54.111527, 2.11427], [-54.111395, 2.114291], [-54.098424, 2.127959], [-54.084213, 2.169326], [-54.076669, 2.183692], [-54.069279, 2.188343], [-54.048453, 2.188808], [-54.043337, 2.187723], [-54.03326, 2.180333], [-54.027989, 2.178576], [-54.021375, 2.180592], [-54.011711, 2.190565], [-54.005975, 2.194337], [-53.963911, 2.209324], [-53.946134, 2.221984], [-53.938744, 2.240123], [-53.937762, 2.264617], [-53.932905, 2.26963], [-53.921639, 2.265961], [-53.901227, 2.264514], [-53.888463, 2.273816], [-53.879368, 2.290611], [-53.866811, 2.304925], [-53.843453, 2.30663], [-53.830896, 2.310144], [-53.821077, 2.323632], [-53.811827, 2.340427], [-53.800975, 2.353811], [-53.783457, 2.364095], [-53.764801, 2.368694], [-53.748265, 2.364663], [-53.737361, 2.349057], [-53.738033, 2.338825], [-53.748162, 2.319343], [-53.74873, 2.312676], [-53.742167, 2.308542], [-53.713177, 2.307354], [-53.645997, 2.278467], [-53.629461, 2.275314], [-53.595303, 2.273867], [-53.579025, 2.270405], [-53.547347, 2.25175], [-53.531792, 2.247047], [-53.511535, 2.252267], [-53.473243, 2.254127], [-53.462133, 2.258985], [-53.425442, 2.286011], [-53.390406, 2.299034], [-53.37852, 2.307561], [-53.35108, 2.341719], [-53.348806, 2.347661], [-53.344104, 2.349625], [-53.330926, 2.345698], [-53.322554, 2.338566], [-53.29744, 2.303685], [-53.234188, 2.250975], [-53.234653, 2.24126], [-53.254342, 2.23418], [-53.272222, 2.219969], [-53.279715, 2.204983], [-53.268501, 2.195733], [-53.252843, 2.196508], [-53.132282, 2.219297], [-53.113368, 2.219349], [-53.092233, 2.211907], [-53.061227, 2.186276], [-53.01911, 2.181987], [-52.980922, 2.173253], [-52.959683, 2.175217], [-52.953223, 2.179041], [-52.944386, 2.190978], [-52.939064, 2.195733], [-52.934103, 2.196405], [-52.923147, 2.193666], [-52.917153, 2.195733], [-52.906714, 2.204983], [-52.900306, 2.21413], [-52.8924, 2.236867], [-52.880153, 2.26038], [-52.862738, 2.274229], [-52.819691, 2.291541], [-52.707708, 2.358927], [-52.690603, 2.372983], [-52.677219, 2.390398], [-52.656084, 2.430912], [-52.619187, 2.463468], [-52.590403, 2.504706], [-52.56906, 2.550388], [-52.563686, 2.559328], [-52.55795, 2.565633], [-52.553454, 2.573384], [-52.551904, 2.586562], [-52.55578, 2.598137], [-52.572058, 2.622993], [-52.575778, 2.633742], [-52.571593, 2.6386], [-52.551025, 2.645989], [-52.542964, 2.651519], [-52.539605, 2.659425], [-52.5333, 2.689863], [-52.455269, 2.865046], [-52.448448, 2.874348], [-52.441626, 2.881324], [-52.433461, 2.886595], [-52.422351, 2.890522], [-52.409277, 2.897344], [-52.410672, 2.90556], [-52.417855, 2.915482], [-52.422196, 2.927471], [-52.416563, 2.942509], [-52.353208, 3.058419], [-52.351554, 3.065964], [-52.361114, 3.10932], [-52.361838, 3.131955], [-52.355327, 3.151592], [-52.31936, 3.177637], [-52.299103, 3.225334], [-52.279466, 3.242491], [-52.267012, 3.244919], [-52.25926, 3.243317], [-52.251199, 3.243059], [-52.238073, 3.249725], [-52.227918, 3.260112], [-52.092759, 3.481391], [-52.092035, 3.490202], [-52.093792, 3.4994], [-52.093586, 3.506867], [-52.074181, 3.516634], [-52.06599, 3.528855], [-52.054492, 3.556709], [-52.012764, 3.619108], [-52.0031, 3.642311], [-51.995375, 3.685332], [-51.988424, 3.704555], [-51.972844, 3.721686], [-51.963309, 3.725458], [-51.955816, 3.724425], [-51.948711, 3.725097], [-51.940081, 3.733959], [-51.938195, 3.742512], [-51.940985, 3.76357], [-51.93866, 3.773569], [-51.930934, 3.781398], [-51.899721, 3.796669], [-51.83541, 3.867543], [-51.818615, 3.891081], [-51.806239, 3.917514], [-51.797531, 3.949967], [-51.783191, 3.980947], [-51.757947, 4.002522], [-51.683217, 4.039374], [-51.651601, 4.047675], [-51.631744, 4.067816], [-51.595815, 4.157864], [-51.596906, 4.215504], [-51.585347, 4.233818], [-51.571604, 4.235419], [-51.559682, 4.2237], [-51.552154, 4.20718], [-51.539215, 4.149237], [-51.511871, 4.080308], [-51.450999, 3.970526], [-51.436838, 3.929511], [-51.428212, 3.95775], [-51.435414, 3.985907], [-51.46349, 4.031928], [-51.498158, 4.105414], [-51.546702, 4.255032], [-51.561025, 4.357123], [-51.560048, 4.369371], [-51.547683, 4.421785], [-51.537843, 4.432061], [-51.516498, 4.441122], [-51.490674, 4.427744], [-51.453425, 4.402281], [-51.38923, 4.358902], [-51.298288, 4.258537], [-51.224435, 4.165043], [-51.18693, 4.078849], [-51.179433, 4.025214], [-51.179439, 3.924937], [-51.180231, 3.804444], [-51.197487, 3.699521], [-51.176137, 3.648342], [-51.173451, 3.671332], [-51.155629, 3.737738], [-51.148834, 3.827094], [-51.136383, 3.867743], [-51.116363, 3.906195], [-51.093152, 3.907229], [-51.079905, 3.88227], [-51.090003, 3.724951], [-51.08444, 3.592072], [-51.079385, 3.492087], [-51.096477, 3.449021], [-51.092742, 3.376329], [-51.036004, 3.229214], [-51.027816, 3.181613], [-51.040627, 3.150937], [-51.033709, 3.127104], [-51.018396, 3.092005], [-51.013983, 3.072386], [-51.019215, 3.056995], [-51.016779, 3.035572], [-51.004019, 3.022652], [-50.997279, 3.005491], [-50.988876, 2.980623], [-50.986451, 2.958362], [-50.97973, 2.93865], [-50.964471, 2.916327], [-50.951808, 2.889753], [-50.944201, 2.875178], [-50.94599, 2.863223], [-50.949511, 2.847861], [-50.948726, 2.836749], [-50.94454, 2.822201], [-50.934327, 2.814448], [-50.922922, 2.808905], [-50.917348, 2.800727], [-50.902803, 2.793755], [-50.898623, 2.779204], [-50.893599, 2.762942], [-50.882565, 2.748352], [-50.874985, 2.728656], [-50.873414, 2.703868], [-50.865833, 2.684165], [-50.852247, 2.666133], [-50.846367, 2.647293], [-50.843918, 2.626762], [-50.834694, 2.593356], [-50.818959, 2.552395], [-50.821929, 2.528388], [-50.830068, 2.518012], [-50.836822, 2.514594], [-50.84024, 2.506537], [-50.839467, 2.497463], [-50.833485, 2.490709], [-50.823638, 2.489691], [-50.81786, 2.495307], [-50.812856, 2.502102], [-50.805531, 2.504381], [-50.791615, 2.494574], [-50.774229, 2.465337], [-50.76299, 2.443562], [-50.761068, 2.418755], [-50.751899, 2.397005], [-50.742421, 2.378485], [-50.74413, 2.367255], [-50.739573, 2.351467], [-50.733819, 2.313278], [-50.720527, 2.292556], [-50.717643, 2.258496], [-50.712618, 2.236803], [-50.697268, 2.216079], [-50.68603, 2.198477], [-50.67927, 2.171698], [-50.695546, 2.147284], [-50.703196, 2.141303], [-50.713246, 2.138495], [-50.72997, 2.139635], [-50.737294, 2.134467], [-50.765859, 2.143256], [-50.778228, 2.14997], [-50.785715, 2.161811], [-50.792551, 2.161811], [-50.792551, 2.154975], [-50.791127, 2.150539], [-50.785715, 2.141303], [-50.780426, 2.136379], [-50.773427, 2.133857], [-50.767242, 2.130683], [-50.764556, 2.123969], [-50.765736, 2.117621], [-50.770863, 2.10814], [-50.778066, 2.083157], [-50.779693, 2.07095], [-50.771962, 2.06094], [-50.767893, 2.051418], [-50.761545, 2.04385], [-50.751576, 2.045111], [-50.745961, 2.053046], [-50.745025, 2.064032], [-50.745473, 2.075751], [-50.74413, 2.086005], [-50.734731, 2.103827], [-50.720611, 2.119371], [-50.702056, 2.130316], [-50.67927, 2.134467], [-50.659983, 2.130683], [-50.619555, 2.105238], [-50.600141, 2.075202], [-50.594106, 2.028713], [-50.589915, 2.017157], [-50.559722, 1.963121], [-50.533437, 1.930365], [-50.522206, 1.912502], [-50.515248, 1.87287], [-50.509185, 1.857164], [-50.500722, 1.84394], [-50.490875, 1.832831], [-50.466542, 1.815416], [-50.432607, 1.802476], [-50.393381, 1.797797], [-50.353098, 1.804877], [-50.330556, 1.818061], [-50.305042, 1.813551], [-50.290761, 1.811957], [-50.268381, 1.811713], [-50.257883, 1.807807], [-50.222417, 1.813983], [-50.206931, 1.813871], [-50.183156, 1.818863], [-50.164598, 1.815634], [-50.137875, 1.798935], [-50.091553, 1.782098], [-50.004051, 1.751601], [-49.950597, 1.721326], [-49.92296, 1.690189], [-49.910159, 1.664263], [-49.900789, 1.611651], [-49.899989, 1.577606], [-49.899083, 1.557999], [-49.895128, 1.531145], [-49.887563, 1.469143], [-49.876339, 1.433439], [-49.873551, 1.392304], [-49.873046, 1.35985], [-49.883026, 1.307714], [-49.895241, 1.289777], [-49.912919, 1.272327], [-49.940428, 1.258669], [-49.975328, 1.245033], [-50.025021, 1.23038], [-50.067296, 1.225213], [-50.102193, 1.214744], [-50.118045, 1.215843], [-50.130717, 1.220102], [-50.141273, 1.225412], [-50.149741, 1.221209], [-50.14767, 1.205357], [-50.138189, 1.193712], [-50.120239, 1.185215], [-50.098017, 1.194664], [-50.067396, 1.18719], [-50.026165, 1.197641], [-49.998693, 1.199679], [-49.975457, 1.197504], [-49.944763, 1.218545], [-49.921522, 1.218481], [-49.904856, 1.206773], [-49.890736, 1.186021], [-49.887563, 1.174872], [-49.890045, 1.165229], [-49.90807, 1.133287], [-49.938873, 1.097235], [-49.978831, 1.072211], [-50.014272, 1.070868], [-50.031565, 1.105943], [-50.041168, 1.087958], [-50.046742, 1.052924], [-50.060902, 1.018866], [-50.096425, 1.003607], [-50.106109, 0.995307], [-50.141428, 0.941474], [-50.155832, 0.927314], [-50.1704, 0.91649], [-50.248647, 0.880072], [-50.261586, 0.869818], [-50.302805, 0.825426], [-50.312489, 0.817206], [-50.34557, 0.736274], [-50.353424, 0.726711], [-50.366689, 0.715562], [-50.433217, 0.678656], [-50.453359, 0.664049], [-50.465891, 0.64643], [-50.499664, 0.555976], [-50.560658, 0.447984], [-50.608957, 0.373928], [-50.693959, 0.286444], [-50.790639, 0.169501], [-50.801666, 0.169013], [-50.819203, 0.173651], [-50.853993, 0.173651], [-50.928944, 0.155422], [-50.979848, 0.120429], [-51.017405, 0.071438], [-51.069163, -0.019342], [-51.08141, -0.032525], [-51.097279, -0.037896], [-51.160146, -0.039321], [-51.201568, -0.049086], [-51.207875, -0.053155], [-51.210276, -0.061822], [-51.215199, -0.068658], [-51.239329, -0.072564], [-51.265452, -0.083429], [-51.308949, -0.076755], [-51.326975, -0.079522], [-51.326975, -0.085707], [-51.317698, -0.090671], [-51.293935, -0.095798], [-51.282216, -0.103123], [-51.275746, -0.113214], [-51.272532, -0.12184], [-51.266347, -0.12713], [-51.25121, -0.127374], [-51.322499, -0.215265], [-51.337554, -0.261], [-51.356679, -0.29046], [-51.36384, -0.326104], [-51.370717, -0.34295], [-51.388417, -0.373712], [-51.40099, -0.389581], [-51.430776, -0.414321], [-51.443023, -0.428399], [-51.445546, -0.440362], [-51.444447, -0.455336], [-51.44518, -0.471449], [-51.453603, -0.486749], [-51.486236, -0.517185], [-51.506093, -0.531915], [-51.52184, -0.538263], [-51.536529, -0.535577], [-51.562489, -0.525486], [-51.58019, -0.52516], [-51.58019, -0.531996], [-51.57079, -0.531671], [-51.56432, -0.53338], [-51.552846, -0.538263], [-51.552846, -0.545587], [-51.569081, -0.550063], [-51.587636, -0.551853], [-51.587636, -0.558689], [-51.573598, -0.559747], [-51.561106, -0.558689], [-51.551625, -0.554376], [-51.546702, -0.545587], [-51.532379, -0.551853], [-51.57901, -0.604262], [-51.62857, -0.676039], [-51.63565, -0.682224], [-51.64981, -0.690525], [-51.656484, -0.695896], [-51.697499, -0.747166], [-51.70051, -0.759698], [-51.713735, -0.793227], [-51.724192, -0.877699], [-51.710846, -0.978611], [-51.711171, -1.011163], [-51.71288, -1.02044], [-51.715484, -1.02752], [-51.719106, -1.03338], [-51.724192, -1.039158], [-51.732737, -1.045587], [-51.75178, -1.055271], [-51.78482, -1.083591], [-51.800649, -1.092706], [-51.822092, -1.12363], [-51.834096, -1.134698], [-51.908315, -1.157973], [-51.929351, -1.178318], [-51.930247, -1.223403], [-51.916005, -1.309177], [-51.921457, -1.325779], [-51.93456, -1.339532], [-51.964426, -1.36061], [-51.995351, -1.396417], [-52.008453, -1.401625], [-52.065785, -1.405043], [-52.08727, -1.401625], [-52.151357, -1.380955], [-52.166127, -1.370864], [-52.179433, -1.356866], [-52.195383, -1.344985], [-52.214589, -1.34002], [-52.238108, -1.346368], [-52.249176, -1.353774], [-52.27599, -1.384454], [-52.285471, -1.390069], [-52.308339, -1.39365], [-52.333241, -1.40781], [-52.401967, -1.422052], [-52.421986, -1.430352], [-52.442209, -1.443129], [-52.457834, -1.458266], [-52.464019, -1.473565], [-52.475087, -1.484063], [-52.558095, -1.518731], [-52.575347, -1.523126], [-52.618276, -1.525649], [-52.682118, -1.544854], [-52.697418, -1.552423], [-52.706044, -1.560642], [-52.710032, -1.567804], [-52.71109, -1.576837], [-52.711049, -1.590265], [-52.708119, -1.60003], [-52.700551, -1.600274], [-52.6905, -1.596449], [-52.680043, -1.594008], [-52.658274, -1.591485], [-52.595041, -1.5735], [-52.423085, -1.566095], [-52.343902, -1.552423], [-52.326772, -1.547052], [-52.291249, -1.523614], [-52.279124, -1.518243], [-52.263499, -1.525486], [-52.250396, -1.54225], [-52.241444, -1.5617], [-52.236562, -1.585382], [-52.233388, -1.593438], [-52.231068, -1.602716], [-52.231923, -1.614435], [-52.236806, -1.625584], [-52.252309, -1.644952], [-52.258616, -1.65545], [-52.263336, -1.676853], [-52.260243, -1.695245], [-52.248769, -1.703058], [-52.22232, -1.691176], [-52.208892, -1.691827], [-52.203969, -1.690199], [-52.200347, -1.684747], [-52.198964, -1.673923], [-52.197133, -1.669692], [-52.162994, -1.634942], [-52.141957, -1.622735], [-52.123769, -1.619073], [-52.077382, -1.62127], [-52.072499, -1.619561], [-52.05663, -1.610935], [-52.046295, -1.607599], [-52.03661, -1.607192], [-52.015777, -1.608657], [-52.00475, -1.607599], [-51.958648, -1.593357], [-51.914622, -1.570977], [-51.669545, -1.401625], [-51.595041, -1.386895], [-51.576772, -1.377699], [-51.557973, -1.365411], [-51.483998, -1.340102], [-51.462026, -1.32936], [-51.437489, -1.312677], [-51.417714, -1.291681], [-51.409495, -1.268162], [-51.399648, -1.251072], [-51.376332, -1.240004], [-51.326975, -1.23089], [-51.326975, -1.237074], [-51.334828, -1.240655], [-51.339915, -1.244887], [-51.343577, -1.250258], [-51.347401, -1.257582], [-51.328481, -1.253839], [-51.305328, -1.243829], [-51.283437, -1.231378], [-51.2683, -1.220392], [-51.252187, -1.201918], [-51.227854, -1.162693], [-51.213694, -1.144952], [-51.187489, -1.121677], [-51.161488, -1.103611], [-51.032948, -1.038018], [-51.003407, -1.013767], [-50.991119, -0.987237], [-50.996571, -0.970798], [-51.006093, -0.952813], [-51.009755, -0.935968], [-50.997304, -0.922459], [-50.976674, -0.92018], [-50.957428, -0.949884], [-50.935902, -0.956638], [-50.935902, -0.949151], [-50.947377, -0.942478], [-50.953277, -0.931329], [-50.952219, -0.919122], [-50.942738, -0.908787], [-50.928619, -0.905694], [-50.881337, -0.914972], [-50.854237, -0.911391], [-50.839589, -0.912774], [-50.82665, -0.922459], [-50.821685, -0.935317], [-50.821929, -0.950616], [-50.82665, -0.983819], [-50.824452, -1.030938], [-50.82665, -1.045343], [-50.833892, -1.058689], [-50.843861, -1.065851], [-50.855458, -1.071466], [-50.867665, -1.079522], [-50.892405, -1.112237], [-50.901763, -1.121026], [-50.912343, -1.125584], [-50.925282, -1.127699], [-50.95641, -1.128513], [-50.847483, -1.197849], [-50.830068, -1.2138], [-50.819936, -1.231703], [-50.818593, -1.252374], [-50.829254, -1.312107], [-50.82665, -1.370864], [-50.823476, -1.376397], [-50.816558, -1.382257], [-50.809316, -1.390232], [-50.805531, -1.401625], [-50.813344, -1.413751], [-50.818105, -1.4249], [-50.819203, -1.436293], [-50.809682, -1.457696], [-50.778676, -1.49863], [-50.766713, -1.540785], [-50.753326, -1.557061], [-50.68928, -1.612074], [-50.679555, -1.629002], [-50.670481, -1.696466], [-50.663808, -1.719415], [-50.654693, -1.73797], [-50.67394, -1.764744], [-50.691029, -1.765395], [-50.737294, -1.73797], [-50.72643, -1.761163], [-50.717977, -1.768764], [-50.709508, -1.790948], [-50.717283, -1.822473], [-50.739507, -1.832651], [-50.758328, -1.845397], [-50.766936, -1.863289], [-50.767009, -1.882057], [-50.787567, -1.89737], [-50.814905, -1.896456], [-50.836214, -1.882755], [-50.858428, -1.865648], [-50.879803, -1.851951], [-50.888415, -1.868147], [-50.892734, -1.879235], [-50.879887, -1.882672], [-50.870516, -1.901463], [-50.853422, -1.908323], [-50.854385, -1.93308], [-50.844215, -1.955301], [-50.83142, -1.963011], [-50.818607, -1.969007], [-50.821947, -1.945952], [-50.82616, -1.930576], [-50.818441, -1.924616], [-50.791955, -1.927231], [-50.737207, -1.921348], [-50.713258, -1.914566], [-50.702144, -1.909472], [-50.69782, -1.888166], [-50.700341, -1.871962], [-50.698588, -1.854062], [-50.690021, -1.842998], [-50.676329, -1.830243], [-50.667739, -1.8081], [-50.660044, -1.803004], [-50.633608, -1.811591], [-50.610581, -1.814203], [-50.591705, -1.843194], [-50.565338, -1.89072], [-50.547231, -1.906915], [-50.52481, -1.921482], [-50.504506, -1.929132], [-50.489613, -1.928481], [-50.476226, -1.926039], [-50.466664, -1.92783], [-50.462961, -1.939711], [-50.465932, -1.947198], [-50.47997, -1.967055], [-50.484039, -1.977634], [-50.470082, -1.969903], [-50.456654, -1.943943], [-50.443023, -1.935968], [-50.441884, -1.946954], [-50.443227, -1.956638], [-50.447092, -1.965509], [-50.453359, -1.973891], [-50.457509, -1.983819], [-50.454254, -1.993585], [-50.443023, -2.011651], [-50.435902, -2.045099], [-50.428578, -2.062921], [-50.415761, -2.073175], [-50.409779, -2.047459], [-50.403879, -2.035821], [-50.394643, -2.025486], [-50.382476, -2.017185], [-50.378756, -2.005425], [-50.377907, -1.998752], [-50.373703, -1.987077], [-50.372841, -1.973728], [-50.364456, -1.961228], [-50.341008, -1.936245], [-50.312539, -1.908774], [-50.28077, -1.893829], [-50.251332, -1.901788], [-50.231557, -1.895766], [-50.207346, -1.897149], [-50.182729, -1.904229], [-50.161936, -1.915623], [-50.154775, -1.882745], [-50.136586, -1.861993], [-50.110422, -1.849216], [-50.024892, -1.826104], [-50.0006, -1.823663], [-49.976918, -1.826104], [-49.952707, -1.833429], [-49.93224, -1.84295], [-49.875356, -1.879571], [-49.869293, -1.888767], [-49.867055, -1.905532], [-49.870473, -1.919041], [-49.894399, -1.963311], [-49.874827, -1.942966], [-49.86026, -1.922459], [-49.854237, -1.942966], [-49.850657, -1.962579], [-49.850168, -1.98268], [-49.853424, -2.004978], [-49.861195, -2.026544], [-49.881947, -2.066583], [-49.887563, -2.087498], [-49.880727, -2.087498], [-49.86026, -2.045831], [-49.853424, -2.045831], [-49.847971, -2.062433], [-49.837514, -2.08115], [-49.824941, -2.097752], [-49.812489, -2.108005], [-49.828928, -2.057794], [-49.839182, -2.004978], [-49.83788, -1.92669], [-49.846588, -1.909356], [-49.846588, -1.901788], [-49.834706, -1.905938], [-49.830881, -1.918064], [-49.832346, -1.94964], [-49.823354, -1.928155], [-49.819814, -1.911798], [-49.810455, -1.900567], [-49.784535, -1.895115], [-49.760487, -1.896742], [-49.747182, -1.904718], [-49.737416, -1.916274], [-49.723704, -1.929132], [-49.727895, -1.910821], [-49.721303, -1.904067], [-49.710683, -1.908298], [-49.702626, -1.922459], [-49.694, -1.907322], [-49.676096, -1.908624], [-49.654205, -1.92018], [-49.619456, -1.950291], [-49.604644, -1.967869], [-49.59435, -1.988377], [-49.592763, -2.011651], [-49.579416, -1.994317], [-49.592926, -1.964044], [-49.634348, -1.909356], [-49.647369, -1.915623], [-49.649281, -1.907973], [-49.654775, -1.895115], [-49.631703, -1.867852], [-49.598012, -1.842706], [-49.563344, -1.835219], [-49.537465, -1.860935], [-49.522369, -1.795994], [-49.510813, -1.778985], [-49.485219, -1.76393], [-49.466461, -1.764337], [-49.457997, -1.778741], [-49.463002, -1.805759], [-49.45287, -1.799981], [-49.435902, -1.784926], [-49.422027, -1.778985], [-49.428212, -1.798761], [-49.451161, -1.82464], [-49.456166, -1.836684], [-49.454213, -1.856134], [-49.447581, -1.869887], [-49.434804, -1.879978], [-49.414662, -1.888279], [-49.379221, -1.896417], [-49.370432, -1.905043], [-49.367421, -1.925714], [-49.36974, -1.940199], [-49.375803, -1.957208], [-49.384348, -1.972833], [-49.394114, -1.983819], [-49.394114, -1.991306], [-49.381093, -1.991306], [-49.389068, -2.005629], [-49.412913, -2.027439], [-49.422027, -2.038995], [-49.425526, -2.050877], [-49.428212, -2.131524], [-49.430491, -2.141209], [-49.440297, -2.160903], [-49.445546, -2.18377], [-49.452992, -2.190851], [-49.461985, -2.196466], [-49.469838, -2.203546], [-49.495839, -2.246677], [-49.500111, -2.252211], [-49.503, -2.258396], [-49.503977, -2.310235], [-49.506459, -2.319594], [-49.512278, -2.326755], [-49.519032, -2.333591], [-49.524403, -2.341241], [-49.527211, -2.350844], [-49.52892, -2.370782], [-49.531321, -2.380466], [-49.54894, -2.40309], [-49.551747, -2.412774], [-49.550689, -2.423761], [-49.54601, -2.44256], [-49.542104, -2.497166], [-49.545766, -2.516534], [-49.607818, -2.604913], [-49.617258, -2.615004], [-49.640533, -2.619724], [-49.660634, -2.631768], [-49.67691, -2.649102], [-49.688954, -2.669041], [-49.663686, -2.677667], [-49.619862, -2.67018], [-49.544911, -2.642348], [-49.527415, -2.628351], [-49.523549, -2.615655], [-49.523793, -2.600763], [-49.5183, -2.580255], [-49.511952, -2.5735], [-49.492014, -2.562433], [-49.486562, -2.560317], [-49.482533, -2.556817], [-49.4794, -2.538832], [-49.477284, -2.532485], [-49.452748, -2.507501], [-49.442616, -2.492364], [-49.435699, -2.470392], [-49.434438, -2.451837], [-49.436757, -2.413995], [-49.435699, -2.395278], [-49.426829, -2.367283], [-49.331614, -2.204767], [-49.313954, -2.160414], [-49.30602, -2.124444], [-49.304758, -2.104587], [-49.300526, -2.090916], [-49.232004, -1.948175], [-49.204091, -1.907322], [-49.175649, -1.881443], [-49.168324, -1.878106], [-49.160024, -1.875746], [-49.145569, -1.856758], [-49.142764, -1.839946], [-49.128665, -1.800707], [-49.123006, -1.768008], [-49.08673, -1.748894], [-49.049648, -1.721792], [-49.008864, -1.681124], [-48.991543, -1.635484], [-48.965589, -1.599719], [-48.926079, -1.593599], [-48.903117, -1.58423], [-48.877874, -1.571169], [-48.86478, -1.559961], [-48.856369, -1.559031], [-48.857317, -1.566525], [-48.875084, -1.586137], [-48.892851, -1.598252], [-48.895678, -1.622543], [-48.903166, -1.638422], [-48.911607, -1.67298], [-48.930303, -1.686041], [-48.936849, -1.693507], [-48.943394, -1.700038], [-48.946201, -1.704705], [-48.942477, -1.719652], [-48.943432, -1.742997], [-48.955599, -1.766329], [-48.968704, -1.785925], [-48.995815, -1.793368], [-49.011721, -1.80736], [-49.018289, -1.827901], [-49.032325, -1.839096], [-49.033269, -1.846568], [-49.017323, -1.847263], [-49.002418, -1.84286], [-48.992124, -1.832596], [-48.982755, -1.813926], [-48.956577, -1.803679], [-48.929465, -1.787832], [-48.917292, -1.762634], [-48.910733, -1.742097], [-48.900258, -1.734552], [-48.893056, -1.722833], [-48.883901, -1.717462], [-48.881418, -1.713474], [-48.890248, -1.69378], [-48.890736, -1.686456], [-48.882395, -1.67962], [-48.864003, -1.671563], [-48.856313, -1.665948], [-48.853586, -1.661879], [-48.847768, -1.649672], [-48.846669, -1.645196], [-48.845082, -1.641371], [-48.841298, -1.641697], [-48.836781, -1.642755], [-48.829661, -1.640558], [-48.819692, -1.640395], [-48.815338, -1.63836], [-48.812815, -1.634047], [-48.813222, -1.625421], [-48.811879, -1.62127], [-48.736806, -1.511407], [-48.735422, -1.50742], [-48.735829, -1.503106], [-48.735829, -1.498793], [-48.733062, -1.494317], [-48.728993, -1.492608], [-48.718658, -1.491957], [-48.715688, -1.490981], [-48.703969, -1.478936], [-48.69933, -1.472914], [-48.695221, -1.463637], [-48.676371, -1.417571], [-48.656946, -1.38338], [-48.642121, -1.385675], [-48.630733, -1.406211], [-48.618205, -1.427891], [-48.606435, -1.456231], [-48.575917, -1.512628], [-48.561757, -1.528904], [-48.552317, -1.544366], [-48.543853, -1.565606], [-48.535024, -1.581476], [-48.523915, -1.580336], [-48.502309, -1.612074], [-48.490224, -1.619073], [-48.465932, -1.62127], [-48.452626, -1.625665], [-48.442047, -1.636407], [-48.43399, -1.649672], [-48.428334, -1.662286], [-48.421457, -1.645115], [-48.424469, -1.626153], [-48.430979, -1.607192], [-48.43456, -1.590265], [-48.443023, -1.570001], [-48.478383, -1.535089], [-48.4829, -1.511407], [-48.464833, -1.522068], [-48.447906, -1.525974], [-48.428049, -1.524184], [-48.375803, -1.510512], [-48.355824, -1.500421], [-48.339589, -1.487237], [-48.325307, -1.470473], [-48.334137, -1.468683], [-48.366282, -1.470473], [-48.377553, -1.469171], [-48.388092, -1.466078], [-48.397939, -1.461847], [-48.407216, -1.456231], [-48.417633, -1.465102], [-48.434926, -1.470961], [-48.455556, -1.472914], [-48.476145, -1.470473], [-48.496571, -1.461358], [-48.503285, -1.4485], [-48.501576, -1.431248], [-48.496571, -1.40838], [-48.489817, -1.326918], [-48.482753, -1.2813], [-48.454007, -1.24416], [-48.435903, -1.218688], [-48.423173, -1.232516], [-48.428534, -1.26544], [-48.425387, -1.297312], [-48.40982, -1.30283], [-48.339711, -1.316013], [-48.334584, -1.313653], [-48.331614, -1.294203], [-48.326487, -1.279474], [-48.320058, -1.229587], [-48.305043, -1.188246], [-48.281361, -1.167087], [-48.250152, -1.189386], [-48.257314, -1.173517], [-48.269399, -1.161716], [-48.277008, -1.149998], [-48.27066, -1.134698], [-48.278147, -1.128513], [-48.27066, -1.121026], [-48.258941, -1.126153], [-48.248158, -1.122817], [-48.236684, -1.116876], [-48.22289, -1.113539], [-48.234609, -1.108819], [-48.247141, -1.109308], [-48.274403, -1.113539], [-48.277821, -1.108494], [-48.291127, -1.079522], [-48.29601, -1.055597], [-48.291737, -1.043634], [-48.277699, -1.039646], [-48.230946, -1.038751], [-48.212514, -1.036554], [-48.19811, -1.03045], [-48.187489, -1.01865], [-48.185536, -1.009942], [-48.184682, -0.998224], [-48.182932, -0.988214], [-48.177846, -0.983819], [-48.176178, -0.97975], [-48.163808, -0.962823], [-48.160797, -0.960056], [-48.158681, -0.936456], [-48.153961, -0.914972], [-48.15217, -0.914239], [-48.147817, -0.910577], [-48.143056, -0.905857], [-48.140289, -0.9013], [-48.145741, -0.886163], [-48.146555, -0.880792], [-48.141103, -0.85475], [-48.140289, -0.84295], [-48.143544, -0.833266], [-48.150543, -0.826755], [-48.157582, -0.821384], [-48.160797, -0.816013], [-48.159169, -0.796645], [-48.154042, -0.781834], [-48.111562, -0.724542], [-48.037913, -0.661716], [-48.025258, -0.675714], [-48.021108, -0.683526], [-48.017445, -0.695896], [-48.017812, -0.702732], [-48.023549, -0.715427], [-48.02359, -0.72324], [-48.021352, -0.72503], [-48.012074, -0.731052], [-48.009999, -0.733657], [-48.002553, -0.746515], [-47.969635, -0.779474], [-47.962148, -0.781834], [-47.946116, -0.740492], [-47.877919, -0.696873], [-47.866238, -0.673505], [-47.850087, -0.670994], [-47.821278, -0.679783], [-47.802444, -0.690334], [-47.80738, -0.67731], [-47.82223, -0.664893], [-47.825286, -0.639483], [-47.824616, -0.606652], [-47.815918, -0.5887], [-47.8128, -0.573836], [-47.809071, -0.565167], [-47.789889, -0.582544], [-47.775045, -0.599292], [-47.7695, -0.619744], [-47.770253, -0.63714], [-47.746816, -0.633884], [-47.725168, -0.644138], [-47.71642, -0.667739], [-47.715728, -0.712986], [-47.722401, -0.724379], [-47.735219, -0.735447], [-47.743398, -0.74627], [-47.736318, -0.757257], [-47.728668, -0.756524], [-47.652821, -0.723891], [-47.626617, -0.707208], [-47.610585, -0.693943], [-47.597279, -0.677341], [-47.588287, -0.641697], [-47.5781, -0.635407], [-47.587163, -0.613964], [-47.584514, -0.578247], [-47.573476, -0.582809], [-47.559196, -0.591271], [-47.53844, -0.61078], [-47.543009, -0.627007], [-47.534495, -0.637302], [-47.529408, -0.646091], [-47.527415, -0.657485], [-47.523997, -0.669122], [-47.519439, -0.676039], [-47.509145, -0.68727], [-47.493276, -0.712091], [-47.487375, -0.728285], [-47.48766, -0.745701], [-47.496693, -0.764744], [-47.424062, -0.764744], [-47.408599, -0.771091], [-47.406361, -0.801446], [-47.393056, -0.812595], [-47.393056, -0.800714], [-47.390859, -0.789727], [-47.386342, -0.779962], [-47.379384, -0.770929], [-47.384918, -0.767185], [-47.389272, -0.762628], [-47.391998, -0.75628], [-47.393056, -0.747166], [-47.414133, -0.736912], [-47.438791, -0.703302], [-47.448313, -0.695896], [-47.451039, -0.707127], [-47.454701, -0.716567], [-47.460194, -0.724542], [-47.468739, -0.730645], [-47.470041, -0.62184], [-47.464426, -0.609063], [-47.448313, -0.60711], [-47.461903, -0.592869], [-47.446401, -0.585138], [-47.430165, -0.580011], [-47.414377, -0.581231], [-47.39981, -0.592869], [-47.40453, -0.599786], [-47.409657, -0.609796], [-47.414133, -0.613946], [-47.410024, -0.628351], [-47.414703, -0.66131], [-47.407338, -0.681573], [-47.408803, -0.670099], [-47.407297, -0.660252], [-47.40217, -0.65252], [-47.393056, -0.648126], [-47.390289, -0.661554], [-47.385732, -0.672784], [-47.378041, -0.679864], [-47.365712, -0.681573], [-47.365712, -0.676039], [-47.374013, -0.670343], [-47.380238, -0.658868], [-47.381093, -0.64544], [-47.373158, -0.633884], [-47.359446, -0.630955], [-47.346425, -0.637302], [-47.324696, -0.65488], [-47.326283, -0.639093], [-47.332672, -0.629164], [-47.340199, -0.620212], [-47.345204, -0.60711], [-47.328847, -0.613458], [-47.31664, -0.607599], [-47.305898, -0.597914], [-47.294016, -0.592869], [-47.279124, -0.599216], [-47.277089, -0.61419], [-47.279042, -0.632501], [-47.276357, -0.648126], [-47.269521, -0.648126], [-47.257883, -0.640883], [-47.250803, -0.647068], [-47.249582, -0.660577], [-47.255849, -0.676039], [-47.238759, -0.664727], [-47.234486, -0.651056], [-47.23766, -0.635837], [-47.242787, -0.620212], [-47.19811, -0.651544], [-47.194569, -0.663832], [-47.199941, -0.676935], [-47.208608, -0.681817], [-47.215484, -0.669122], [-47.22232, -0.669122], [-47.225331, -0.67962], [-47.230621, -0.68727], [-47.238515, -0.692641], [-47.249013, -0.695896], [-47.249013, -0.702732], [-47.235951, -0.716404], [-47.229115, -0.716404], [-47.222239, -0.702325], [-47.208241, -0.699151], [-47.190907, -0.702813], [-47.17394, -0.709568], [-47.174062, -0.698826], [-47.171986, -0.692153], [-47.167633, -0.687188], [-47.160878, -0.681573], [-47.154897, -0.697524], [-47.154205, -0.713311], [-47.158437, -0.728774], [-47.167104, -0.743748], [-47.173655, -0.748468], [-47.190907, -0.75628], [-47.194407, -0.761], [-47.190826, -0.770196], [-47.182729, -0.769708], [-47.173573, -0.764093], [-47.167104, -0.757257], [-47.155751, -0.764093], [-47.14802, -0.774102], [-47.143056, -0.786065], [-47.13976, -0.798923], [-47.134674, -0.780532], [-47.138539, -0.759698], [-47.139556, -0.741388], [-47.126088, -0.730645], [-47.124745, -0.73797], [-47.120758, -0.74505], [-47.119293, -0.750584], [-47.115224, -0.741876], [-47.115712, -0.736505], [-47.117909, -0.730645], [-47.119293, -0.719822], [-47.117828, -0.713149], [-47.109934, -0.702813], [-47.105621, -0.695896], [-47.102895, -0.674981], [-47.098988, -0.665623], [-47.088246, -0.661716], [-47.077545, -0.665704], [-47.073069, -0.675226], [-47.073598, -0.686456], [-47.078359, -0.695896], [-47.07551, -0.697686], [-47.07372, -0.697361], [-47.072581, -0.697931], [-47.071523, -0.702732], [-47.079701, -0.709649], [-47.079661, -0.735935], [-47.084543, -0.750584], [-47.078359, -0.757257], [-47.071523, -0.743748], [-47.065989, -0.759698], [-47.064687, -0.777032], [-47.059885, -0.789646], [-47.043568, -0.791436], [-47.05427, -0.80283], [-47.073476, -0.815362], [-47.078359, -0.826267], [-47.076568, -0.836602], [-47.062611, -0.85589], [-47.0572, -0.86712], [-47.054189, -0.856541], [-47.051015, -0.819431], [-47.04776, -0.810724], [-47.042348, -0.800714], [-47.036, -0.791681], [-47.029897, -0.785252], [-47.026112, -0.787693], [-47.016225, -0.791436], [-47.016591, -0.770115], [-47.015248, -0.760024], [-47.008412, -0.757257], [-46.992665, -0.757257], [-46.984609, -0.7492], [-46.977366, -0.730564], [-46.969106, -0.695896], [-46.956858, -0.710138], [-46.957021, -0.735447], [-46.969106, -0.785252], [-46.961659, -0.785252], [-46.954823, -0.770929], [-46.946278, -0.776056], [-46.942494, -0.782403], [-46.94286, -0.790134], [-46.947377, -0.798923], [-46.92809, -0.798923], [-46.931508, -0.804946], [-46.937856, -0.820408], [-46.941151, -0.826267], [-46.933095, -0.823012], [-46.931304, -0.821954], [-46.92809, -0.819431], [-46.922231, -0.834568], [-46.930328, -0.842869], [-46.943959, -0.847833], [-46.954823, -0.853611], [-46.963002, -0.865004], [-46.968373, -0.879653], [-46.964996, -0.893324], [-46.947377, -0.9013], [-46.948638, -0.884698], [-46.95165, -0.871677], [-46.949127, -0.861505], [-46.934316, -0.853611], [-46.911773, -0.86004], [-46.900787, -0.857354], [-46.900217, -0.839288], [-46.89273, -0.846775], [-46.891347, -0.834161], [-46.89273, -0.785252], [-46.884023, -0.789972], [-46.877675, -0.795668], [-46.873931, -0.802911], [-46.872874, -0.812595], [-46.865387, -0.812595], [-46.861684, -0.806085], [-46.858998, -0.802504], [-46.854644, -0.800551], [-46.84557, -0.798923], [-46.849843, -0.791274], [-46.855946, -0.785577], [-46.863637, -0.781345], [-46.872874, -0.778416], [-46.858632, -0.76572], [-46.832916, -0.730076], [-46.818227, -0.72324], [-46.818227, -0.716404], [-46.831288, -0.709568], [-46.819203, -0.711684], [-46.809193, -0.717218], [-46.801503, -0.725763], [-46.796539, -0.736912], [-46.808095, -0.740004], [-46.810862, -0.746677], [-46.806386, -0.755466], [-46.796539, -0.764744], [-46.811431, -0.770685], [-46.818227, -0.770929], [-46.818227, -0.778416], [-46.81192, -0.784845], [-46.813344, -0.790785], [-46.820465, -0.795668], [-46.831288, -0.798923], [-46.831288, -0.805108], [-46.821278, -0.807794], [-46.81786, -0.814142], [-46.819447, -0.822931], [-46.824452, -0.833103], [-46.812978, -0.829848], [-46.804433, -0.825128], [-46.79894, -0.817153], [-46.796539, -0.805108], [-46.790354, -0.805108], [-46.797597, -0.860528], [-46.799306, -0.862481], [-46.799672, -0.865167], [-46.796539, -0.874607], [-46.785553, -0.893976], [-46.782867, -0.9013], [-46.778635, -0.885837], [-46.783355, -0.874444], [-46.786366, -0.862726], [-46.776682, -0.846775], [-46.769887, -0.846775], [-46.769887, -0.86712], [-46.759633, -0.861505], [-46.755605, -0.850193], [-46.755523, -0.819431], [-46.745107, -0.829278], [-46.719635, -0.864841], [-46.714589, -0.877699], [-46.718739, -0.894627], [-46.749379, -0.942966], [-46.733266, -0.930922], [-46.709299, -0.889825], [-46.697865, -0.880792], [-46.699045, -0.868422], [-46.697621, -0.843845], [-46.68871, -0.825779], [-46.667388, -0.833103], [-46.660634, -0.844903], [-46.659901, -0.85589], [-46.656972, -0.863946], [-46.643219, -0.86712], [-46.63268, -0.863214], [-46.635162, -0.853285], [-46.656733, -0.813973], [-46.655913, -0.80182], [-46.638087, -0.801853], [-46.613796, -0.813236], [-46.598541, -0.86712], [-46.622467, -0.898045], [-46.626454, -0.908787], [-46.619008, -0.908787], [-46.611399, -0.903904], [-46.608754, -0.911065], [-46.611318, -0.924005], [-46.619008, -0.935479], [-46.632639, -0.943455], [-46.64623, -0.945408], [-46.656565, -0.939142], [-46.660024, -0.922459], [-46.667388, -0.922459], [-46.673085, -0.936619], [-46.682281, -0.94671], [-46.723541, -0.972833], [-46.737457, -0.984308], [-46.74706, -0.999119], [-46.749379, -1.01865], [-46.738149, -1.00156], [-46.720693, -0.983982], [-46.700429, -0.969903], [-46.68106, -0.963474], [-46.677235, -0.96559], [-46.653664, -0.967025], [-46.626117, -0.962203], [-46.605055, -0.956564], [-46.581591, -0.970356], [-46.564562, -0.95095], [-46.561295, -0.92829], [-46.545893, -0.91374], [-46.518352, -0.900824], [-46.502948, -0.883844], [-46.487558, -0.879006], [-46.475422, -0.883877], [-46.465696, -0.876602], [-46.447068, -0.872576], [-46.427629, -0.86855], [-46.416309, -0.880708], [-46.421187, -0.894466], [-46.438202, -0.902542], [-46.460878, -0.906562], [-46.480327, -0.919491], [-46.473063, -0.936499], [-46.477133, -0.952682], [-46.489292, -0.964807], [-46.488497, -0.976139], [-46.471507, -0.985876], [-46.475581, -1.006917], [-46.480092, -1.022231], [-46.466786, -1.023126], [-46.462717, -1.031671], [-46.475006, -1.045343], [-46.464589, -1.045831], [-46.453196, -1.043552], [-46.444081, -1.037774], [-46.440297, -1.028253], [-46.435658, -1.023858], [-46.42512, -1.028741], [-46.413726, -1.036065], [-46.406728, -1.039158], [-46.39269, -1.027114], [-46.384511, -1.009861], [-46.364898, -1.008396], [-46.367055, -1.025486], [-46.365793, -1.045343], [-46.361195, -1.067315], [-46.356516, -1.075291], [-46.352935, -1.069106], [-46.351471, -1.049005], [-46.346181, -1.033949], [-46.334462, -1.022149], [-46.322662, -1.020278], [-46.317372, -1.035333], [-46.317372, -1.073337], [-46.319, -1.081476], [-46.32433, -1.097345], [-46.324818, -1.107354], [-46.30956, -1.09588], [-46.301259, -1.079197], [-46.297678, -1.057712], [-46.296864, -1.031671], [-46.290028, -1.031671], [-46.280629, -1.048923], [-46.256256, -1.077081], [-46.248443, -1.093683], [-46.254018, -1.077407], [-46.271108, -1.053643], [-46.276357, -1.039158], [-46.279042, -1.036554], [-46.283315, -1.029392], [-46.283315, -1.022068], [-46.26415, -1.016697], [-46.274651, -1.005539], [-46.281479, -0.997449], [-46.278979, -0.986261], [-46.267769, -0.971354], [-46.262147, -0.95022], [-46.250308, -0.930955], [-46.234242, -0.917087], [-46.200307, -0.907647], [-46.171783, -0.920994], [-46.17394, -0.956638], [-46.180165, -0.956638], [-46.190012, -0.959161], [-46.203481, -0.976332], [-46.215566, -0.997328], [-46.221181, -1.011163], [-46.205719, -1.006606], [-46.198598, -1.010512], [-46.201243, -1.018243], [-46.214955, -1.024835], [-46.213287, -1.028578], [-46.21231, -1.031834], [-46.210805, -1.035089], [-46.207509, -1.039158], [-46.211781, -1.044203], [-46.21703, -1.053888], [-46.221181, -1.059015], [-46.211497, -1.074802], [-46.262115, -1.183201], [-46.23054, -1.147719], [-46.221181, -1.141534], [-46.208852, -1.143162], [-46.196034, -1.149347], [-46.182118, -1.153253], [-46.166493, -1.14837], [-46.155426, -1.126153], [-46.147084, -1.11419], [-46.139231, -1.113539], [-46.136301, -1.126072], [-46.144521, -1.161391], [-46.146067, -1.176365], [-46.132802, -1.163995], [-46.12682, -1.146091], [-46.1256, -1.103936], [-46.122629, -1.09531], [-46.115712, -1.085056], [-46.107737, -1.076755], [-46.101674, -1.073337], [-46.093902, -1.07586], [-46.090484, -1.082452], [-46.088368, -1.091241], [-46.084584, -1.100518], [-46.068471, -1.130466], [-46.064687, -1.147638], [-46.074086, -1.155206], [-46.085561, -1.162042], [-46.094106, -1.178318], [-46.095326, -1.196547], [-46.084584, -1.210382], [-46.072377, -1.201593], [-46.063588, -1.18963], [-46.050445, -1.162693], [-46.040598, -1.175226], [-46.039703, -1.187107], [-46.04426, -1.1985], [-46.050445, -1.210382], [-46.032216, -1.200779], [-46.0301, -1.184666], [-46.034535, -1.165785], [-46.036204, -1.14837], [-46.031321, -1.138442], [-46.023305, -1.127537], [-46.016672, -1.113214], [-46.015736, -1.093683], [-46.008901, -1.093683], [-46.00886, -1.09824], [-46.007395, -1.10117], [-46.005116, -1.103774], [-46.002675, -1.107354], [-45.990834, -1.104262], [-45.993134, -1.07909], [-45.992583, -1.067618], [-45.979454, -1.055084], [-45.96415, -1.063861], [-45.964701, -1.072599], [-45.96109, -1.086196], [-45.969627, -1.08679], [-45.974436, -1.091241], [-45.96109, -1.107354], [-45.971913, -1.111098], [-45.976715, -1.119399], [-45.981597, -1.141534], [-45.971913, -1.136977], [-45.962758, -1.135431], [-45.954701, -1.136895], [-45.948069, -1.141534], [-45.960805, -1.146091], [-45.998891, -1.151788], [-46.002675, -1.192804], [-45.997955, -1.20143], [-45.986643, -1.204034], [-45.972971, -1.205255], [-45.96109, -1.210382], [-45.955719, -1.219985], [-45.955963, -1.240411], [-45.948069, -1.251397], [-45.939036, -1.24627], [-45.934478, -1.240004], [-45.934926, -1.232517], [-45.940663, -1.223403], [-45.936106, -1.222752], [-45.933013, -1.221124], [-45.930247, -1.219008], [-45.926381, -1.217218], [-45.930531, -1.200942], [-45.923329, -1.173028], [-45.910125, -1.140942], [-45.88989, -1.090745], [-45.867487, -1.063471], [-45.853842, -1.06786], [-45.853869, -1.101172], [-45.885243, -1.140883], [-45.890004, -1.154392], [-45.900217, -1.167576], [-45.905873, -1.17254], [-45.907216, -1.197524], [-45.905873, -1.210382], [-45.89802, -1.183038], [-45.891835, -1.172052], [-45.879221, -1.162693], [-45.882802, -1.178806], [-45.885365, -1.183201], [-45.872792, -1.202244], [-45.880605, -1.219415], [-45.894276, -1.237074], [-45.899648, -1.257582], [-45.87385, -1.235447], [-45.864858, -1.23089], [-45.864858, -1.237074], [-45.868479, -1.244236], [-45.864858, -1.251397], [-45.864858, -1.257582], [-45.87092, -1.26336], [-45.881459, -1.277602], [-45.885365, -1.284845], [-45.862538, -1.273126], [-45.846669, -1.257013], [-45.838368, -1.234308], [-45.838206, -1.202895], [-45.827382, -1.21852], [-45.820953, -1.241795], [-45.820546, -1.262791], [-45.827626, -1.271905], [-45.840566, -1.279555], [-45.834584, -1.297133], [-45.820953, -1.315688], [-45.810902, -1.32643], [-45.819488, -1.296157], [-45.809804, -1.275079], [-45.793691, -1.267673], [-45.782948, -1.278009], [-45.774322, -1.264255], [-45.768422, -1.228774], [-45.762441, -1.210382], [-45.747914, -1.204034], [-45.721588, -1.134942], [-45.701039, -1.134698], [-45.696034, -1.160577], [-45.727366, -1.225681], [-45.734527, -1.251397], [-45.728342, -1.251397], [-45.726918, -1.247003], [-45.721506, -1.237074], [-45.702952, -1.222356], [-45.688568, -1.202189], [-45.67965, -1.209955], [-45.675405, -1.229359], [-45.672698, -1.244101], [-45.675048, -1.25923], [-45.664589, -1.268551], [-45.654118, -1.27438], [-45.659571, -1.292992], [-45.651809, -1.299986], [-45.651054, -1.317441], [-45.656106, -1.333348], [-45.663484, -1.34654], [-45.670086, -1.35391], [-45.675535, -1.366316], [-45.640736, -1.370538], [-45.632314, -1.367364], [-45.621571, -1.357192], [-45.616363, -1.348321], [-45.611724, -1.334568], [-45.610463, -1.320082], [-45.615102, -1.309177], [-45.622955, -1.295994], [-45.619985, -1.284275], [-45.61026, -1.275649], [-45.598012, -1.271905], [-45.583241, -1.274347], [-45.579213, -1.281508], [-45.584625, -1.289158], [-45.598012, -1.292413], [-45.594106, -1.294122], [-45.591298, -1.295994], [-45.588246, -1.29754], [-45.58373, -1.298517], [-45.588002, -1.307061], [-45.589467, -1.314223], [-45.588124, -1.320733], [-45.58373, -1.32643], [-45.559804, -1.283136], [-45.543853, -1.270278], [-45.529693, -1.284845], [-45.542144, -1.284763], [-45.549387, -1.289727], [-45.551869, -1.299412], [-45.550201, -1.312188], [-45.545155, -1.309991], [-45.535512, -1.308282], [-45.529693, -1.305922], [-45.536733, -1.318617], [-45.545155, -1.327407], [-45.551015, -1.337498], [-45.550201, -1.353774], [-45.546376, -1.35117], [-45.536529, -1.346368], [-45.535715, -1.336847], [-45.525217, -1.324884], [-45.522857, -1.312188], [-45.515452, -1.312188], [-45.51179, -1.353692], [-45.512318, -1.36061], [-45.523427, -1.385675], [-45.529286, -1.404474], [-45.529693, -1.415785], [-45.513987, -1.403497], [-45.471344, -1.350193], [-45.468984, -1.343194], [-45.468495, -1.333673], [-45.466786, -1.323012], [-45.460805, -1.312188], [-45.453277, -1.307061], [-45.41983, -1.292413], [-45.447133, -1.292413], [-45.428375, -1.286798], [-45.415679, -1.287693], [-45.408518, -1.296808], [-45.406158, -1.316013], [-45.407216, -1.325372], [-45.411977, -1.342706], [-45.412994, -1.350193], [-45.417307, -1.354181], [-45.436025, -1.353285], [-45.440297, -1.357192], [-45.463043, -1.364923], [-45.468251, -1.367446], [-45.473053, -1.375665], [-45.473948, -1.383722], [-45.4735, -1.392185], [-45.474477, -1.401625], [-45.484527, -1.430108], [-45.486724, -1.447198], [-45.481313, -1.463637], [-45.504221, -1.458673], [-45.5183, -1.464532], [-45.542714, -1.490981], [-45.531077, -1.489679], [-45.522206, -1.484145], [-45.516835, -1.475274], [-45.515452, -1.463637], [-45.50178, -1.469985], [-45.496165, -1.48089], [-45.498647, -1.493341], [-45.509267, -1.504571], [-45.498402, -1.505141], [-45.491322, -1.503351], [-45.486195, -1.498712], [-45.481313, -1.490981], [-45.464508, -1.500584], [-45.461415, -1.51629], [-45.463124, -1.533136], [-45.460805, -1.546157], [-45.449127, -1.52809], [-45.448232, -1.50506], [-45.454579, -1.460056], [-45.451039, -1.453709], [-45.442494, -1.443129], [-45.432118, -1.433282], [-45.423329, -1.428888], [-45.41808, -1.433852], [-45.420318, -1.445001], [-45.426422, -1.456801], [-45.432932, -1.463637], [-45.423492, -1.45908], [-45.408518, -1.445489], [-45.40274, -1.44256], [-45.401275, -1.437921], [-45.385732, -1.412205], [-45.379547, -1.393731], [-45.35558, -1.349542], [-45.354644, -1.336358], [-45.360219, -1.320245], [-45.346832, -1.3117], [-45.326161, -1.312921], [-45.309967, -1.32643], [-45.307281, -1.336033], [-45.296295, -1.415785], [-45.306142, -1.411391], [-45.309967, -1.40838], [-45.322377, -1.436782], [-45.341868, -1.453058], [-45.365875, -1.465916], [-45.391957, -1.484145], [-45.385732, -1.490981], [-45.377838, -1.479425], [-45.369252, -1.472833], [-45.360178, -1.471775], [-45.350942, -1.476739], [-45.35851, -1.489353], [-45.365102, -1.503839], [-45.3697, -1.519627], [-45.371449, -1.535333], [-45.378733, -1.540785], [-45.392568, -1.548028], [-45.40095, -1.560154], [-45.391957, -1.580336], [-45.38622, -1.564386], [-45.384999, -1.555841], [-45.385732, -1.546157], [-45.351064, -1.559991], [-45.340199, -1.583185], [-45.343373, -1.611586], [-45.355377, -1.654229], [-45.361399, -1.668227], [-45.36559, -1.684747], [-45.364613, -1.703871], [-45.358876, -1.719415], [-45.350168, -1.730076], [-45.338368, -1.737888], [-45.323638, -1.744806], [-45.284413, -1.732192], [-45.27123, -1.721612], [-45.276479, -1.703871], [-45.262074, -1.695896], [-45.227895, -1.683038], [-45.221262, -1.672784], [-45.226308, -1.656508], [-45.24942, -1.624688], [-45.25536, -1.607599], [-45.247467, -1.579278], [-45.227284, -1.547459], [-45.204172, -1.52516], [-45.179677, -1.525649], [-45.175852, -1.500421], [-45.163197, -1.482843], [-45.148671, -1.481541], [-45.138661, -1.504571], [-45.131825, -1.504571], [-45.127675, -1.486993], [-45.115834, -1.477797], [-45.103424, -1.472589], [-45.097727, -1.467055], [-45.091379, -1.464125], [-45.08141, -1.471612], [-45.081207, -1.481134], [-45.104563, -1.484145], [-45.078928, -1.483575], [-45.071848, -1.470392], [-45.070668, -1.450291], [-45.062978, -1.428888], [-45.061513, -1.466404], [-45.056752, -1.476739], [-45.049713, -1.482192], [-45.038686, -1.487563], [-45.027211, -1.490167], [-45.01891, -1.487563], [-45.006744, -1.490655], [-44.996449, -1.508722], [-44.998036, -1.524021], [-45.021962, -1.518243], [-45.009674, -1.533298], [-44.995229, -1.535414], [-44.980458, -1.536065], [-44.967356, -1.546157], [-44.967356, -1.552423], [-44.984975, -1.561212], [-45.00536, -1.56756], [-45.020375, -1.578709], [-45.021962, -1.600844], [-45.015736, -1.600844], [-45.008941, -1.582696], [-44.995839, -1.581964], [-44.967356, -1.594008], [-44.97175, -1.57936], [-44.967275, -1.56463], [-44.959462, -1.549086], [-44.953725, -1.531915], [-44.953847, -1.501723], [-44.947133, -1.492771], [-44.926381, -1.490981], [-44.926381, -1.484145], [-44.933827, -1.484145], [-44.933827, -1.476739], [-44.915639, -1.468683], [-44.89509, -1.456231], [-44.878245, -1.441176], [-44.871205, -1.42547], [-44.868031, -1.421319], [-44.861195, -1.426935], [-44.85436, -1.437107], [-44.851308, -1.446222], [-44.849517, -1.476251], [-44.851308, -1.484145], [-44.856679, -1.489353], [-44.875722, -1.498468], [-44.885365, -1.504571], [-44.891469, -1.51214], [-44.897043, -1.528009], [-44.913075, -1.547947], [-44.919504, -1.562758], [-44.919789, -1.580336], [-44.912099, -1.600844], [-44.926259, -1.60117], [-44.943918, -1.597345], [-44.953725, -1.600844], [-44.93932, -1.611017], [-44.921742, -1.629571], [-44.915273, -1.647231], [-44.933827, -1.65545], [-44.918121, -1.657485], [-44.911936, -1.653578], [-44.903066, -1.624688], [-44.903717, -1.61712], [-44.900299, -1.609796], [-44.885365, -1.600844], [-44.873158, -1.612888], [-44.861155, -1.630141], [-44.847401, -1.64129], [-44.83019, -1.634942], [-44.847401, -1.629002], [-44.850697, -1.616143], [-44.845448, -1.600681], [-44.837026, -1.586602], [-44.844472, -1.586602], [-44.842397, -1.581476], [-44.840077, -1.577407], [-44.838043, -1.572849], [-44.837026, -1.566095], [-44.822906, -1.57586], [-44.814076, -1.591241], [-44.809967, -1.60947], [-44.810374, -1.628106], [-44.803619, -1.609308], [-44.802887, -1.600844], [-44.791819, -1.618422], [-44.795725, -1.63006], [-44.805084, -1.639744], [-44.810374, -1.652032], [-44.806386, -1.659438], [-44.787953, -1.673028], [-44.782379, -1.682794], [-44.78539, -1.684177], [-44.802887, -1.703871], [-44.795522, -1.710138], [-44.777496, -1.720636], [-44.773183, -1.724298], [-44.786366, -1.737726], [-44.794993, -1.742771], [-44.802887, -1.751642], [-44.807688, -1.748468], [-44.81078, -1.747735], [-44.824045, -1.751642], [-44.82315, -1.75628], [-44.821929, -1.75921], [-44.816518, -1.765313], [-44.773997, -1.740655], [-44.767812, -1.726983], [-44.775543, -1.703871], [-44.742055, -1.719496], [-44.724965, -1.723403], [-44.707875, -1.717462], [-44.720611, -1.749607], [-44.750844, -1.773126], [-44.810374, -1.805759], [-44.810374, -1.813165], [-44.795155, -1.80755], [-44.756825, -1.801853], [-44.744496, -1.796075], [-44.730458, -1.785821], [-44.723053, -1.791274], [-44.717356, -1.803481], [-44.707875, -1.813165], [-44.679351, -1.81113], [-44.662587, -1.785414], [-44.654652, -1.74977], [-44.652699, -1.717462], [-44.598012, -1.744806], [-44.614247, -1.753676], [-44.625234, -1.76336], [-44.632883, -1.775649], [-44.639027, -1.792657], [-44.640736, -1.808201], [-44.640614, -1.821873], [-44.644765, -1.83115], [-44.659535, -1.833591], [-44.659535, -1.839776], [-44.648997, -1.837009], [-44.63268, -1.828058], [-44.621002, -1.826104], [-44.612375, -1.829767], [-44.606801, -1.837498], [-44.602651, -1.844822], [-44.598012, -1.847263], [-44.591868, -1.840427], [-44.589223, -1.828871], [-44.584828, -1.817966], [-44.573232, -1.813165], [-44.565012, -1.818455], [-44.564443, -1.830743], [-44.569, -1.844415], [-44.576324, -1.854099], [-44.570139, -1.860935], [-44.562367, -1.850681], [-44.553822, -1.844415], [-44.546539, -1.837823], [-44.542836, -1.826104], [-44.535756, -1.82936], [-44.530181, -1.833754], [-44.525706, -1.839776], [-44.521718, -1.847263], [-44.537668, -1.864923], [-44.578236, -1.886814], [-44.590647, -1.901788], [-44.571156, -1.900567], [-44.53661, -1.89186], [-44.521718, -1.895115], [-44.513092, -1.904555], [-44.506663, -1.920099], [-44.502594, -1.937595], [-44.50121, -1.953383], [-44.499135, -1.961521], [-44.490224, -1.97796], [-44.488149, -1.987481], [-44.490224, -1.995375], [-44.4947, -2.000095], [-44.499135, -2.003839], [-44.50121, -2.008396], [-44.509592, -2.015558], [-44.528554, -2.017755], [-44.549387, -2.016046], [-44.563303, -2.011651], [-44.574574, -2.024021], [-44.588124, -2.030694], [-44.617299, -2.038995], [-44.61144, -2.039809], [-44.606801, -2.039809], [-44.602651, -2.041192], [-44.598012, -2.045831], [-44.580963, -2.034763], [-44.56135, -2.029555], [-44.541005, -2.029229], [-44.521718, -2.032322], [-44.504506, -2.031996], [-44.496246, -2.035577], [-44.494374, -2.045831], [-44.500559, -2.054457], [-44.53539, -2.080011], [-44.554067, -2.087172], [-44.578847, -2.122328], [-44.6079, -2.153741], [-44.639027, -2.148858], [-44.645253, -2.155694], [-44.632192, -2.159763], [-44.616444, -2.159356], [-44.603383, -2.157159], [-44.598012, -2.155694], [-44.588612, -2.16546], [-44.594309, -2.174249], [-44.617299, -2.189874], [-44.655426, -2.231134], [-44.676259, -2.239841], [-44.707875, -2.237563], [-44.701039, -2.244399], [-44.697499, -2.250421], [-44.693593, -2.265558], [-44.733266, -2.253351], [-44.751373, -2.252048], [-44.769683, -2.259698], [-44.784739, -2.27516], [-44.801178, -2.28574], [-44.824045, -2.279229], [-44.804311, -2.291436], [-44.759429, -2.274835], [-44.717844, -2.265558], [-44.707875, -2.299737], [-44.70051, -2.299737], [-44.693227, -2.285414], [-44.67927, -2.273858], [-44.665639, -2.270929], [-44.659535, -2.282647], [-44.661855, -2.296482], [-44.66747, -2.305271], [-44.674184, -2.312188], [-44.680002, -2.320896], [-44.6881, -2.343438], [-44.692128, -2.348077], [-44.704213, -2.358087], [-44.710846, -2.368341], [-44.715199, -2.392836], [-44.720937, -2.402114], [-44.714101, -2.408949], [-44.711293, -2.396905], [-44.707183, -2.388442], [-44.701405, -2.381768], [-44.674306, -2.360121], [-44.663971, -2.356703], [-44.659535, -2.364353], [-44.664703, -2.403985], [-44.663482, -2.420587], [-44.652699, -2.429457], [-44.655588, -2.42018], [-44.656239, -2.407485], [-44.654164, -2.394464], [-44.644032, -2.37477], [-44.645985, -2.366469], [-44.650258, -2.358819], [-44.652699, -2.351251], [-44.652252, -2.327895], [-44.64977, -2.30877], [-44.643544, -2.290785], [-44.631581, -2.271742], [-44.584828, -2.230157], [-44.573232, -2.224054], [-44.562245, -2.221775], [-44.554026, -2.216404], [-44.542836, -2.203546], [-44.545155, -2.204034], [-44.542836, -2.189874], [-44.539784, -2.185724], [-44.533274, -2.181085], [-44.529164, -2.176202], [-44.497304, -2.147882], [-44.461659, -2.144627], [-44.427113, -2.162367], [-44.398793, -2.197361], [-44.38976, -2.218357], [-44.38561, -2.23797], [-44.384511, -2.275567], [-44.381825, -2.277602], [-44.368967, -2.292739], [-44.364654, -2.299737], [-44.362457, -2.310317], [-44.363596, -2.333917], [-44.373402, -2.377374], [-44.382314, -2.394789], [-44.395375, -2.402114], [-44.430735, -2.406915], [-44.45344, -2.407485], [-44.473948, -2.402114], [-44.480214, -2.39658], [-44.490712, -2.383071], [-44.497792, -2.380466], [-44.500111, -2.379164], [-44.503814, -2.376397], [-44.507192, -2.373224], [-44.508656, -2.371189], [-44.51065, -2.36712], [-44.515452, -2.368829], [-44.520985, -2.372735], [-44.538075, -2.379653], [-44.551422, -2.391046], [-44.562978, -2.404718], [-44.570139, -2.416436], [-44.523346, -2.38714], [-44.507436, -2.389825], [-44.50121, -2.419529], [-44.510854, -2.469985], [-44.521596, -2.500095], [-44.53539, -2.518243], [-44.547109, -2.521417], [-44.556264, -2.519952], [-44.565175, -2.521173], [-44.576324, -2.532485], [-44.588043, -2.562188], [-44.59435, -2.566583], [-44.612945, -2.570245], [-44.637074, -2.579848], [-44.655995, -2.593194], [-44.659535, -2.608168], [-44.644765, -2.593032], [-44.599029, -2.573907], [-44.580068, -2.563572], [-44.571278, -2.552341], [-44.567454, -2.54225], [-44.561431, -2.535252], [-44.546254, -2.532485], [-44.540395, -2.538263], [-44.545033, -2.550551], [-44.552846, -2.562433], [-44.556508, -2.566583], [-44.607533, -2.669692], [-44.631581, -2.696954], [-44.625234, -2.706638], [-44.626943, -2.718845], [-44.639027, -2.744806], [-44.64623, -2.768243], [-44.647694, -2.787286], [-44.645253, -2.830743], [-44.650136, -2.854669], [-44.686147, -2.916681], [-44.687327, -2.924412], [-44.686147, -2.953871], [-44.687367, -2.965427], [-44.692494, -2.984633], [-44.693593, -2.994887], [-44.684316, -3.012628], [-44.662953, -3.017673], [-44.63976, -3.018976], [-44.624745, -3.025974], [-44.622222, -3.051039], [-44.63976, -3.069024], [-44.661733, -3.083266], [-44.672515, -3.097914], [-44.676747, -3.111749], [-44.686838, -3.120782], [-44.698476, -3.127862], [-44.707875, -3.135837], [-44.711822, -3.145115], [-44.717152, -3.168878], [-44.720937, -3.176853], [-44.74059, -3.186944], [-44.763051, -3.190688], [-44.781565, -3.196954], [-44.789215, -3.214614], [-44.787099, -3.233331], [-44.781158, -3.251723], [-44.772328, -3.269464], [-44.761301, -3.286065], [-44.79601, -3.300226], [-44.761586, -3.305597], [-44.753733, -3.289809], [-44.761301, -3.238214], [-44.755198, -3.220147], [-44.742787, -3.207452], [-44.725413, -3.199802], [-44.679555, -3.194024], [-44.659983, -3.184666], [-44.644358, -3.169692], [-44.631581, -3.149509], [-44.613596, -3.111993], [-44.600087, -3.104099], [-44.573232, -3.101658], [-44.529164, -3.032159], [-44.481923, -3.00742], [-44.473948, -3.001723], [-44.468617, -2.986586], [-44.432973, -2.950291], [-44.424184, -2.934503], [-44.415435, -2.913995], [-44.408844, -2.892185], [-44.406239, -2.872003], [-44.40807, -2.826349], [-44.404286, -2.804864], [-44.391957, -2.793145], [-44.395334, -2.789158], [-44.397084, -2.785333], [-44.399973, -2.781915], [-44.406239, -2.778904], [-44.370961, -2.667576], [-44.364654, -2.628676], [-44.361073, -2.636814], [-44.358551, -2.644627], [-44.35733, -2.652765], [-44.357818, -2.662774], [-44.350982, -2.662774], [-44.368072, -2.549574], [-44.357493, -2.536554], [-44.352651, -2.529067], [-44.345204, -2.525811], [-44.326487, -2.525079], [-44.312245, -2.531915], [-44.301869, -2.548028], [-44.28893, -2.580255], [-44.288238, -2.551446], [-44.291982, -2.539809], [-44.302602, -2.532485], [-44.299794, -2.521254], [-44.301096, -2.508477], [-44.300649, -2.494806], [-44.292633, -2.481052], [-44.278961, -2.475518], [-44.220082, -2.470392], [-44.11148, -2.415785], [-44.082875, -2.416436], [-44.072987, -2.399509], [-44.053049, -2.399998], [-44.034413, -2.415216], [-44.02892, -2.443048], [-44.046376, -2.438653], [-44.071401, -2.438084], [-44.092152, -2.443455], [-44.097157, -2.45672], [-44.069732, -2.46087], [-44.063629, -2.462986], [-44.060618, -2.471612], [-44.060129, -2.494887], [-44.056223, -2.505141], [-44.055653, -2.494317], [-44.054351, -2.486586], [-44.049387, -2.470392], [-44.0419, -2.470392], [-44.034332, -2.493341], [-44.032704, -2.513279], [-44.037465, -2.532403], [-44.049387, -2.552911], [-44.065541, -2.551365], [-44.082875, -2.560317], [-44.097157, -2.580255], [-44.103342, -2.583429], [-44.11026, -2.584731], [-44.117584, -2.587498], [-44.12442, -2.594496], [-44.106557, -2.602309], [-44.111073, -2.622003], [-44.137196, -2.67018], [-44.151031, -2.680108], [-44.167144, -2.68727], [-44.179677, -2.690118], [-44.19107, -2.688897], [-44.197825, -2.685154], [-44.213857, -2.669041], [-44.210317, -2.686456], [-44.206695, -2.692315], [-44.200185, -2.696954], [-44.212229, -2.707696], [-44.239858, -2.714532], [-44.251698, -2.721124], [-44.279937, -2.748305], [-44.285512, -2.752211], [-44.3131, -2.76214], [-44.33849, -2.784926], [-44.3485, -2.810235], [-44.329945, -2.827325], [-44.328359, -2.804132], [-44.322743, -2.785089], [-44.312489, -2.778741], [-44.296376, -2.793145], [-44.305531, -2.810235], [-44.310048, -2.814223], [-44.310048, -2.820489], [-44.296376, -2.834161], [-44.28893, -2.806817], [-44.284047, -2.805597], [-44.27717, -2.806899], [-44.271067, -2.807306], [-44.268463, -2.803399], [-44.267812, -2.790216], [-44.265492, -2.780532], [-44.261464, -2.772638], [-44.255442, -2.765313], [-44.246165, -2.774021], [-44.220082, -2.793145], [-44.226145, -2.776951], [-44.218373, -2.767755], [-44.186513, -2.759047], [-44.188547, -2.77809], [-44.174713, -2.807061], [-44.183095, -2.823907], [-44.191151, -2.829685], [-44.207021, -2.83587], [-44.213857, -2.840997], [-44.218861, -2.84824], [-44.218495, -2.851739], [-44.214101, -2.851739], [-44.207021, -2.848403], [-44.204945, -2.853448], [-44.202463, -2.857517], [-44.200551, -2.862074], [-44.200185, -2.86891], [-44.166656, -2.838067], [-44.15925, -2.827325], [-44.155873, -2.829522], [-44.154775, -2.829767], [-44.153961, -2.830499], [-44.151763, -2.834161], [-44.141469, -2.820408], [-44.132721, -2.803643], [-44.126698, -2.785903], [-44.12442, -2.768976], [-44.118072, -2.757745], [-44.106028, -2.749607], [-44.098134, -2.748712], [-44.104604, -2.759047], [-44.104604, -2.765313], [-44.092641, -2.761651], [-44.088979, -2.759047], [-44.082875, -2.752211], [-44.07665, -2.759047], [-44.079457, -2.76629], [-44.079661, -2.769301], [-44.078359, -2.772149], [-44.07665, -2.778904], [-44.074208, -2.772068], [-44.072621, -2.768976], [-44.069814, -2.765313], [-44.068674, -2.779067], [-44.071929, -2.789483], [-44.082875, -2.806817], [-44.068105, -2.79518], [-44.062856, -2.777032], [-44.063629, -2.734796], [-44.060374, -2.717706], [-44.05248, -2.701918], [-44.035715, -2.676446], [-44.022939, -2.648858], [-44.01415, -2.634698], [-43.983998, -2.615492], [-43.980458, -2.611586], [-43.975901, -2.610284], [-43.94636, -2.628676], [-43.94636, -2.62127], [-43.957753, -2.6124], [-43.958363, -2.600681], [-43.94636, -2.573989], [-43.932607, -2.555841], [-43.923248, -2.546808], [-43.919057, -2.549574], [-43.891754, -2.600518], [-43.878041, -2.634942], [-43.874379, -2.622817], [-43.877268, -2.611261], [-43.882232, -2.598565], [-43.884877, -2.583673], [-43.879465, -2.571222], [-43.853261, -2.55934], [-43.846316, -2.556338], [-43.838531, -2.556248], [-43.834055, -2.554946], [-43.827618, -2.551053], [-43.821384, -2.551054], [-43.815745, -2.551528], [-43.804921, -2.549249], [-43.78185, -2.532485], [-43.766957, -2.5263], [-43.752797, -2.524021], [-43.746409, -2.529229], [-43.738564, -2.517207], [-43.740102, -2.486912], [-43.72411, -2.477227], [-43.712514, -2.488539], [-43.706532, -2.513849], [-43.708567, -2.539727], [-43.721059, -2.552911], [-43.721059, -2.560317], [-43.713612, -2.560317], [-43.713612, -2.552911], [-43.706695, -2.552911], [-43.706695, -2.560317], [-43.69929, -2.560317], [-43.699127, -2.553643], [-43.697621, -2.549005], [-43.693105, -2.539321], [-43.684641, -2.54339], [-43.676747, -2.545587], [-43.658315, -2.546157], [-43.680979, -2.529555], [-43.682444, -2.504653], [-43.668446, -2.483331], [-43.644643, -2.477227], [-43.651967, -2.485447], [-43.657338, -2.49391], [-43.665761, -2.511977], [-43.652415, -2.501642], [-43.635732, -2.498305], [-43.621978, -2.505304], [-43.61734, -2.525079], [-43.597483, -2.516209], [-43.558176, -2.530857], [-43.542226, -2.525079], [-43.548451, -2.518243], [-43.560455, -2.519301], [-43.563059, -2.509535], [-43.558258, -2.495782], [-43.548451, -2.484633], [-43.548451, -2.505141], [-43.539133, -2.491143], [-43.536733, -2.478204], [-43.542104, -2.466567], [-43.555898, -2.45672], [-43.537343, -2.435968], [-43.523671, -2.442641], [-43.517486, -2.464939], [-43.52184, -2.491469], [-43.508412, -2.491632], [-43.499827, -2.524835], [-43.48705, -2.532485], [-43.494496, -2.546157], [-43.484202, -2.543715], [-43.476959, -2.537693], [-43.471547, -2.528904], [-43.466542, -2.518243], [-43.458363, -2.535089], [-43.45287, -2.552911], [-43.445627, -2.544854], [-43.444203, -2.530857], [-43.448069, -2.514825], [-43.465403, -2.486017], [-43.452504, -2.483819], [-43.418772, -2.491469], [-43.418772, -2.484633], [-43.435048, -2.482599], [-43.447255, -2.471612], [-43.455474, -2.456801], [-43.459788, -2.443048], [-43.45287, -2.443048], [-43.44811, -2.451918], [-43.438629, -2.45672], [-43.426096, -2.458185], [-43.411936, -2.45672], [-43.42809, -2.441664], [-43.474029, -2.417739], [-43.48705, -2.395278], [-43.482737, -2.379083], [-43.475292, -2.365923], [-43.467369, -2.353686], [-43.467373, -2.345767], [-43.454401, -2.341449], [-43.441429, -2.33929], [-43.426298, -2.33785], [-43.407565, -2.33713], [-43.385233, -2.340006], [-43.363621, -2.342883], [-43.340573, -2.345038], [-43.311766, -2.346467], [-43.251264, -2.367306], [-43.199395, -2.379511], [-43.118659, -2.416889], [-43.014027, -2.457208], [-42.943106, -2.481628], [-42.916305, -2.492437], [-42.882845, -2.510329], [-42.857908, -2.522172], [-42.823842, -2.543227], [-42.819163, -2.546157], [-42.810658, -2.548028], [-42.775054, -2.560317], [-42.765981, -2.561293], [-42.70995, -2.560317], [-42.700022, -2.563572], [-42.693105, -2.570408], [-42.687815, -2.577244], [-42.682281, -2.580255], [-42.672841, -2.589125], [-42.630483, -2.642348], [-42.580881, -2.672052], [-42.565582, -2.676446], [-42.555572, -2.677911], [-42.539296, -2.683282], [-42.527455, -2.683282], [-42.516347, -2.681085], [-42.487131, -2.669041], [-42.486236, -2.686782], [-42.489491, -2.69964], [-42.49828, -2.704197], [-42.514394, -2.696954], [-42.507639, -2.721856], [-42.49352, -2.731215], [-42.474436, -2.7374], [-42.452992, -2.752211], [-42.446034, -2.747003], [-42.427398, -2.738051], [-42.418121, -2.731134], [-42.411977, -2.738539], [-42.407338, -2.750177], [-42.378407, -2.75628], [-42.264272, -2.759047], [-42.254506, -2.766534], [-42.253977, -2.783461], [-42.259348, -2.802016], [-42.267405, -2.814223], [-42.238637, -2.804783], [-42.234202, -2.810724], [-42.23941, -2.834161], [-42.233266, -2.834161], [-42.22936, -2.822198], [-42.222239, -2.812433], [-42.213694, -2.804946], [-42.205922, -2.799981], [-42.193105, -2.809177], [-42.176137, -2.811782], [-42.159535, -2.809503], [-42.147572, -2.803399], [-42.082387, -2.799981], [-42.084462, -2.803969], [-42.08552, -2.80462], [-42.086822, -2.80462], [-42.089833, -2.806817], [-42.08373, -2.820977], [-42.082387, -2.827325], [-42.067738, -2.820001], [-42.04719, -2.821466], [-42.028879, -2.824965], [-42.020904, -2.823907], [-42.01594, -2.811293], [-42.004018, -2.812595], [-41.968984, -2.833673], [-41.955434, -2.839044], [-41.943918, -2.83766], [-41.939036, -2.823907], [-41.936757, -2.788018], [-41.940419, -2.773696], [-41.952707, -2.778904], [-41.958892, -2.778904], [-41.970611, -2.768243], [-42.001617, -2.74977], [-42.015314, -2.741134], [-42.010404, -2.727189], [-41.995623, -2.721435], [-41.900274, -2.725441], [-41.838565, -2.72948], [-41.821265, -2.733567], [-41.842844, -2.765313], [-41.842681, -2.765232], [-41.832102, -2.762465], [-41.823964, -2.75742], [-41.808705, -2.744806], [-41.778676, -2.782159], [-41.694056, -2.832882], [-41.665061, -2.855907], [-41.657826, -2.86891], [-41.663726, -2.865411], [-41.679311, -2.858168], [-41.68517, -2.854669], [-41.682851, -2.858005], [-41.678334, -2.86891], [-41.688344, -2.864923], [-41.698842, -2.862074], [-41.698842, -2.86891], [-41.686147, -2.875909], [-41.675038, -2.879571], [-41.66393, -2.877862], [-41.65099, -2.86891], [-41.639882, -2.884942], [-41.62328, -2.895603], [-41.601552, -2.9013], [-41.516957, -2.906996], [-41.489613, -2.903578], [-41.465443, -2.888767], [-41.454945, -2.897149], [-41.448557, -2.905938], [-41.448883, -2.916436], [-41.458608, -2.929783], [-41.4558, -2.930271], [-41.445546, -2.929783], [-41.447621, -2.933526], [-41.449452, -2.93613], [-41.450917, -2.938897], [-41.451772, -2.943455], [-41.444692, -2.943048], [-41.440053, -2.941664], [-41.431874, -2.936619], [-41.440053, -2.914239], [-41.422109, -2.908787], [-41.343088, -2.920343], [-41.335683, -2.922947], [-41.32901, -2.932224], [-41.32787, -2.941013], [-41.332102, -2.947442], [-41.341908, -2.950291], [-41.337514, -2.954522], [-41.327545, -2.961114], [-41.322011, -2.9638], [-41.316477, -2.96087], [-41.310658, -2.963474], [-41.305287, -2.969496], [-41.300933, -2.977634], [-41.294749, -2.977634], [-41.294749, -2.9638], [-41.273915, -2.980076], [-41.256459, -3.004815], [-41.248118, -3.012058], [-41.244537, -3.015232], [-41.240102, -2.988051], [-41.243276, -2.972752], [-41.256907, -2.949802], [-41.264027, -2.928399], [-41.282379, -2.915704], [-41.287262, -2.903009], [-41.296295, -2.907159], [-41.302887, -2.907892], [-41.308583, -2.906345], [-41.315256, -2.903009], [-41.299713, -2.896742], [-41.273427, -2.878839], [-41.256907, -2.875177], [-41.198557, -2.875177], [-41.167958, -2.878839], [-41.137766, -2.885837], [-41.110707, -2.897719], [-41.089263, -2.916681], [-41.082509, -2.916681], [-41.084625, -2.905206], [-41.089955, -2.894464], [-41.103017, -2.875177], [-41.089263, -2.882501], [-41.082509, -2.882501], [-40.938466, -2.86891], [-40.928131, -2.869806], [-40.908559, -2.8742], [-40.900014, -2.875177], [-40.891957, -2.873142], [-40.887929, -2.864028], [-40.879506, -2.862074], [-40.848988, -2.859308], [-40.841379, -2.864679], [-40.835439, -2.882501], [-40.828603, -2.882501], [-40.818349, -2.871677], [-40.769195, -2.846775], [-40.752919, -2.840997], [-40.581614, -2.827325], [-40.527415, -2.803399], [-40.509877, -2.799981], [-40.506744, -2.797947], [-40.499623, -2.78631], [-40.493153, -2.786716], [-40.488108, -2.788995], [-40.483713, -2.791681], [-40.479115, -2.793145], [-40.403066, -2.805922], [-40.273752, -2.806817], [-40.188059, -2.820489], [-40.175038, -2.82464], [-40.154775, -2.84352], [-40.143422, -2.848403], [-40.132436, -2.844008], [-40.126861, -2.834568], [-40.12092, -2.828383], [-40.108632, -2.834161], [-40.096344, -2.830743], [-40.082183, -2.836358], [-40.066762, -2.844415], [-40.050608, -2.848403], [-40.001047, -2.845636], [-39.985707, -2.848403], [-39.903066, -2.901788], [-39.872426, -2.909845], [-39.860911, -2.915704], [-39.807485, -2.967543], [-39.795888, -2.974705], [-39.783355, -2.977634], [-39.767323, -2.98561], [-39.743031, -3.003676], [-39.725942, -3.022393], [-39.731842, -3.032159], [-39.725494, -3.035333], [-39.719106, -3.03753], [-39.712229, -3.038995], [-39.704579, -3.039646], [-39.712026, -3.025974], [-39.697906, -3.017185], [-39.681549, -3.02044], [-39.643137, -3.039646], [-39.637685, -3.040623], [-39.618886, -3.039646], [-39.614898, -3.04225], [-39.610748, -3.055271], [-39.608306, -3.060154], [-39.571116, -3.090916], [-39.497141, -3.131117], [-39.485463, -3.145766], [-39.396718, -3.183526], [-39.383941, -3.186293], [-39.375396, -3.18613], [-39.367828, -3.184503], [-39.358266, -3.183526], [-39.352773, -3.186782], [-39.347524, -3.19378], [-39.340891, -3.20086], [-39.320465, -3.207615], [-39.286855, -3.232029], [-39.277943, -3.230401], [-39.272572, -3.232029], [-39.267405, -3.236423], [-39.264068, -3.241957], [-39.261586, -3.247654], [-39.258901, -3.251886], [-39.193715, -3.296808], [-39.165273, -3.322849], [-39.156484, -3.327569], [-39.14566, -3.329767], [-39.125803, -3.330499], [-39.115549, -3.334405], [-39.101308, -3.348565], [-39.092437, -3.36419], [-39.080556, -3.377048], [-39.0572, -3.382257], [-39.015492, -3.384047], [-38.999664, -3.388279], [-38.985178, -3.395929], [-38.960357, -3.418145], [-38.942738, -3.444594], [-38.916331, -3.50506], [-38.897206, -3.500258], [-38.88329, -3.507582], [-38.870595, -3.520685], [-38.855458, -3.532973], [-38.807485, -3.547296], [-38.78954, -3.573826], [-38.763051, -3.59824], [-38.732004, -3.619887], [-38.707102, -3.629164], [-38.694407, -3.636651], [-38.671132, -3.669041], [-38.659657, -3.676446], [-38.594716, -3.690688], [-38.526194, -3.718032], [-38.494374, -3.721287], [-38.477406, -3.697442], [-38.466542, -3.705499], [-38.457346, -3.718438], [-38.435943, -3.758396], [-38.409779, -3.793145], [-38.40331, -3.80934], [-38.395823, -3.84059], [-38.389272, -3.855157], [-38.378041, -3.869724], [-38.32079, -3.922784], [-38.310211, -3.92962], [-38.263499, -3.951593], [-38.251332, -3.961847], [-38.188547, -4.052016], [-38.106679, -4.157892], [-38.029612, -4.2374], [-37.93456, -4.307794], [-37.919423, -4.314548], [-37.854237, -4.375909], [-37.835072, -4.384942], [-37.81371, -4.39129], [-37.791249, -4.395196], [-37.768625, -4.396417], [-37.710805, -4.515395], [-37.683746, -4.548435], [-37.649403, -4.57879], [-37.607249, -4.608087], [-37.564361, -4.62949], [-37.537343, -4.638116], [-37.525299, -4.632582], [-37.513824, -4.623793], [-37.488026, -4.629978], [-37.427113, -4.661065], [-37.324818, -4.696466], [-37.292551, -4.71795], [-37.274403, -4.742364], [-37.231109, -4.842055], [-37.182932, -4.910903], [-37.134918, -4.93141], [-37.115142, -4.92197], [-37.098134, -4.920587], [-37.082428, -4.924493], [-37.049387, -4.937921], [-37.037465, -4.938735], [-37.011383, -4.93141], [-36.982981, -4.929783], [-36.898752, -4.938246], [-36.881012, -4.9485], [-36.847646, -4.985935], [-36.843495, -4.992852], [-36.833119, -4.997328], [-36.820709, -5.007745], [-36.810292, -5.020115], [-36.805979, -5.030043], [-36.790883, -5.051202], [-36.756581, -5.066827], [-36.719553, -5.075372], [-36.696116, -5.075453], [-36.695709, -5.089614], [-36.68224, -5.092218], [-36.641469, -5.089044], [-36.606923, -5.096368], [-36.589996, -5.10296], [-36.561147, -5.123224], [-36.544423, -5.127618], [-36.530914, -5.122735], [-36.52538, -5.105564], [-36.533681, -5.101007], [-36.570546, -5.091729], [-36.579986, -5.080987], [-36.545074, -5.089614], [-36.422353, -5.080987], [-36.339752, -5.089044], [-36.300038, -5.10117], [-36.281361, -5.104587], [-36.257232, -5.102146], [-36.257232, -5.09588], [-36.291982, -5.09588], [-36.291982, -5.089044], [-36.131215, -5.09588], [-36.113596, -5.091567], [-36.079091, -5.072361], [-36.042836, -5.064874], [-36.015981, -5.051039], [-35.997182, -5.04754], [-35.917592, -5.058282], [-35.768422, -5.086847], [-35.659413, -5.111261], [-35.581939, -5.11891], [-35.548818, -5.128351], [-35.510569, -5.143731], [-35.492909, -5.157403], [-35.454905, -5.196954], [-35.438588, -5.205173], [-35.420522, -5.211521], [-35.403798, -5.226495], [-35.390045, -5.244561], [-35.371205, -5.279067], [-35.362416, -5.300877], [-35.356028, -5.3235], [-35.353505, -5.345798], [-35.348622, -5.355645], [-35.318756, -5.383233], [-35.262278, -5.483331], [-35.253896, -5.524102], [-35.245269, -5.546157], [-35.23412, -5.566583], [-35.223134, -5.582615], [-35.230621, -5.5888], [-35.226064, -5.598565], [-35.206776, -5.668145], [-35.2058, -5.678806], [-35.195668, -5.689548], [-35.195221, -5.760024], [-35.187734, -5.773533], [-35.1787, -5.783461], [-35.171132, -5.796319], [-35.167958, -5.818455], [-35.171213, -5.833917], [-35.171539, -5.844334], [-35.167958, -5.856215], [-35.150136, -5.87477], [-35.14745, -5.876723], [-35.145823, -5.886814], [-35.14745, -5.921075], [-35.145334, -5.932061], [-35.135976, -5.945733], [-35.133778, -5.955255], [-35.129994, -5.959649], [-35.112213, -5.976658], [-35.106516, -5.986017], [-35.105051, -5.995538], [-35.106516, -6.027602], [-35.111684, -6.048517], [-35.111195, -6.057794], [-35.102773, -6.0617], [-35.099355, -6.066583], [-35.092844, -6.185805], [-35.120717, -6.164727], [-35.124989, -6.182794], [-35.14977, -6.206801], [-35.150868, -6.215997], [-35.134267, -6.224298], [-35.120107, -6.214614], [-35.107574, -6.199884], [-35.095937, -6.192071], [-35.087066, -6.197442], [-35.07787, -6.22088], [-35.068959, -6.22617], [-35.04894, -6.227227], [-35.041249, -6.230239], [-35.038197, -6.236505], [-35.036, -6.258559], [-35.026194, -6.298923], [-35.023915, -6.318048], [-35.02595, -6.333917], [-35.024241, -6.342869], [-35.017079, -6.35589], [-35.01061, -6.362888], [-34.996327, -6.371026], [-34.989166, -6.377618], [-34.982289, -6.391371], [-34.972279, -6.433364], [-34.958974, -6.536879], [-34.958485, -6.582615], [-34.96996, -6.617283], [-34.960805, -6.638849], [-34.957143, -6.6513], [-34.953277, -6.674737], [-34.947743, -6.684828], [-34.940989, -6.694431], [-34.93517, -6.705987], [-34.934926, -6.724216], [-34.940053, -6.744561], [-34.942738, -6.766209], [-34.93517, -6.787856], [-34.93517, -6.781671], [-34.916737, -6.86419], [-34.904164, -6.887302], [-34.893625, -6.894301], [-34.865712, -6.907159], [-34.860097, -6.914646], [-34.860097, -6.96266], [-34.862864, -6.976007], [-34.869252, -6.98268], [-34.87621, -6.986993], [-34.880605, -6.993341], [-34.881093, -7.004571], [-34.878163, -7.028009], [-34.880605, -7.041192], [-34.896352, -7.081313], [-34.894195, -7.082778], [-34.901845, -7.09059], [-34.907582, -7.093194], [-34.913482, -7.090509], [-34.921498, -7.082778], [-34.912221, -7.092706], [-34.907826, -7.104181], [-34.908518, -7.116876], [-34.914662, -7.130548], [-34.896067, -7.117446], [-34.87564, -7.095636], [-34.859364, -7.071466], [-34.852651, -7.05169], [-34.848785, -7.030206], [-34.836171, -6.991795], [-34.839589, -6.972914], [-34.825795, -6.98447], [-34.824208, -7.003351], [-34.832753, -7.041192], [-34.832753, -7.099786], [-34.827952, -7.13006], [-34.825307, -7.137384], [-34.818756, -7.14422], [-34.802113, -7.154067], [-34.797353, -7.158461], [-34.793609, -7.176202], [-34.796742, -7.192966], [-34.802073, -7.208754], [-34.804799, -7.223321], [-34.804799, -7.370782], [-34.814443, -7.444513], [-34.814605, -7.483819], [-34.804799, -7.514093], [-34.8155, -7.542576], [-34.819163, -7.548272], [-34.82429, -7.548517], [-34.833974, -7.543064], [-34.841624, -7.541762], [-34.880605, -7.541599], [-34.893381, -7.542901], [-34.897328, -7.543227], [-34.912668, -7.547784], [-34.928944, -7.555759], [-34.865468, -7.553399], [-34.835386, -7.562727], [-34.8314, -7.582438], [-34.820489, -7.599687], [-34.808949, -7.613702], [-34.805304, -7.622716], [-34.813004, -7.638518], [-34.819931, -7.653545], [-34.830304, -7.680888], [-34.837295, -7.679757], [-34.83727, -7.667087], [-34.839589, -7.655938], [-34.839589, -7.643813], [-34.843739, -7.650567], [-34.845448, -7.656996], [-34.845815, -7.671808], [-34.867828, -7.63242], [-34.873769, -7.617771], [-34.876047, -7.637302], [-34.86017, -7.685987], [-34.864368, -7.70523], [-34.876797, -7.702964], [-34.887257, -7.708382], [-34.899998, -7.718045], [-34.907216, -7.733819], [-34.887929, -7.723565], [-34.877531, -7.714503], [-34.86938, -7.714476], [-34.865876, -7.71754], [-34.869333, -7.72755], [-34.875899, -7.736417], [-34.884403, -7.74529], [-34.892096, -7.762618], [-34.893525, -7.804927], [-34.884944, -7.815663], [-34.848038, -7.822838], [-34.847227, -7.834376], [-34.84408, -7.848216], [-34.845815, -7.884698], [-34.832753, -7.857354], [-34.826487, -7.869236], [-34.817779, -7.893813], [-34.811635, -7.905857], [-34.817006, -7.913344], [-34.818837, -7.919041], [-34.816965, -7.924737], [-34.811635, -7.93255], [-34.821441, -7.952244], [-34.845774, -8.041681], [-34.845815, -8.059177], [-34.851186, -8.068617], [-34.863678, -8.070408], [-34.880605, -8.062758], [-34.900868, -8.042657], [-34.912668, -8.035414], [-34.928944, -8.034926], [-34.913442, -8.045505], [-34.90685, -8.052667], [-34.901031, -8.062758], [-34.897694, -8.074965], [-34.897572, -8.084893], [-34.895741, -8.093845], [-34.887359, -8.103774], [-34.883534, -8.096938], [-34.880605, -8.089532], [-34.881337, -8.105401], [-34.894195, -8.141371], [-34.90038, -8.17962], [-34.904164, -8.189386], [-34.920766, -8.214451], [-34.932118, -8.24212], [-34.938873, -8.272068], [-34.942616, -8.310235], [-34.94225, -8.337335], [-34.938588, -8.347101], [-34.939931, -8.350763], [-34.945912, -8.356703], [-34.952504, -8.364679], [-34.955678, -8.374444], [-34.957346, -8.382501], [-35.026235, -8.57586], [-35.069692, -8.662367], [-35.068959, -8.672296], [-35.08023, -8.681085], [-35.084218, -8.701267], [-35.086008, -8.740655], [-35.096506, -8.761489], [-35.127349, -8.806248], [-35.133778, -8.826918], [-35.138051, -8.871352], [-35.14745, -8.911879], [-35.188873, -8.990655], [-35.232249, -9.047784], [-35.260487, -9.114028], [-35.289418, -9.153578], [-35.305084, -9.193048], [-35.392161, -9.305759], [-35.414947, -9.323419], [-35.414947, -9.316583], [-35.437815, -9.328383], [-35.46231, -9.346612], [-35.482045, -9.367852], [-35.490102, -9.38893], [-35.493235, -9.404067], [-35.573638, -9.522719], [-35.58259, -9.532892], [-35.63036, -9.563653], [-35.657541, -9.577081], [-35.67512, -9.608657], [-35.696156, -9.672947], [-35.70934, -9.674574], [-35.719106, -9.67783], [-35.743316, -9.679783], [-35.752309, -9.682712], [-35.760854, -9.687107], [-35.778066, -9.700128], [-35.763051, -9.675714], [-35.749094, -9.659845], [-35.746246, -9.641778], [-35.765045, -9.610772], [-35.773427, -9.600356], [-35.786041, -9.588556], [-35.799916, -9.584731], [-35.812164, -9.597833], [-35.809885, -9.604587], [-35.795237, -9.629164], [-35.791737, -9.642185], [-35.791737, -9.669122], [-35.794911, -9.679132], [-35.801991, -9.684259], [-35.80899, -9.686944], [-35.853179, -9.731215], [-35.858144, -9.734552], [-35.868398, -9.718032], [-35.877105, -9.696954], [-35.877349, -9.686619], [-35.908437, -9.638767], [-35.905426, -9.62477], [-35.919586, -9.608087], [-35.941884, -9.599786], [-35.963043, -9.610772], [-35.951568, -9.627618], [-35.923207, -9.645766], [-35.908437, -9.659275], [-35.90217, -9.671157], [-35.878977, -9.7492], [-35.873647, -9.755466], [-35.860911, -9.760024], [-35.857411, -9.755304], [-35.856923, -9.747003], [-35.853179, -9.741143], [-35.819569, -9.735528], [-35.805572, -9.731052], [-35.798573, -9.720636], [-35.810618, -9.744806], [-35.86205, -9.794041], [-35.88268, -9.855645], [-35.90392, -9.878188], [-35.949371, -9.913181], [-35.973297, -9.965753], [-35.980377, -9.974542], [-35.992014, -9.980727], [-36.002187, -9.995538], [-36.036285, -10.064142], [-36.05012, -10.078546], [-36.090321, -10.093438], [-36.141184, -10.159438], [-36.251047, -10.248224], [-36.280507, -10.279962], [-36.288971, -10.297052], [-36.291982, -10.320245], [-36.290924, -10.332289], [-36.289174, -10.338962], [-36.288808, -10.344008], [-36.291982, -10.351983], [-36.40807, -10.50213], [-36.420766, -10.508722], [-36.457916, -10.52044], [-36.486073, -10.52337], [-36.504994, -10.527765], [-36.520131, -10.533787], [-36.538442, -10.543634], [-36.576568, -10.55047], [-36.581939, -10.553806], [-36.591786, -10.567804], [-36.59675, -10.570977], [-36.610911, -10.575128], [-36.768381, -10.672621], [-36.903066, -10.772882], [-36.952707, -10.836358], [-36.963368, -10.865411], [-36.978871, -10.886489], [-37.029368, -10.935642], [-37.039662, -10.949151], [-37.044423, -10.964451], [-37.045522, -10.985284], [-37.050445, -10.999607], [-37.124013, -11.11533], [-37.138295, -11.125909], [-37.147613, -11.121759], [-37.147043, -11.111993], [-37.142812, -11.100681], [-37.141713, -11.091729], [-37.146637, -11.085219], [-37.15217, -11.083673], [-37.157582, -11.080987], [-37.162221, -11.071384], [-37.169667, -11.071384], [-37.175689, -11.085707], [-37.185211, -11.074151], [-37.200063, -11.04339], [-37.206858, -11.039158], [-37.248525, -11.021661], [-37.258412, -11.019789], [-37.261545, -11.015232], [-37.268381, -11.016371], [-37.275136, -11.022719], [-37.278228, -11.03338], [-37.276112, -11.041762], [-37.270863, -11.053318], [-37.264312, -11.064386], [-37.258412, -11.071384], [-37.251576, -11.073012], [-37.244618, -11.070896], [-37.236887, -11.069594], [-37.227406, -11.074802], [-37.219309, -11.08115], [-37.211293, -11.08587], [-37.19636, -11.091729], [-37.19636, -11.098565], [-37.214223, -11.091729], [-37.220693, -11.096775], [-37.216786, -11.106134], [-37.203765, -11.112237], [-37.194447, -11.110528], [-37.190338, -11.10475], [-37.187815, -11.099542], [-37.182688, -11.098565], [-37.172678, -11.103123], [-37.165639, -11.108819], [-37.16393, -11.116388], [-37.169667, -11.125909], [-37.163319, -11.136163], [-37.164052, -11.170343], [-37.155385, -11.187433], [-37.155385, -11.181248], [-37.149159, -11.187433], [-37.172475, -11.203546], [-37.199452, -11.215265], [-37.221791, -11.229587], [-37.231109, -11.252862], [-37.235422, -11.260837], [-37.245351, -11.267022], [-37.256581, -11.272231], [-37.264638, -11.277439], [-37.269765, -11.284845], [-37.285756, -11.317071], [-37.316029, -11.406427], [-37.330068, -11.420668], [-37.374867, -11.429864], [-37.388092, -11.426935], [-37.389882, -11.419041], [-37.384429, -11.409438], [-37.384429, -11.401951], [-37.402455, -11.399672], [-37.374379, -11.3624], [-37.368276, -11.351251], [-37.362172, -11.324802], [-37.358306, -11.315851], [-37.347157, -11.303399], [-37.305572, -11.269952], [-37.294993, -11.258233], [-37.290517, -11.254327], [-37.272084, -11.249444], [-37.285878, -11.236993], [-37.288442, -11.208185], [-37.299387, -11.194757], [-37.303334, -11.219822], [-37.30309, -11.231215], [-37.299387, -11.242608], [-37.305572, -11.242608], [-37.324127, -11.208591], [-37.336781, -11.190525], [-37.344106, -11.184259], [-37.34789, -11.204197], [-37.319976, -11.24977], [-37.319203, -11.269952], [-37.325592, -11.263116], [-37.347157, -11.249444], [-37.346181, -11.261], [-37.341298, -11.267673], [-37.336049, -11.272882], [-37.333485, -11.28045], [-37.336293, -11.290134], [-37.343129, -11.292739], [-37.35204, -11.29339], [-37.360829, -11.296563], [-37.371449, -11.306329], [-37.37975, -11.317153], [-37.395579, -11.344985], [-37.408193, -11.395685], [-37.415395, -11.406427], [-37.429555, -11.405043], [-37.436269, -11.388767], [-37.443349, -11.351251], [-37.445668, -11.364435], [-37.451772, -11.370538], [-37.460439, -11.36891], [-37.470082, -11.358657], [-37.460357, -11.391778], [-37.453725, -11.403578], [-37.443349, -11.413263], [-37.401723, -11.428888], [-37.395579, -11.437433], [-37.405995, -11.470473], [-37.431386, -11.492852], [-37.462961, -11.50742], [-37.491851, -11.51629], [-37.474843, -11.520115], [-37.453847, -11.517673], [-37.432769, -11.511163], [-37.415395, -11.503188], [-37.401967, -11.490981], [-37.38976, -11.474379], [-37.37678, -11.460219], [-37.360829, -11.454848], [-37.368235, -11.47381], [-37.434722, -11.569268], [-37.509185, -11.72381], [-37.513417, -11.760675], [-37.522817, -11.776137], [-37.545766, -11.804376], [-37.604237, -11.949965], [-37.631744, -11.995294], [-37.654652, -12.049737], [-37.717641, -12.136407], [-37.78671, -12.264634], [-37.871175, -12.382263], [-37.93339, -12.475376], [-37.998525, -12.562188], [-38.050893, -12.641046], [-38.063466, -12.647231], [-38.073964, -12.653904], [-38.145497, -12.73504], [-38.213246, -12.820001], [-38.291371, -12.894952], [-38.320424, -12.935235], [-38.339996, -12.950291], [-38.361399, -12.961847], [-38.371938, -12.965265], [-38.394276, -12.968438], [-38.406117, -12.968845], [-38.416249, -12.973077], [-38.437001, -12.992364], [-38.464955, -13.002374], [-38.48644, -13.013767], [-38.509674, -13.021417], [-38.532704, -13.016534], [-38.538319, -13.004002], [-38.518381, -12.966892], [-38.507924, -12.931817], [-38.497792, -12.91839], [-38.486195, -12.915948], [-38.477406, -12.935235], [-38.479075, -12.915948], [-38.48705, -12.898858], [-38.4912, -12.882013], [-38.475657, -12.851658], [-38.480092, -12.842218], [-38.48766, -12.834731], [-38.49177, -12.82936], [-38.492299, -12.822442], [-38.49413, -12.817641], [-38.502268, -12.808282], [-38.504058, -12.804132], [-38.502268, -12.800551], [-38.499745, -12.796563], [-38.499135, -12.791192], [-38.508901, -12.722914], [-38.526967, -12.723077], [-38.542388, -12.721612], [-38.557485, -12.715509], [-38.57429, -12.701837], [-38.605946, -12.713637], [-38.62621, -12.702407], [-38.637603, -12.680759], [-38.64859, -12.63836], [-38.656158, -12.633722], [-38.667144, -12.634047], [-38.683461, -12.626723], [-38.694569, -12.614028], [-38.69518, -12.602797], [-38.691803, -12.589776], [-38.690989, -12.571466], [-38.697133, -12.571466], [-38.71581, -12.605076], [-38.722076, -12.622491], [-38.724477, -12.643487], [-38.724477, -12.671075], [-38.726308, -12.678888], [-38.730336, -12.682387], [-38.734975, -12.684503], [-38.738149, -12.687595], [-38.750966, -12.712823], [-38.750396, -12.724542], [-38.738149, -12.736586], [-38.777211, -12.80755], [-38.789947, -12.818536], [-38.795481, -12.821466], [-38.80663, -12.835138], [-38.813832, -12.839044], [-38.824452, -12.838149], [-38.835561, -12.828383], [-38.844879, -12.825942], [-38.855824, -12.816827], [-38.864003, -12.795099], [-38.882721, -12.722101], [-38.881174, -12.705336], [-38.869862, -12.692071], [-38.848012, -12.674493], [-38.861684, -12.654067], [-38.868479, -12.654067], [-38.863393, -12.669854], [-38.869862, -12.67783], [-38.882436, -12.684177], [-38.895823, -12.695001], [-38.903188, -12.709405], [-38.905832, -12.721775], [-38.910512, -12.731052], [-38.923695, -12.736586], [-38.914662, -12.748468], [-38.903676, -12.772393], [-38.895823, -12.784356], [-38.88801, -12.79046], [-38.8815, -12.791681], [-38.875356, -12.794529], [-38.868479, -12.804864], [-38.869211, -12.809015], [-38.86913, -12.820571], [-38.867014, -12.834649], [-38.861684, -12.84588], [-38.853993, -12.851251], [-38.834299, -12.86061], [-38.827504, -12.866957], [-38.812123, -12.853692], [-38.803619, -12.848728], [-38.797109, -12.849298], [-38.792795, -12.856703], [-38.788808, -12.866632], [-38.783681, -12.872979], [-38.77599, -12.87005], [-38.765452, -12.864679], [-38.752309, -12.864435], [-38.738026, -12.867934], [-38.724477, -12.873224], [-38.733713, -12.879571], [-38.736318, -12.882745], [-38.742177, -12.897149], [-38.746938, -12.904555], [-38.750803, -12.912774], [-38.752431, -12.924981], [-38.751332, -12.946384], [-38.752105, -12.957289], [-38.755849, -12.965427], [-38.767445, -12.979181], [-38.786855, -13.008071], [-38.800893, -13.024021], [-38.815541, -13.036716], [-38.835113, -13.050063], [-38.857086, -13.060642], [-38.879018, -13.064874], [-38.889272, -13.069757], [-38.895009, -13.080987], [-38.896881, -13.094659], [-38.895823, -13.106541], [-38.893381, -13.113458], [-38.88976, -13.118422], [-38.884145, -13.122328], [-38.875356, -13.126397], [-38.806996, -13.143813], [-38.810658, -13.153497], [-38.819569, -13.156671], [-38.830922, -13.15781], [-38.841786, -13.161228], [-38.851796, -13.168878], [-38.875356, -13.195408], [-38.931752, -13.233005], [-38.947621, -13.246759], [-38.957509, -13.264825], [-38.96349, -13.305841], [-38.970855, -13.325616], [-38.956858, -13.356622], [-38.954579, -13.372491], [-38.964711, -13.380304], [-38.989613, -13.363946], [-38.99885, -13.360447], [-39.009592, -13.360284], [-39.039784, -13.366632], [-39.037668, -13.357843], [-39.036977, -13.350193], [-39.037709, -13.341974], [-39.039784, -13.332452], [-39.062489, -13.399998], [-39.068227, -13.440606], [-39.060292, -13.47031], [-39.071034, -13.480076], [-39.079945, -13.495294], [-39.086008, -13.514093], [-39.088206, -13.534275], [-39.084218, -13.57879], [-39.09142, -13.593683], [-39.115549, -13.599379], [-39.115549, -13.606134], [-39.086659, -13.603936], [-39.077382, -13.59002], [-39.0808, -13.541111], [-39.075022, -13.517267], [-39.059682, -13.494806], [-39.037668, -13.484552], [-39.01183, -13.497003], [-39.007069, -13.504815], [-39.003163, -13.522556], [-38.995432, -13.534275], [-38.992991, -13.541111], [-38.996938, -13.547052], [-39.002675, -13.553481], [-39.005686, -13.561782], [-39.001943, -13.588067], [-38.992787, -13.60768], [-38.981435, -13.625746], [-38.970855, -13.647719], [-38.967844, -13.674005], [-38.975738, -13.69256], [-38.986562, -13.710219], [-38.992014, -13.733087], [-38.994211, -13.79461], [-38.992014, -13.81227], [-38.981842, -13.827569], [-38.97997, -13.83587], [-38.988596, -13.839532], [-39.001698, -13.83766], [-39.01122, -13.832452], [-39.029897, -13.815362], [-39.037343, -13.805352], [-39.040761, -13.794041], [-39.042877, -13.782322], [-39.04662, -13.771254], [-39.053578, -13.760919], [-39.06017, -13.755141], [-39.066965, -13.750421], [-39.074534, -13.743341], [-39.079579, -13.740981], [-39.083974, -13.741957], [-39.087026, -13.741143], [-39.091624, -13.71266], [-39.09968, -13.708917], [-39.110951, -13.708185], [-39.132558, -13.709242], [-39.141103, -13.719171], [-39.148752, -13.736912], [-39.144032, -13.744317], [-39.115549, -13.723565], [-39.110015, -13.731703], [-39.108266, -13.740411], [-39.110097, -13.749119], [-39.115549, -13.757582], [-39.071604, -13.779555], [-39.060292, -13.791762], [-39.043202, -13.826349], [-39.032135, -13.84059], [-38.997711, -13.851739], [-38.994456, -13.863458], [-38.999989, -13.875177], [-39.008778, -13.880548], [-39.034901, -13.879653], [-39.04894, -13.875909], [-39.067128, -13.867446], [-39.074534, -13.89422], [-39.071156, -13.90309], [-39.06371, -13.935805], [-39.057485, -13.937921], [-39.041249, -13.947198], [-39.021596, -13.955662], [-39.007395, -13.969659], [-38.996693, -13.98561], [-38.992014, -13.997247], [-38.992828, -14.009047], [-38.995595, -14.019138], [-38.995676, -14.029229], [-38.982818, -14.050714], [-38.979563, -14.06113], [-38.980824, -14.069513], [-38.988596, -14.072931], [-39.027903, -14.078302], [-39.039866, -14.075128], [-39.054067, -14.059259], [-39.071034, -14.076349], [-39.072865, -14.08587], [-39.060292, -14.099705], [-39.066803, -14.105645], [-39.072906, -14.115167], [-39.076243, -14.127374], [-39.074534, -14.140558], [-39.066721, -14.150079], [-39.055898, -14.155043], [-39.045644, -14.161391], [-39.039784, -14.175388], [-39.033599, -14.175388], [-39.057037, -14.133559], [-39.063385, -14.109959], [-39.043202, -14.099705], [-39.024281, -14.096856], [-39.002838, -14.089532], [-38.957265, -14.066095], [-38.959096, -14.057306], [-38.958363, -14.045994], [-38.959706, -14.036228], [-38.967844, -14.031915], [-38.972279, -14.026625], [-38.970693, -14.014825], [-38.964711, -13.997247], [-38.965321, -13.991957], [-38.969106, -13.98919], [-38.971425, -13.986261], [-38.967844, -13.980564], [-38.963043, -13.978285], [-38.952952, -13.976983], [-38.951039, -13.973565], [-38.95287, -13.962579], [-38.958079, -13.955987], [-38.966664, -13.952081], [-38.978342, -13.949395], [-38.975657, -13.945733], [-38.970855, -13.935805], [-38.987538, -13.939874], [-38.98998, -13.930841], [-38.983754, -13.916274], [-38.974599, -13.904474], [-38.963857, -13.897068], [-38.948883, -13.890313], [-38.935658, -13.88893], [-38.929921, -13.897638], [-38.929067, -13.983168], [-38.923695, -14.004083], [-38.946685, -14.102309], [-38.959299, -14.122166], [-38.964711, -14.133722], [-38.966868, -14.145929], [-38.968373, -14.170017], [-38.970855, -14.181573], [-38.989247, -14.212335], [-38.992014, -14.226658], [-38.992014, -14.267836], [-38.984202, -14.299412], [-38.985178, -14.312595], [-38.992096, -14.324965], [-39.000722, -14.335707], [-39.004994, -14.346856], [-38.99885, -14.360284], [-39.006947, -14.370294], [-39.007639, -14.383233], [-39.005605, -14.398207], [-39.005686, -14.414972], [-39.026112, -14.463311], [-39.033599, -14.539158], [-39.051422, -14.591974], [-39.056264, -14.622247], [-39.065582, -14.65488], [-39.067128, -14.674981], [-39.054067, -14.754083], [-39.050852, -14.765802], [-39.036733, -14.779474], [-39.033599, -14.79225], [-39.045644, -14.796075], [-39.052968, -14.801365], [-39.054067, -14.812188], [-39.048248, -14.818617], [-39.039215, -14.81756], [-39.029693, -14.81463], [-39.022694, -14.815851], [-39.026112, -14.857192], [-39.022939, -14.900323], [-39.008901, -14.97088], [-39.00182, -15.232029], [-38.979644, -15.323663], [-38.973256, -15.409356], [-38.943267, -15.565362], [-38.923899, -15.71559], [-38.904897, -15.757501], [-38.892405, -15.774998], [-38.88858, -15.782892], [-38.882721, -15.812677], [-38.877919, -15.822361], [-38.864369, -15.843357], [-38.861684, -15.854262], [-38.867014, -15.869724], [-38.890492, -15.904392], [-38.895823, -15.918878], [-38.898752, -15.940037], [-38.923695, -16.005141], [-38.924184, -16.023614], [-38.929555, -16.038344], [-38.944203, -16.066583], [-38.947865, -16.081476], [-38.952748, -16.167087], [-38.957265, -16.183282], [-38.998036, -16.252862], [-39.00536, -16.275079], [-39.00768, -16.299249], [-39.005686, -16.326593], [-39.006907, -16.359308], [-39.018381, -16.383071], [-39.054067, -16.436456], [-39.049631, -16.447035], [-39.050649, -16.45672], [-39.060292, -16.478123], [-39.092275, -16.65781], [-39.135976, -16.800226], [-39.135976, -16.844659], [-39.133778, -16.855727], [-39.121693, -16.878513], [-39.121571, -16.892022], [-39.123606, -16.897882], [-39.149648, -16.950453], [-39.168813, -17.075942], [-39.183746, -17.114923], [-39.202056, -17.14422], [-39.208608, -17.162205], [-39.217356, -17.295099], [-39.209055, -17.382094], [-39.190012, -17.430271], [-39.186269, -17.452081], [-39.188385, -17.578383], [-39.183746, -17.600844], [-39.166737, -17.633966], [-39.146962, -17.657159], [-39.137115, -17.67962], [-39.149648, -17.710707], [-39.258901, -17.820733], [-39.268219, -17.836521], [-39.271352, -17.846287], [-39.272572, -17.858575], [-39.275054, -17.866876], [-39.281361, -17.871026], [-39.289296, -17.874119], [-39.314198, -17.890313], [-39.382395, -17.903253], [-39.417836, -17.920994], [-39.450185, -17.948012], [-39.499094, -18.005629], [-39.624989, -18.192641], [-39.659413, -18.273614], [-39.672597, -18.323175], [-39.72468, -18.518731], [-39.744862, -18.681736], [-39.741078, -18.902114], [-39.719228, -19.090509], [-39.698069, -19.239923], [-39.701405, -19.376153], [-39.709788, -19.416111], [-39.786204, -19.601983], [-39.806996, -19.636163], [-39.834869, -19.657159], [-39.950999, -19.705173], [-40.009429, -19.747003], [-40.026845, -19.764418], [-40.083648, -19.89544], [-40.088124, -19.914483], [-40.097401, -19.930597], [-40.141672, -19.945571], [-40.157053, -19.958917], [-40.134429, -19.958917], [-40.131988, -19.971856], [-40.146474, -20.023045], [-40.153879, -20.027602], [-40.162668, -20.029555], [-40.170033, -20.033949], [-40.178619, -20.04339], [-40.17748, -20.058526], [-40.175404, -20.067315], [-40.166086, -20.086521], [-40.163889, -20.096124], [-40.165924, -20.10589], [-40.175404, -20.125258], [-40.190989, -20.189874], [-40.194895, -20.1985], [-40.202545, -20.207696], [-40.222768, -20.25156], [-40.232777, -20.266778], [-40.241526, -20.275567], [-40.244374, -20.27752], [-40.247222, -20.273533], [-40.256093, -20.263767], [-40.266184, -20.260512], [-40.273549, -20.267511], [-40.279937, -20.276951], [-40.286733, -20.28102], [-40.298085, -20.273696], [-40.293202, -20.24505], [-40.300404, -20.23268], [-40.316396, -20.22796], [-40.336049, -20.227634], [-40.369293, -20.23268], [-40.356191, -20.243341], [-40.350901, -20.256524], [-40.356557, -20.266371], [-40.376129, -20.266778], [-40.376129, -20.274184], [-40.371734, -20.275567], [-40.368723, -20.276951], [-40.361887, -20.28102], [-40.370473, -20.301039], [-40.365971, -20.323231], [-40.347878, -20.326206], [-40.323948, -20.324838], [-40.325392, -20.337532], [-40.3147, -20.334268], [-40.300649, -20.319431], [-40.28246, -20.314223], [-40.259511, -20.321466], [-40.275054, -20.333917], [-40.290639, -20.350681], [-40.30248, -20.370864], [-40.312652, -20.41725], [-40.336537, -20.455662], [-40.348744, -20.500095], [-40.396596, -20.569024], [-40.418324, -20.61533], [-40.433217, -20.628676], [-40.451283, -20.616876], [-40.475331, -20.637791], [-40.483632, -20.648207], [-40.524485, -20.715753], [-40.534413, -20.726739], [-40.55606, -20.743585], [-40.565175, -20.753025], [-40.583424, -20.801972], [-40.609399, -20.807289], [-40.619565, -20.833901], [-40.628438, -20.839218], [-40.633901, -20.829522], [-40.63683, -20.818943], [-40.641591, -20.808201], [-40.652089, -20.808038], [-40.662465, -20.812595], [-40.667226, -20.815525], [-40.701378, -20.835956], [-40.731725, -20.843838], [-40.746304, -20.852882], [-40.758463, -20.864194], [-40.760933, -20.882329], [-40.773085, -20.889108], [-40.779187, -20.9027], [-40.788931, -20.916285], [-40.801109, -20.930996], [-40.80848, -20.962725], [-40.807363, -20.997875], [-40.811382, -21.018848], [-40.814613, -21.036612], [-40.830678, -21.049249], [-40.839589, -21.068292], [-40.841664, -21.079278], [-40.846547, -21.094496], [-40.922349, -21.190464], [-40.95181, -21.238104], [-40.965118, -21.274021], [-40.965199, -21.274835], [-40.960072, -21.287367], [-40.959218, -21.303399], [-40.961293, -21.320245], [-40.965199, -21.335626], [-40.963503, -21.364503], [-40.983252, -21.391307], [-41.018164, -21.441724], [-41.04955, -21.469334], [-41.05724, -21.483819], [-41.071868, -21.523339], [-41.059346, -21.561045], [-41.018544, -21.608087], [-41.013539, -21.651544], [-41.024729, -21.71919], [-41.006744, -21.823419], [-40.967275, -21.947524], [-40.972646, -21.986749], [-40.995269, -22.014255], [-41.141265, -22.096775], [-41.243695, -22.145213], [-41.345693, -22.172052], [-41.465728, -22.202569], [-41.555165, -22.232354], [-41.666493, -22.281834], [-41.741363, -22.329034], [-41.770823, -22.354181], [-41.77595, -22.362563], [-41.778961, -22.380304], [-41.784495, -22.388604], [-41.802602, -22.402032], [-41.834828, -22.419529], [-41.84968, -22.433038], [-41.868479, -22.46852], [-41.873525, -22.473891], [-41.882558, -22.475844], [-41.89269, -22.480239], [-41.900868, -22.485772], [-41.904286, -22.490655], [-41.911977, -22.507989], [-41.930043, -22.519708], [-41.966298, -22.535414], [-41.986073, -22.564874], [-41.996205, -22.609308], [-41.998118, -22.657892], [-41.993031, -22.699884], [-41.9829, -22.716241], [-41.946889, -22.753595], [-41.939036, -22.765069], [-41.93456, -22.768731], [-41.924916, -22.761814], [-41.911041, -22.747166], [-41.901601, -22.743585], [-41.880035, -22.738865], [-41.870107, -22.734063], [-41.869781, -22.75213], [-41.876576, -22.762384], [-41.885325, -22.770603], [-41.890614, -22.782403], [-41.909576, -22.776625], [-41.922271, -22.78338], [-41.945221, -22.809747], [-41.97525, -22.821873], [-41.983062, -22.823419], [-41.989613, -22.826349], [-41.9912, -22.833673], [-41.991322, -22.842869], [-41.994781, -22.859796], [-41.995025, -22.868422], [-41.996897, -22.875258], [-42.00357, -22.878025], [-42.01415, -22.878839], [-42.019928, -22.88128], [-42.023671, -22.885675], [-42.027821, -22.892267], [-42.03307, -22.91253], [-42.030263, -22.93377], [-42.022694, -22.944513], [-42.013539, -22.933282], [-42.007314, -22.933282], [-42.002919, -22.947686], [-42.003733, -22.959161], [-42.013539, -22.981703], [-42.02717, -22.976251], [-42.04601, -22.957778], [-42.058217, -22.95379], [-42.174143, -22.950779], [-42.376129, -22.937433], [-42.531728, -22.934177], [-42.624257, -22.939548], [-42.656239, -22.945977], [-42.668609, -22.946954], [-42.67455, -22.949965], [-42.687082, -22.963637], [-42.695668, -22.966892], [-42.769358, -22.96852], [-42.862701, -22.977227], [-42.93224, -22.972101], [-43.031402, -22.974298], [-43.056508, -22.953302], [-43.073964, -22.94492], [-43.089752, -22.95379], [-43.101633, -22.942966], [-43.121449, -22.929946], [-43.130767, -22.91961], [-43.116363, -22.921157], [-43.110585, -22.922784], [-43.103424, -22.926446], [-43.091908, -22.917087], [-43.091298, -22.908298], [-43.099355, -22.901625], [-43.113637, -22.899102], [-43.129465, -22.894138], [-43.126536, -22.88242], [-43.11026, -22.86061], [-43.101715, -22.836521], [-43.081207, -22.814142], [-43.034535, -22.775567], [-43.052968, -22.777765], [-43.061147, -22.773858], [-43.061431, -22.765802], [-43.056264, -22.755141], [-43.034901, -22.74627], [-43.028391, -22.741469], [-43.025136, -22.735528], [-43.021474, -22.713556], [-43.02123, -22.704197], [-43.025136, -22.678969], [-43.028391, -22.67254], [-43.040924, -22.669366], [-43.065785, -22.671645], [-43.075551, -22.665704], [-43.083567, -22.671808], [-43.094797, -22.68727], [-43.103424, -22.693617], [-43.114858, -22.697686], [-43.122182, -22.697198], [-43.129547, -22.695001], [-43.141347, -22.693617], [-43.151845, -22.695977], [-43.176096, -22.707778], [-43.216705, -22.734063], [-43.236195, -22.734063], [-43.255605, -22.737074], [-43.270172, -22.747003], [-43.27538, -22.768162], [-43.271067, -22.788995], [-43.24059, -22.843927], [-43.233795, -22.843927], [-43.230621, -22.838556], [-43.22704, -22.835219], [-43.223459, -22.832696], [-43.220123, -22.829685], [-43.219228, -22.839532], [-43.215443, -22.846938], [-43.208852, -22.852716], [-43.199615, -22.857029], [-43.204457, -22.857599], [-43.207143, -22.859308], [-43.209462, -22.861749], [-43.213287, -22.864435], [-43.173329, -22.886977], [-43.162099, -22.895685], [-43.160634, -22.908624], [-43.163197, -22.927423], [-43.162465, -22.939711], [-43.151235, -22.933282], [-43.152211, -22.951104], [-43.170766, -22.969822], [-43.196767, -22.985935], [-43.220123, -22.995294], [-43.447581, -23.018162], [-43.496002, -23.03102], [-43.542226, -23.049412], [-43.548329, -23.054783], [-43.554351, -23.062188], [-43.560374, -23.067478], [-43.566518, -23.066339], [-43.577219, -23.051365], [-43.580068, -23.049412], [-43.620758, -23.042576], [-43.871897, -23.069757], [-43.914052, -23.069757], [-43.934722, -23.072686], [-43.950063, -23.080173], [-43.968984, -23.092706], [-43.988759, -23.097426], [-44.003733, -23.091078], [-44.008412, -23.069757], [-44.001454, -23.049249], [-43.987131, -23.041681], [-43.950063, -23.042576], [-43.940012, -23.045587], [-43.916331, -23.05641], [-43.905385, -23.055597], [-43.900461, -23.050063], [-43.891713, -23.021417], [-43.869008, -23.039646], [-43.832021, -23.047621], [-43.751129, -23.049412], [-43.669301, -23.037205], [-43.625478, -23.024021], [-43.603749, -23.007745], [-43.623606, -23.005629], [-43.646067, -22.99863], [-43.664418, -22.988458], [-43.671986, -22.97796], [-43.676666, -22.979669], [-43.687489, -22.978774], [-43.699127, -22.976658], [-43.706695, -22.974298], [-43.716379, -22.965753], [-43.728831, -22.945896], [-43.734039, -22.939548], [-43.748891, -22.93434], [-43.793528, -22.928155], [-43.802968, -22.929864], [-43.80899, -22.909763], [-43.824127, -22.907647], [-43.844106, -22.910577], [-43.864369, -22.905938], [-43.850168, -22.899102], [-43.850168, -22.892267], [-43.864369, -22.896173], [-43.89273, -22.909356], [-43.901967, -22.912205], [-43.953765, -22.91961], [-43.96642, -22.923435], [-43.995839, -22.9367], [-44.004709, -22.939548], [-44.012441, -22.945733], [-44.019765, -22.959161], [-44.030751, -22.971368], [-44.049387, -22.974298], [-44.042877, -22.958754], [-44.039174, -22.944106], [-44.042307, -22.935805], [-44.056223, -22.939548], [-44.062327, -22.948419], [-44.079742, -22.987237], [-44.089101, -22.993829], [-44.115102, -23.022393], [-44.127919, -23.028904], [-44.151763, -23.028904], [-44.157297, -23.031834], [-44.172922, -23.042576], [-44.180043, -23.045099], [-44.186391, -23.049005], [-44.190989, -23.048761], [-44.192738, -23.039158], [-44.196929, -23.033624], [-44.20637, -23.037856], [-44.220082, -23.049412], [-44.237294, -23.04697], [-44.242991, -23.042576], [-44.240468, -23.008966], [-44.241811, -22.999933], [-44.250478, -22.996189], [-44.271555, -22.995294], [-44.289622, -23.010919], [-44.298736, -23.012872], [-44.302602, -22.995294], [-44.317128, -23.002862], [-44.323842, -23.007908], [-44.329945, -23.015232], [-44.352651, -22.999282], [-44.354482, -22.986423], [-44.341542, -22.977472], [-44.319976, -22.974298], [-44.311838, -22.970147], [-44.311635, -22.961114], [-44.316884, -22.946954], [-44.320953, -22.94378], [-44.327626, -22.940118], [-44.328969, -22.934828], [-44.316884, -22.926446], [-44.325917, -22.921645], [-44.335927, -22.919366], [-44.346588, -22.918715], [-44.357818, -22.91961], [-44.351552, -22.935317], [-44.355702, -22.944431], [-44.364329, -22.95143], [-44.37149, -22.961196], [-44.375111, -22.955255], [-44.382192, -22.945977], [-44.384511, -22.939548], [-44.391754, -22.94199], [-44.394887, -22.943455], [-44.398793, -22.946954], [-44.411366, -22.937433], [-44.423248, -22.947931], [-44.439768, -22.981703], [-44.435658, -22.996759], [-44.457387, -23.009454], [-44.486643, -23.018243], [-44.534047, -23.025323], [-44.604237, -23.055597], [-44.602528, -23.05047], [-44.600575, -23.041111], [-44.598012, -23.03574], [-44.63036, -23.035089], [-44.6551, -23.043145], [-44.673207, -23.05934], [-44.70051, -23.10768], [-44.698476, -23.114516], [-44.694895, -23.120782], [-44.693186, -23.127374], [-44.702463, -23.144627], [-44.712148, -23.174981], [-44.714101, -23.186619], [-44.707997, -23.214614], [-44.68932, -23.211033], [-44.665761, -23.195245], [-44.645253, -23.186619], [-44.62678, -23.195245], [-44.673207, -23.229587], [-44.680002, -23.24863], [-44.670155, -23.238539], [-44.655995, -23.230401], [-44.640004, -23.227797], [-44.624745, -23.234959], [-44.639882, -23.250421], [-44.648752, -23.26214], [-44.652699, -23.272149], [-44.651357, -23.284763], [-44.647043, -23.28281], [-44.628163, -23.258233], [-44.613637, -23.243829], [-44.600575, -23.234308], [-44.583363, -23.229181], [-44.556508, -23.227472], [-44.564036, -23.239679], [-44.568471, -23.244399], [-44.576324, -23.24863], [-44.558258, -23.26336], [-44.53303, -23.267022], [-44.510569, -23.27337], [-44.50121, -23.296482], [-44.523793, -23.290704], [-44.541412, -23.303155], [-44.563303, -23.337335], [-44.583811, -23.353204], [-44.600982, -23.350193], [-44.616444, -23.342462], [-44.631581, -23.344822], [-44.647043, -23.338637], [-44.674428, -23.338067], [-44.704254, -23.342462], [-44.727162, -23.351007], [-44.727569, -23.352065], [-44.7329, -23.365818], [-44.747792, -23.370864], [-44.766184, -23.372979], [-44.782379, -23.379002], [-44.799794, -23.37127], [-44.813303, -23.37713], [-44.826975, -23.385431], [-44.844472, -23.385186], [-44.850453, -23.379002], [-44.853993, -23.369806], [-44.858551, -23.361505], [-44.868031, -23.357843], [-44.877431, -23.358168], [-44.884348, -23.35947], [-44.898508, -23.364679], [-44.891998, -23.340997], [-44.919301, -23.34881], [-44.952626, -23.368097], [-44.964223, -23.379002], [-44.969228, -23.381443], [-44.975697, -23.39422], [-44.981028, -23.399347], [-44.988149, -23.402032], [-45.001536, -23.403741], [-45.008372, -23.405532], [-45.02831, -23.416111], [-45.036244, -23.415623], [-45.04308, -23.405532], [-45.050771, -23.428155], [-45.039662, -23.438653], [-45.021637, -23.446466], [-45.008372, -23.46087], [-45.034739, -23.462091], [-45.05016, -23.473321], [-45.070424, -23.515395], [-45.08019, -23.497654], [-45.091786, -23.491876], [-45.097646, -23.497817], [-45.09024, -23.515395], [-45.101918, -23.512791], [-45.113393, -23.507745], [-45.124582, -23.500665], [-45.135243, -23.491876], [-45.147776, -23.4874], [-45.15217, -23.498793], [-45.150624, -23.516046], [-45.145497, -23.529067], [-45.164215, -23.533136], [-45.183217, -23.525974], [-45.200347, -23.523696], [-45.213735, -23.542739], [-45.203236, -23.561212], [-45.200673, -23.572035], [-45.210683, -23.576918], [-45.22289, -23.579197], [-45.251943, -23.59059], [-45.26415, -23.587498], [-45.278798, -23.573663], [-45.28954, -23.570082], [-45.301747, -23.574151], [-45.312408, -23.583754], [-45.321116, -23.59352], [-45.327056, -23.598077], [-45.348378, -23.604425], [-45.367787, -23.616632], [-45.388295, -23.624444], [-45.412994, -23.617852], [-45.417063, -23.629083], [-45.428456, -23.64186], [-45.432932, -23.652602], [-45.433502, -23.664727], [-45.428212, -23.68613], [-45.426666, -23.697035], [-45.423085, -23.710626], [-45.414906, -23.714776], [-45.405751, -23.715916], [-45.399403, -23.72088], [-45.398305, -23.734145], [-45.406117, -23.756117], [-45.40274, -23.765313], [-45.393056, -23.783461], [-45.394846, -23.803155], [-45.406606, -23.820408], [-45.426666, -23.830743], [-45.438873, -23.83172], [-45.448069, -23.829034], [-45.455963, -23.825616], [-45.464508, -23.823907], [-45.478505, -23.826349], [-45.498769, -23.836358], [-45.509267, -23.837579], [-45.528879, -23.829522], [-45.551991, -23.802423], [-45.574086, -23.796645], [-45.608022, -23.803155], [-45.618479, -23.802911], [-45.623036, -23.800388], [-45.627105, -23.792576], [-45.632151, -23.789809], [-45.651357, -23.789158], [-45.652659, -23.789809], [-45.717519, -23.770766], [-45.782948, -23.768731], [-45.79426, -23.765883], [-45.815541, -23.757257], [-45.823883, -23.75506], [-45.864369, -23.756443], [-45.955637, -23.777114], [-45.989003, -23.789809], [-46.007639, -23.800958], [-46.017974, -23.810235], [-46.026926, -23.828546], [-46.037465, -23.829034], [-46.060658, -23.823907], [-46.079742, -23.827813], [-46.098948, -23.837091], [-46.136301, -23.851739], [-46.137807, -23.849542], [-46.139231, -23.844415], [-46.146067, -23.844415], [-46.159535, -23.870538], [-46.179596, -23.890313], [-46.20523, -23.904474], [-46.235422, -23.912693], [-46.235422, -23.92018], [-46.213531, -23.919366], [-46.197377, -23.915704], [-46.183013, -23.907159], [-46.145497, -23.870782], [-46.131907, -23.864923], [-46.111928, -23.864923], [-46.149973, -23.905532], [-46.159739, -23.92018], [-46.164459, -23.935154], [-46.168324, -23.954685], [-46.169545, -23.972345], [-46.166493, -23.981622], [-46.175038, -23.990899], [-46.186635, -23.995375], [-46.196889, -23.99391], [-46.201283, -23.98504], [-46.207509, -23.979913], [-46.221099, -23.981703], [-46.23412, -23.986017], [-46.253041, -23.995864], [-46.26773, -24.010512], [-46.287668, -24.021173], [-46.317372, -24.016371], [-46.309926, -24.00156], [-46.28482, -23.992852], [-46.276357, -23.981622], [-46.277252, -23.967543], [-46.284576, -23.955987], [-46.292958, -23.946059], [-46.296864, -23.937188], [-46.299469, -23.925063], [-46.306996, -23.915297], [-46.318837, -23.908868], [-46.346181, -23.904962], [-46.357777, -23.900811], [-46.363759, -23.89422], [-46.358306, -23.886], [-46.358306, -23.878595], [-46.385406, -23.873468], [-46.389272, -23.886407], [-46.387359, -23.903985], [-46.396799, -23.912693], [-46.409291, -23.915948], [-46.41039, -23.923272], [-46.40803, -23.930597], [-46.40982, -23.933852], [-46.432688, -23.931736], [-46.453928, -23.926446], [-46.449574, -23.938409], [-46.440419, -23.94492], [-46.431304, -23.948175], [-46.427235, -23.95086], [-46.425608, -23.95672], [-46.416982, -23.97617], [-46.412953, -23.981622], [-46.401926, -23.984145], [-46.388295, -23.983982], [-46.37682, -23.985121], [-46.371938, -23.99212], [-46.37206, -24.015802], [-46.376047, -24.024509], [-46.386301, -24.030043], [-46.388092, -24.02158], [-46.391754, -24.016209], [-46.397817, -24.012465], [-46.406728, -24.008966], [-46.468984, -24.039972], [-46.593414, -24.089532], [-46.743072, -24.176853], [-46.85497, -24.228448], [-46.936635, -24.27337], [-46.966461, -24.299086], [-46.988922, -24.33115], [-46.999908, -24.366795], [-47.006337, -24.372003], [-47.009999, -24.376886], [-46.999501, -24.400567], [-46.999501, -24.409845], [-47.01537, -24.422947], [-47.035024, -24.431085], [-47.049794, -24.42783], [-47.051015, -24.406183], [-47.072092, -24.4485], [-47.08141, -24.453871], [-47.096913, -24.459405], [-47.122711, -24.483331], [-47.136342, -24.488702], [-47.181386, -24.53338], [-47.442047, -24.680434], [-47.454823, -24.67669], [-47.469065, -24.680922], [-47.496693, -24.693536], [-47.518463, -24.688084], [-47.531321, -24.688165], [-47.540761, -24.703383], [-47.559926, -24.71266], [-47.584706, -24.731622], [-47.63386, -24.755629], [-47.825551, -24.894138], [-47.841786, -24.909845], [-47.866607, -24.940606], [-47.873402, -24.945408], [-47.879872, -24.948663], [-47.886301, -24.953058], [-47.8933, -24.961114], [-47.933746, -25.033461], [-47.960561, -25.0499], [-48.009999, -25.044203], [-48.001698, -25.027927], [-47.988108, -25.025811], [-47.9735, -25.027602], [-47.962148, -25.023126], [-47.961171, -25.013116], [-47.972727, -25.009373], [-48.016916, -25.010837], [-48.02359, -25.015069], [-48.024403, -25.022393], [-48.02359, -25.033624], [-48.027008, -25.04518], [-48.034901, -25.048761], [-48.044179, -25.045505], [-48.051584, -25.036798], [-48.051625, -25.05283], [-48.03246, -25.063246], [-48.006459, -25.069106], [-47.986073, -25.070977], [-47.963002, -25.07822], [-47.949696, -25.080011], [-47.938303, -25.07464], [-47.927724, -25.065606], [-47.915354, -25.059503], [-47.901682, -25.056573], [-47.887074, -25.057306], [-47.921986, -25.158624], [-47.951772, -25.201349], [-48.003163, -25.214288], [-48.020009, -25.226332], [-48.068349, -25.280043], [-48.076283, -25.293227], [-48.082102, -25.307306], [-48.083363, -25.310317], [-48.091542, -25.325291], [-48.168284, -25.369236], [-48.173451, -25.381036], [-48.196523, -25.416925], [-48.209055, -25.457615], [-48.225087, -25.459731], [-48.241607, -25.448175], [-48.250152, -25.42783], [-48.247304, -25.410903], [-48.22289, -25.352146], [-48.221995, -25.343357], [-48.222157, -25.339125], [-48.219228, -25.334568], [-48.209218, -25.324151], [-48.201527, -25.318292], [-48.181264, -25.306817], [-48.137115, -25.289646], [-48.127309, -25.279962], [-48.140289, -25.269627], [-48.152577, -25.281996], [-48.174224, -25.290623], [-48.19872, -25.295343], [-48.219146, -25.296808], [-48.229604, -25.300388], [-48.242543, -25.315362], [-48.250152, -25.318048], [-48.259429, -25.313653], [-48.274322, -25.296563], [-48.284332, -25.289972], [-48.28307, -25.30641], [-48.283681, -25.316013], [-48.286285, -25.322849], [-48.297434, -25.341241], [-48.306752, -25.351007], [-48.318715, -25.35768], [-48.332753, -25.358331], [-48.319081, -25.324151], [-48.325307, -25.324151], [-48.33373, -25.329685], [-48.33552, -25.318617], [-48.33137, -25.270196], [-48.325754, -25.243829], [-48.325307, -25.228611], [-48.338002, -25.236749], [-48.351226, -25.250665], [-48.360992, -25.263767], [-48.363149, -25.269627], [-48.372629, -25.27158], [-48.37267, -25.276137], [-48.366282, -25.283868], [-48.364084, -25.283461], [-48.359364, -25.285577], [-48.354726, -25.289239], [-48.35261, -25.29339], [-48.353749, -25.29697], [-48.358876, -25.296808], [-48.360097, -25.300226], [-48.367421, -25.304783], [-48.383697, -25.29811], [-48.407216, -25.283868], [-48.414133, -25.273533], [-48.42394, -25.252211], [-48.43456, -25.242283], [-48.43456, -25.262791], [-48.442006, -25.262791], [-48.445058, -25.256606], [-48.447987, -25.253676], [-48.451283, -25.251723], [-48.455678, -25.248468], [-48.451975, -25.264744], [-48.428334, -25.324151], [-48.446604, -25.324477], [-48.478912, -25.331638], [-48.496571, -25.331638], [-48.496571, -25.338474], [-48.462636, -25.342869], [-48.445668, -25.347426], [-48.43456, -25.358331], [-48.452219, -25.368259], [-48.457428, -25.379653], [-48.451283, -25.385675], [-48.43456, -25.37949], [-48.430287, -25.389418], [-48.41686, -25.404392], [-48.414052, -25.410089], [-48.417836, -25.428318], [-48.42691, -25.432306], [-48.43814, -25.431248], [-48.44815, -25.434015], [-48.454254, -25.445896], [-48.456166, -25.459568], [-48.460194, -25.47088], [-48.472727, -25.475681], [-48.488149, -25.473891], [-48.497914, -25.468683], [-48.517079, -25.447035], [-48.526845, -25.45322], [-48.537424, -25.454522], [-48.548085, -25.452244], [-48.558013, -25.447035], [-48.562734, -25.459568], [-48.575063, -25.462009], [-48.623647, -25.44964], [-48.635365, -25.444594], [-48.683827, -25.412774], [-48.691396, -25.405694], [-48.730946, -25.359633], [-48.743031, -25.352146], [-48.740224, -25.367446], [-48.723134, -25.406671], [-48.718821, -25.422621], [-48.715688, -25.42783], [-48.710113, -25.433038], [-48.698964, -25.438165], [-48.695221, -25.440851], [-48.683583, -25.46266], [-48.68871, -25.473321], [-48.705556, -25.474379], [-48.72936, -25.468194], [-48.710846, -25.496352], [-48.683339, -25.498712], [-48.651438, -25.492771], [-48.620107, -25.496189], [-48.622385, -25.503106], [-48.624135, -25.506036], [-48.626943, -25.509698], [-48.63565, -25.503025], [-48.643056, -25.502374], [-48.649281, -25.507013], [-48.654286, -25.516534], [-48.642242, -25.521742], [-48.628285, -25.524509], [-48.615387, -25.529962], [-48.606435, -25.543878], [-48.595448, -25.527765], [-48.578196, -25.526056], [-48.558665, -25.527276], [-48.524037, -25.514825], [-48.505035, -25.523207], [-48.486073, -25.535903], [-48.469309, -25.543878], [-48.47936, -25.555108], [-48.4829, -25.558201], [-48.476145, -25.550714], [-48.490346, -25.56406], [-48.496938, -25.568536], [-48.503407, -25.571873], [-48.482493, -25.579848], [-48.471344, -25.572931], [-48.464345, -25.559991], [-48.455678, -25.550714], [-48.440419, -25.550063], [-48.424062, -25.554295], [-48.406321, -25.555108], [-48.386708, -25.543878], [-48.361195, -25.570977], [-48.388905, -25.595473], [-48.432729, -25.622491], [-48.517568, -25.770196], [-48.517079, -25.797133], [-48.535024, -25.839451], [-48.541005, -25.845473], [-48.558502, -25.840997], [-48.572418, -25.821547], [-48.586008, -25.81756], [-48.580678, -25.801853], [-48.578521, -25.797133], [-48.591786, -25.799005], [-48.603505, -25.802179], [-48.613149, -25.808038], [-48.620107, -25.81756], [-48.608266, -25.818617], [-48.599355, -25.822849], [-48.592193, -25.829278], [-48.586008, -25.838067], [-48.579905, -25.85117], [-48.583241, -25.854669], [-48.651235, -25.844496], [-48.743031, -25.851739], [-48.753041, -25.855076], [-48.762685, -25.859796], [-48.769439, -25.867364], [-48.770334, -25.879653], [-48.765777, -25.886651], [-48.758656, -25.883884], [-48.750478, -25.877211], [-48.743031, -25.872817], [-48.578521, -25.872817], [-48.571156, -25.869073], [-48.567006, -25.864435], [-48.563466, -25.865818], [-48.558013, -25.879653], [-48.556508, -25.891209], [-48.558583, -25.901788], [-48.578521, -25.961602], [-48.586008, -25.995782], [-48.604563, -26.02337], [-48.61266, -26.040623], [-48.609853, -26.054376], [-48.600087, -26.071222], [-48.582631, -26.157159], [-48.582916, -26.172621], [-48.592519, -26.183852], [-48.616689, -26.188165], [-48.634918, -26.194513], [-48.646148, -26.20908], [-48.655426, -26.225274], [-48.667877, -26.236017], [-48.687164, -26.237726], [-48.712229, -26.233575], [-48.733795, -26.224705], [-48.743031, -26.212091], [-48.745229, -26.189142], [-48.75064, -26.173598], [-48.76415, -26.147149], [-48.769032, -26.129815], [-48.770334, -26.109308], [-48.772532, -26.100681], [-48.78185, -26.090997], [-48.788645, -26.063409], [-48.796457, -26.068455], [-48.798004, -26.088067], [-48.784006, -26.113051], [-48.790517, -26.12477], [-48.791127, -26.135349], [-48.788197, -26.145115], [-48.784006, -26.153985], [-48.780019, -26.156915], [-48.773305, -26.159845], [-48.766957, -26.163995], [-48.76415, -26.171075], [-48.764394, -26.182061], [-48.763499, -26.187188], [-48.76065, -26.191583], [-48.756093, -26.203546], [-48.76415, -26.228204], [-48.76065, -26.239679], [-48.756215, -26.249444], [-48.759755, -26.257094], [-48.767934, -26.261977], [-48.77774, -26.263279], [-48.757314, -26.291192], [-48.770375, -26.289727], [-48.782094, -26.290948], [-48.791615, -26.295587], [-48.798248, -26.304864], [-48.757314, -26.311456], [-48.737701, -26.319106], [-48.72936, -26.335219], [-48.721791, -26.344822], [-48.659779, -26.370701], [-48.650787, -26.37656], [-48.643625, -26.384861], [-48.640614, -26.396742], [-48.639556, -26.408624], [-48.635854, -26.418552], [-48.62857, -26.425226], [-48.616689, -26.42783], [-48.6079, -26.4367], [-48.614247, -26.456801], [-48.664459, -26.556085], [-48.675445, -26.594659], [-48.683339, -26.662367], [-48.6822, -26.719171], [-48.678944, -26.731052], [-48.671132, -26.739435], [-48.626943, -26.770929], [-48.614898, -26.77044], [-48.592152, -26.76393], [-48.582265, -26.767511], [-48.577952, -26.776544], [-48.579213, -26.786554], [-48.58373, -26.794854], [-48.597727, -26.804457], [-48.609486, -26.819431], [-48.620473, -26.837172], [-48.626943, -26.852309], [-48.628774, -26.864841], [-48.626943, -26.897068], [-48.624827, -26.902765], [-48.615387, -26.912042], [-48.613271, -26.917739], [-48.614369, -26.923923], [-48.619049, -26.933038], [-48.620107, -26.937921], [-48.621327, -26.974379], [-48.620107, -26.982599], [-48.611195, -26.99391], [-48.601959, -26.997735], [-48.594838, -26.997328], [-48.592193, -26.99627], [-48.575185, -27.016209], [-48.577138, -27.032973], [-48.586537, -27.049574], [-48.596303, -27.086114], [-48.603749, -27.094415], [-48.607167, -27.104425], [-48.588043, -27.150649], [-48.579498, -27.158461], [-48.565175, -27.161391], [-48.551381, -27.158136], [-48.544749, -27.15016], [-48.540598, -27.140069], [-48.534413, -27.130466], [-48.516225, -27.120782], [-48.506907, -27.132501], [-48.496816, -27.149102], [-48.476145, -27.153985], [-48.483876, -27.165948], [-48.488881, -27.170668], [-48.496571, -27.175063], [-48.486969, -27.1985], [-48.485911, -27.210707], [-48.492909, -27.215997], [-48.50536, -27.218683], [-48.515981, -27.222345], [-48.524566, -27.221287], [-48.531361, -27.209161], [-48.516225, -27.206313], [-48.512603, -27.198175], [-48.5183, -27.188735], [-48.531361, -27.181899], [-48.54186, -27.182387], [-48.560374, -27.192966], [-48.568918, -27.195489], [-48.573354, -27.19964], [-48.606435, -27.223403], [-48.61441, -27.232029], [-48.618479, -27.238458], [-48.619985, -27.246677], [-48.620107, -27.260675], [-48.612904, -27.299493], [-48.609853, -27.305352], [-48.606597, -27.306329], [-48.572336, -27.312188], [-48.560943, -27.324965], [-48.55484, -27.342462], [-48.551869, -27.387302], [-48.562611, -27.372817], [-48.565541, -27.367446], [-48.571441, -27.376642], [-48.57551, -27.384942], [-48.577789, -27.393813], [-48.578521, -27.404718], [-48.581939, -27.416681], [-48.590484, -27.421645], [-48.601796, -27.424005], [-48.613271, -27.428318], [-48.626129, -27.436782], [-48.636952, -27.446954], [-48.644602, -27.460626], [-48.64745, -27.479587], [-48.609853, -27.558689], [-48.590159, -27.563653], [-48.579091, -27.576349], [-48.577504, -27.594008], [-48.586008, -27.613214], [-48.594553, -27.60117], [-48.614247, -27.6124], [-48.635121, -27.632582], [-48.64745, -27.647393], [-48.638051, -27.66131], [-48.631703, -27.679783], [-48.628082, -27.700128], [-48.626943, -27.719659], [-48.623891, -27.725274], [-48.610097, -27.741143], [-48.606435, -27.750421], [-48.611969, -27.752699], [-48.622467, -27.759942], [-48.629221, -27.767511], [-48.623525, -27.770929], [-48.618031, -27.778009], [-48.581939, -27.812758], [-48.572336, -27.825453], [-48.574086, -27.833429], [-48.581125, -27.836847], [-48.588694, -27.839044], [-48.592193, -27.84295], [-48.588246, -27.853611], [-48.579498, -27.856703], [-48.570424, -27.857517], [-48.565541, -27.860284], [-48.569692, -27.878025], [-48.599355, -27.916762], [-48.606435, -27.932306], [-48.616567, -27.990818], [-48.613271, -28.011163], [-48.609527, -28.017022], [-48.604807, -28.02158], [-48.600738, -28.028416], [-48.598988, -28.041599], [-48.602284, -28.050958], [-48.609527, -28.057712], [-48.616811, -28.062921], [-48.620107, -28.068536], [-48.621693, -28.076918], [-48.633168, -28.106703], [-48.640614, -28.147638], [-48.653717, -28.190199], [-48.655263, -28.212823], [-48.635894, -28.230157], [-48.651723, -28.247166], [-48.688385, -28.278009], [-48.691558, -28.28753], [-48.694895, -28.31227], [-48.695139, -28.336033], [-48.696401, -28.342055], [-48.724477, -28.371352], [-48.731068, -28.384454], [-48.743031, -28.422052], [-48.757395, -28.444594], [-48.763051, -28.456964], [-48.76065, -28.467055], [-48.756663, -28.477634], [-48.76122, -28.4874], [-48.770619, -28.491957], [-48.780873, -28.487481], [-48.794057, -28.470798], [-48.803456, -28.452325], [-48.807525, -28.431736], [-48.805043, -28.40838], [-48.794667, -28.392673], [-48.790883, -28.381524], [-48.79483, -28.370538], [-48.822133, -28.346287], [-48.835276, -28.33766], [-48.850575, -28.323663], [-48.864613, -28.320896], [-48.874013, -28.346287], [-48.87267, -28.358657], [-48.862294, -28.380466], [-48.859731, -28.39129], [-48.861928, -28.400567], [-48.871734, -28.409763], [-48.874013, -28.418878], [-48.869252, -28.42669], [-48.85851, -28.427341], [-48.846832, -28.426039], [-48.839223, -28.428888], [-48.83845, -28.437188], [-48.843007, -28.445733], [-48.84911, -28.454522], [-48.852895, -28.463637], [-48.854563, -28.471287], [-48.854888, -28.475274], [-48.851796, -28.479262], [-48.843007, -28.487481], [-48.808461, -28.504571], [-48.798695, -28.514337], [-48.789174, -28.521417], [-48.77774, -28.525079], [-48.769276, -28.517673], [-48.760894, -28.512791], [-48.749867, -28.511407], [-48.756093, -28.528416], [-48.765289, -28.543634], [-48.795969, -28.579522], [-48.807118, -28.600193], [-48.815338, -28.610447], [-48.825917, -28.615004], [-48.870513, -28.62005], [-48.884104, -28.623224], [-48.912465, -28.637872], [-48.940582, -28.64544], [-48.955393, -28.655694], [-48.976389, -28.675226], [-49.057037, -28.71852], [-49.342763, -28.923517], [-49.552317, -29.127374], [-49.713531, -29.324477], [-49.810658, -29.443129], [-49.86026, -29.528578], [-49.933583, -29.634373], [-49.997426, -29.764581], [-50.045318, -29.814548], [-50.206899, -30.201104], [-50.251373, -30.322849], [-50.315663, -30.461521], [-50.587636, -30.851007], [-50.593332, -30.871515], [-50.599517, -30.881443], [-50.721425, -31.044529], [-50.82844, -31.142673], [-50.883656, -31.219903], [-51.034576, -31.378025], [-51.151845, -31.481541], [-51.323964, -31.603936], [-51.563344, -31.777439], [-51.863515, -31.931736], [-51.889272, -31.95379], [-52.032623, -32.108982], [-52.068593, -32.162367], [-52.077382, -32.16725], [-52.084462, -32.146905], [-52.076894, -32.123793], [-52.053131, -32.087823], [-52.046702, -32.074314], [-52.03893, -32.051853], [-52.035756, -32.027927], [-52.042877, -32.009535], [-52.05663, -31.988377], [-52.045033, -31.976821], [-52.024729, -31.966974], [-52.012196, -31.950616], [-52.025868, -31.919692], [-52.087961, -31.858575], [-52.08727, -31.827813], [-52.048451, -31.808282], [-52.00182, -31.821547], [-51.92276, -31.868748], [-51.879994, -31.87127], [-51.836334, -31.854913], [-51.81371, -31.828383], [-51.834096, -31.80047], [-51.786041, -31.792087], [-51.743723, -31.794854], [-51.704498, -31.792739], [-51.666168, -31.769708], [-51.560211, -31.667576], [-51.5454, -31.639744], [-51.512563, -31.615981], [-51.505116, -31.598077], [-51.498687, -31.574884], [-51.48412, -31.58294], [-51.457265, -31.615492], [-51.447621, -31.612726], [-51.450999, -31.59531], [-51.46349, -31.557224], [-51.459096, -31.539321], [-51.448354, -31.51686], [-51.434967, -31.496515], [-51.422515, -31.485121], [-51.413482, -31.517836], [-51.377797, -31.526951], [-51.334543, -31.51922], [-51.303049, -31.502211], [-51.287831, -31.490004], [-51.256703, -31.472589], [-51.244985, -31.464044], [-51.210276, -31.416192], [-51.179596, -31.358982], [-51.158559, -31.286391], [-51.154775, -31.212091], [-51.176137, -31.149347], [-51.170155, -31.135349], [-51.162831, -31.09295], [-51.161855, -31.077732], [-51.153391, -31.067153], [-51.133901, -31.069594], [-51.097279, -31.080987], [-51.077992, -31.077895], [-51.047841, -31.06406], [-51.032786, -31.060642], [-51.013987, -31.062758], [-51.006418, -31.070489], [-51.005767, -31.1242], [-51.003163, -31.132908], [-50.994252, -31.136326], [-50.98351, -31.135024], [-50.975942, -31.130955], [-50.971506, -31.123305], [-50.970041, -31.111749], [-50.96467, -31.101251], [-50.95287, -31.095473], [-50.94107, -31.091892], [-50.935902, -31.087823], [-50.939931, -31.07643], [-50.94872, -31.074802], [-50.959584, -31.076267], [-50.970041, -31.074314], [-50.98766, -31.045587], [-50.977447, -31.008966], [-50.960113, -30.966974], [-50.95641, -30.922784], [-50.971832, -30.904067], [-50.978424, -30.893324], [-50.973744, -30.888604], [-50.963043, -30.889825], [-50.950063, -30.894952], [-50.93932, -30.896091], [-50.913889, -30.893324], [-50.895416, -30.885837], [-50.819569, -30.831313], [-50.779693, -30.823826], [-50.760121, -30.815118], [-50.743886, -30.803888], [-50.731068, -30.792413], [-50.692616, -30.726495], [-50.679433, -30.641697], [-50.689524, -30.464044], [-50.694692, -30.446059], [-50.713368, -30.40838], [-50.721099, -30.379083], [-50.726633, -30.370375], [-50.725657, -30.363051], [-50.70995, -30.354181], [-50.697174, -30.350763], [-50.689931, -30.353204], [-50.675852, -30.367852], [-50.645131, -30.392185], [-50.642649, -30.39837], [-50.646311, -30.404555], [-50.651845, -30.411391], [-50.654693, -30.419366], [-50.649892, -30.438572], [-50.638051, -30.457208], [-50.622629, -30.473728], [-50.607533, -30.485121], [-50.572174, -30.461114], [-50.565012, -30.450128], [-50.566721, -30.434259], [-50.572825, -30.409438], [-50.568674, -30.397638], [-50.555165, -30.378839], [-50.537262, -30.320408], [-50.536773, -30.294041], [-50.539866, -30.267511], [-50.545522, -30.251153], [-50.583363, -30.232029], [-50.587717, -30.226821], [-50.598378, -30.202407], [-50.603871, -30.19378], [-50.614817, -30.186212], [-50.6256, -30.183364], [-50.636627, -30.184991], [-50.648549, -30.190362], [-50.672475, -30.217055], [-50.675852, -30.217706], [-50.678293, -30.228204], [-50.676178, -30.231622], [-50.669586, -30.233982], [-50.658437, -30.241469], [-50.653432, -30.25156], [-50.655263, -30.261651], [-50.66218, -30.275486], [-50.671986, -30.288995], [-50.69518, -30.294366], [-50.761057, -30.291436], [-50.779124, -30.293227], [-50.793528, -30.302504], [-50.799387, -30.3235], [-50.857167, -30.317071], [-50.87442, -30.320082], [-50.897532, -30.310479], [-50.912994, -30.316664], [-50.922922, -30.333185], [-50.929067, -30.354181], [-50.932851, -30.380629], [-50.930287, -30.398614], [-50.915395, -30.436212], [-50.936391, -30.431573], [-50.984364, -30.395196], [-51.003896, -30.388116], [-51.021474, -30.383722], [-51.034088, -30.375665], [-51.03893, -30.357599], [-51.040273, -30.34352], [-51.038686, -30.338962], [-51.032786, -30.326918], [-51.026275, -30.317804], [-51.019399, -30.311293], [-51.013905, -30.304946], [-51.011627, -30.296157], [-51.014801, -30.278578], [-51.023101, -30.263767], [-51.034169, -30.25742], [-51.045766, -30.265395], [-51.052602, -30.265395], [-51.057607, -30.241876], [-51.079457, -30.237888], [-51.103383, -30.243259], [-51.114654, -30.248142], [-51.122548, -30.256036], [-51.140777, -30.247491], [-51.176137, -30.224542], [-51.171457, -30.209405], [-51.180491, -30.200372], [-51.210276, -30.190362], [-51.219228, -30.188897], [-51.226877, -30.190199], [-51.233022, -30.189874], [-51.237538, -30.183526], [-51.235585, -30.178155], [-51.221262, -30.164972], [-51.217112, -30.156345], [-51.220367, -30.136407], [-51.231597, -30.12477], [-51.244049, -30.116876], [-51.25121, -30.107843], [-51.250478, -30.091567], [-51.238881, -30.058526], [-51.237538, -30.039646], [-51.259348, -30.046808], [-51.262807, -30.032973], [-51.262074, -30.013767], [-51.271718, -30.004815], [-51.283518, -30.00742], [-51.285268, -30.012628], [-51.283803, -30.020766], [-51.285959, -30.032159], [-51.303619, -30.063409], [-51.306467, -30.070245], [-51.30427, -30.076267], [-51.299306, -30.078871], [-51.294342, -30.080743], [-51.292144, -30.083917], [-51.293324, -30.090102], [-51.298451, -30.099705], [-51.299631, -30.104669], [-51.300038, -30.127048], [-51.30309, -30.136326], [-51.31017, -30.145685], [-51.313954, -30.154555], [-51.312164, -30.165134], [-51.308502, -30.176202], [-51.306467, -30.186944], [-51.308909, -30.197361], [-51.326975, -30.224542], [-51.316518, -30.223321], [-51.298655, -30.218845], [-51.289052, -30.217706], [-51.28246, -30.221368], [-51.264882, -30.244887], [-51.292144, -30.271661], [-51.280629, -30.287367], [-51.247182, -30.29754], [-51.237538, -30.313246], [-51.228139, -30.307061], [-51.208648, -30.288751], [-51.204091, -30.285333], [-51.197174, -30.294692], [-51.195302, -30.309015], [-51.196604, -30.337172], [-51.187734, -30.360121], [-51.166127, -30.36297], [-51.114654, -30.347345], [-51.093414, -30.344985], [-51.090647, -30.351983], [-51.096303, -30.366143], [-51.100413, -30.385349], [-51.104726, -30.393243], [-51.114817, -30.401056], [-51.126373, -30.406996], [-51.135121, -30.409438], [-51.141103, -30.40781], [-51.15331, -30.398614], [-51.161855, -30.395196], [-51.200429, -30.399835], [-51.229482, -30.425877], [-51.250478, -30.462335], [-51.277943, -30.540134], [-51.286977, -30.581638], [-51.290191, -30.624444], [-51.285959, -30.66961], [-51.267568, -30.734959], [-51.264882, -30.755548], [-51.269683, -30.781834], [-51.281728, -30.796563], [-51.297678, -30.795343], [-51.313954, -30.773207], [-51.289459, -30.767348], [-51.291168, -30.739923], [-51.313954, -30.68377], [-51.322499, -30.642185], [-51.332834, -30.636407], [-51.357981, -30.635431], [-51.377105, -30.642267], [-51.38329, -30.658868], [-51.381581, -30.7763], [-51.378774, -30.794122], [-51.365468, -30.832289], [-51.361073, -30.854587], [-51.361887, -30.879164], [-51.370717, -30.886489], [-51.412587, -30.882501], [-51.437123, -30.883884], [-51.455434, -30.889418], [-51.468617, -30.901625], [-51.477773, -30.922784], [-51.485707, -30.967055], [-51.484202, -31.012953], [-51.470815, -31.053318], [-51.443023, -31.080987], [-51.569692, -31.119561], [-51.590688, -31.122003], [-51.623606, -31.135349], [-51.642974, -31.167087], [-51.650868, -31.205499], [-51.649037, -31.238702], [-51.637603, -31.250258], [-51.637522, -31.256524], [-51.652821, -31.25921], [-51.663401, -31.257257], [-51.674306, -31.253676], [-51.684722, -31.25213], [-51.693756, -31.255792], [-51.712554, -31.265883], [-51.735015, -31.269138], [-51.779408, -31.266046], [-51.795888, -31.267022], [-51.818959, -31.272231], [-51.839467, -31.282159], [-51.856923, -31.311212], [-51.877553, -31.311212], [-51.902089, -31.306736], [-51.92276, -31.306899], [-51.92748, -31.311456], [-51.9322, -31.318536], [-51.940012, -31.325128], [-51.953847, -31.328058], [-51.963531, -31.332289], [-51.963694, -31.341729], [-51.957265, -31.35117], [-51.947336, -31.355401], [-51.94286, -31.359308], [-51.951405, -31.368097], [-51.98766, -31.392511], [-51.99352, -31.398207], [-51.998525, -31.409356], [-52.001617, -31.429132], [-51.998525, -31.495375], [-51.999827, -31.507013], [-52.00475, -31.527927], [-52.00475, -31.539727], [-52.000803, -31.551202], [-51.988393, -31.565362], [-51.984853, -31.573907], [-52.001536, -31.624282], [-52.00475, -31.639744], [-52.007924, -31.646173], [-52.014882, -31.637465], [-52.025868, -31.615492], [-52.030181, -31.589125], [-52.032623, -31.581313], [-52.040151, -31.570245], [-52.045969, -31.566339], [-52.052724, -31.56406], [-52.0631, -31.557224], [-52.073232, -31.554295], [-52.083323, -31.558689], [-52.091054, -31.56756], [-52.094106, -31.577569], [-52.089955, -31.606134], [-52.079091, -31.61004], [-52.063791, -31.605239], [-52.046295, -31.608087], [-52.041249, -31.622654], [-52.049143, -31.643976], [-52.063344, -31.66546], [-52.077382, -31.680597], [-52.095774, -31.691095], [-52.203725, -31.727309], [-52.218617, -31.740655], [-52.224477, -31.762465], [-52.222239, -31.774347], [-52.212392, -31.794122], [-52.210194, -31.80047], [-52.213043, -31.809259], [-52.219065, -31.817966], [-52.224192, -31.82822], [-52.224477, -31.841404], [-52.245595, -31.840997], [-52.248443, -31.861993], [-52.235707, -31.879653], [-52.210194, -31.868748], [-52.186676, -31.894789], [-52.183502, -31.900079], [-52.178863, -31.902765], [-52.156809, -31.906915], [-52.149322, -31.909763], [-52.142445, -31.91546], [-52.136098, -31.92254], [-52.13386, -31.930841], [-52.139068, -31.940525], [-52.146962, -31.941827], [-52.169789, -31.936456], [-52.180043, -31.940525], [-52.197255, -31.949965], [-52.218984, -31.957208], [-52.23766, -31.966404], [-52.245595, -31.982029], [-52.248118, -32.019138], [-52.252065, -32.038181], [-52.258616, -32.053643], [-52.229237, -32.050714], [-52.211171, -32.056736], [-52.211659, -32.067966], [-52.238108, -32.080987], [-52.213979, -32.086114], [-52.182118, -32.079034], [-52.154408, -32.065118], [-52.142486, -32.050226], [-52.137115, -32.037774], [-52.124094, -32.029474], [-52.108225, -32.025567], [-52.094106, -32.026462], [-52.08141, -32.031996], [-52.081451, -32.037693], [-52.097808, -32.050226], [-52.14745, -32.077895], [-52.168935, -32.100681], [-52.156158, -32.122654], [-52.139719, -32.119073], [-52.102854, -32.079685], [-52.08727, -32.067315], [-52.100575, -32.106215], [-52.101552, -32.122654], [-52.091176, -32.153904], [-52.091176, -32.166111], [-52.127431, -32.177504], [-52.228627, -32.251072], [-52.253407, -32.282485], [-52.375315, -32.498712], [-52.443186, -32.685968], [-52.470855, -32.800958], [-52.621693, -33.101983], [-52.644887, -33.136977], [-52.744049, -33.2492], [-52.819488, -33.322524], [-52.920888, -33.403009], [-53.091664, -33.527276], [-53.194407, -33.619724], [-53.266347, -33.67669], [-53.378814, -33.740492], [-53.379095, -33.740676], [-53.411283, -33.74228], [-53.423634, -33.731015], [-53.430817, -33.713445], [-53.440428, -33.697115], [-53.456707, -33.687503], [-53.473191, -33.6874], [-53.491071, -33.690294], [-53.511535, -33.690294], [-53.539647, -33.649263], [-53.536805, -33.559863], [-53.514016, -33.394911], [-53.536133, -33.244636], [-53.536857, -33.170842], [-53.520662, -33.124979], [-53.511639, -33.099426], [-53.511587, -33.099322], [-53.511535, -33.099219], [-53.48332, -33.067283], [-53.44911, -33.042065], [-53.327309, -32.973645], [-53.316302, -32.96269], [-53.309584, -32.944396], [-53.307, -32.907189], [-53.298835, -32.889102], [-53.270826, -32.863781], [-53.203854, -32.82244], [-53.182836, -32.799904], [-53.163081, -32.778722], [-53.126856, -32.754847], [-53.11404, -32.740584], [-53.110836, -32.722394], [-53.119776, -32.707408], [-53.186129, -32.64674], [-53.201477, -32.637232], [-53.233723, -32.624622], [-53.266899, -32.607363], [-53.299093, -32.607156], [-53.316043, -32.602712], [-53.35909, -32.580284], [-53.415624, -32.564161], [-53.474638, -32.508247], [-53.537632, -32.470213], [-53.5613, -32.449543], [-53.58197, -32.425772], [-53.59892, -32.399933], [-53.609307, -32.387841], [-53.634783, -32.368721], [-53.643879, -32.355595], [-53.648684, -32.338645], [-53.651837, -32.288312], [-53.658555, -32.254309], [-53.670595, -32.226404], [-53.721445, -32.162428], [-53.750022, -32.104034], [-53.751366, -32.068791], [-53.757308, -32.055045], [-53.771829, -32.047087], [-53.83043, -32.036441], [-53.858077, -32.021197], [-53.8711, -32.011482], [-53.881435, -32.00125], [-53.887275, -31.990501], [-53.889755, -31.980372], [-53.894148, -31.97014], [-53.905826, -31.959288], [-53.934352, -31.942545], [-53.948769, -31.936964], [-53.965978, -31.93252], [-53.998896, -31.92973], [-54.008714, -31.926526], [-54.017706, -31.919601], [-54.026646, -31.904821], [-54.03264, -31.898104], [-54.049745, -31.887148], [-54.068814, -31.879913], [-54.088451, -31.878156], [-54.107313, -31.883944], [-54.125503, -31.898517], [-54.135063, -31.908956], [-54.146277, -31.909886], [-54.169583, -31.895933], [-54.218779, -31.856659], [-54.274228, -31.823379], [-54.342957, -31.769326], [-54.373498, -31.73894], [-54.403677, -31.714652], [-54.436492, -31.694292], [-54.463725, -31.671864], [-54.467221, -31.664237], [-54.477368, -31.642098], [-54.47897, -31.601481], [-54.483155, -31.583911], [-54.495041, -31.565617], [-54.509665, -31.552285], [-54.562375, -31.515905], [-54.573848, -31.502469], [-54.591521, -31.471049], [-54.604543, -31.459784], [-54.619685, -31.45565], [-54.654127, -31.455753], [-54.819776, -31.435289], [-54.849903, -31.425057], [-54.863365, -31.417616], [-54.876155, -31.406351], [-54.887808, -31.393225], [-54.900288, -31.382063], [-54.940802, -31.36563], [-54.969637, -31.340825], [-54.995346, -31.311783], [-55.011495, -31.287805], [-55.029375, -31.268788], [-55.042346, -31.272612], [-55.061105, -31.304858], [-55.074256, -31.320568], [-55.087253, -31.326769], [-55.102446, -31.324288], [-55.122238, -31.31354], [-55.169625, -31.276436], [-55.18828, -31.266514], [-55.227554, -31.253492], [-55.244349, -31.244603], [-55.259981, -31.228687], [-55.268741, -31.2106], [-55.282228, -31.169052], [-55.2937, -31.153653], [-55.326928, -31.134946], [-55.338039, -31.125644], [-55.344963, -31.108488], [-55.348426, -31.072728], [-55.353852, -31.056294], [-55.368579, -31.037381], [-55.44258, -30.965551], [-55.489089, -30.929687], [-55.51131, -30.906123], [-55.527484, -30.894547], [-55.563865, -30.87646], [-55.591873, -30.848348], [-55.612906, -30.843388], [-55.634041, -30.847625], [-55.649673, -30.860958], [-55.654583, -30.878734], [-55.651069, -30.919972], [-55.652748, -30.938989], [-55.665822, -30.949324], [-55.688302, -30.947774], [-55.712745, -30.943433], [-55.731891, -30.945397], [-55.744887, -30.958626], [-55.755507, -30.992939], [-55.763594, -31.008442], [-55.778141, -31.020431], [-55.816522, -31.042551], [-55.816728, -31.042669], [-55.832479, -31.051747], [-55.838396, -31.058155], [-55.842142, -31.063943], [-55.846586, -31.069317], [-55.854596, -31.074588], [-55.86426, -31.076758], [-55.888186, -31.076965], [-55.919347, -31.082443], [-55.985157, -31.078825], [-56.009874, -31.081945], [-56.011357, -31.082133], [-56.017018, -31.074296], [-56.022183, -31.067147], [-56.02239, -31.045546], [-56.016344, -30.999864], [-56.015517, -30.934338], [-56.011357, -30.912634], [-55.993864, -30.885452], [-55.989016, -30.856161], [-55.988955, -30.85579], [-55.989004, -30.855559], [-55.995311, -30.825818], [-56.011357, -30.798222], [-56.076857, -30.752334], [-56.091894, -30.736107], [-56.125045, -30.680297], [-56.131685, -30.671925], [-56.140315, -30.664794], [-56.159642, -30.653942], [-56.170804, -30.645777], [-56.175171, -30.636062], [-56.177832, -30.62552], [-56.183517, -30.614564], [-56.215091, -30.581905], [-56.23509, -30.565368], [-56.267956, -30.551106], [-56.326531, -30.508318], [-56.372601, -30.48589], [-56.385985, -30.475761], [-56.400454, -30.458915], [-56.424639, -30.423568], [-56.441279, -30.408789], [-56.494557, -30.379333], [-56.5113, -30.366001], [-56.523754, -30.357319], [-56.560781, -30.320525], [-56.569617, -30.30802], [-56.575017, -30.302439], [-56.585818, -30.296548], [-56.595611, -30.295411], [-56.605196, -30.295617], [-56.615403, -30.293344], [-56.631345, -30.284662], [-56.63243, -30.278151], [-56.629278, -30.267712], [-56.632585, -30.247455], [-56.641783, -30.233916], [-56.656821, -30.221307], [-56.673745, -30.211281], [-56.704777, -30.198362], [-56.766995, -30.161362], [-56.776607, -30.150923], [-56.795159, -30.123845], [-56.831281, -30.102037], [-56.869211, -30.102968], [-56.906367, -30.108549], [-56.954529, -30.09687], [-56.97458, -30.09749], [-57.01127, -30.103484], [-57.018298, -30.105758], [-57.037883, -30.114647], [-57.048529, -30.114543], [-57.067235, -30.106792], [-57.077106, -30.106068], [-57.102272, -30.121158], [-57.129557, -30.149993], [-57.150848, -30.182343], [-57.158341, -30.207871], [-57.163819, -30.23929], [-57.183714, -30.267505], [-57.212601, -30.287349], [-57.245054, -30.293344], [-57.250067, -30.29045], [-57.262469, -30.278668], [-57.270376, -30.275154], [-57.276215, -30.277737], [-57.288617, -30.29076], [-57.296472, -30.293344], [-57.310993, -30.288279], [-57.321742, -30.279804], [-57.334299, -30.272673], [-57.353833, -30.27195], [-57.366597, -30.277221], [-57.389386, -30.294894], [-57.399257, -30.299131], [-57.414811, -30.295721], [-57.429797, -30.275464], [-57.44313, -30.269469], [-57.467211, -30.269883], [-57.510981, -30.276704], [-57.535992, -30.27443], [-57.567463, -30.256343], [-57.586842, -30.204047], [-57.602793, -30.190517]]], [[[-38.944203, -13.394627], [-38.915639, -13.383477], [-38.906239, -13.388849], [-38.896352, -13.453546], [-38.899403, -13.471368], [-38.916331, -13.483982], [-38.909535, -13.495212], [-38.91454, -13.508559], [-38.923818, -13.523126], [-38.929921, -13.537856], [-38.934397, -13.556248], [-38.931962, -13.568333], [-38.917391, -13.580966], [-38.914729, -13.592517], [-38.905044, -13.599892], [-38.906679, -13.606185], [-38.90672, -13.621403], [-38.895952, -13.630358], [-38.893275, -13.639286], [-38.902013, -13.671812], [-38.912814, -13.671781], [-38.918744, -13.667043], [-38.920336, -13.655495], [-38.937596, -13.655954], [-38.949489, -13.658024], [-38.957522, -13.632291], [-38.979056, -13.599695], [-38.985453, -13.573429], [-38.98378, -13.558212], [-38.98054, -13.547296], [-38.978342, -13.517348], [-38.973215, -13.508477], [-38.967885, -13.503351], [-38.967844, -13.498305], [-38.978342, -13.490167], [-39.026763, -13.472345], [-39.045888, -13.458185], [-39.033599, -13.442315], [-39.042551, -13.423923], [-39.0419, -13.405938], [-39.032582, -13.392511], [-39.015533, -13.38714], [-38.999582, -13.389825], [-38.983469, -13.394789], [-38.965647, -13.397882], [-38.944203, -13.394627]]], [[[-38.614613, -12.924981], [-38.592885, -12.964614], [-38.587473, -12.986912], [-38.60497, -12.996677], [-38.624989, -13.001642], [-38.642445, -13.013767], [-38.676666, -13.044529], [-38.718495, -13.072849], [-38.737375, -13.089939], [-38.752431, -13.112726], [-38.762685, -13.116795], [-38.770497, -13.121026], [-38.775868, -13.12656], [-38.779124, -13.133884], [-38.786529, -13.133884], [-38.786285, -13.118422], [-38.793365, -13.075128], [-38.791249, -13.058364], [-38.784901, -13.049737], [-38.759267, -13.037042], [-38.731923, -13.017755], [-38.66926, -12.961847], [-38.66926, -12.955011], [-38.678782, -12.953058], [-38.683339, -12.949965], [-38.682769, -12.944513], [-38.676666, -12.935235], [-38.674469, -12.937921], [-38.674306, -12.93906], [-38.673411, -12.940037], [-38.66926, -12.942071], [-38.670644, -12.924981], [-38.678944, -12.910089], [-38.689443, -12.895766], [-38.697133, -12.880548], [-38.683461, -12.873224], [-38.640777, -12.892755], [-38.622304, -12.905369], [-38.614613, -12.924981]]], [[[-44.497792, -2.806817], [-44.507802, -2.808852], [-44.513743, -2.81463], [-44.51594, -2.823337], [-44.514882, -2.834161], [-44.507192, -2.822524], [-44.480784, -2.793145], [-44.488149, -2.872003], [-44.49234, -2.890802], [-44.500478, -2.903578], [-44.505686, -2.915134], [-44.497304, -2.949314], [-44.515207, -2.959731], [-44.538197, -2.969985], [-44.557281, -3.002862], [-44.585357, -3.035577], [-44.583811, -3.046482], [-44.588531, -3.052667], [-44.589955, -3.055434], [-44.590647, -3.060154], [-44.598012, -3.060154], [-44.5985, -3.05169], [-44.600697, -3.045017], [-44.603139, -3.039727], [-44.604237, -3.035903], [-44.604115, -3.025974], [-44.603424, -3.022149], [-44.590891, -2.999607], [-44.583852, -2.990411], [-44.578481, -2.981052], [-44.57429, -2.956964], [-44.565338, -2.932387], [-44.563303, -2.919854], [-44.565663, -2.902602], [-44.583811, -2.862074], [-44.585683, -2.84588], [-44.584096, -2.829522], [-44.576324, -2.799981], [-44.547678, -2.744073], [-44.526601, -2.727797], [-44.480784, -2.70436], [-44.483957, -2.761163], [-44.497792, -2.806817]]], [[[-42.041412, -2.70436], [-42.035268, -2.70436], [-42.035959, -2.715427], [-42.034779, -2.725844], [-42.031972, -2.735935], [-42.027821, -2.744806], [-42.035308, -2.74977], [-42.043528, -2.754002], [-42.052358, -2.757094], [-42.073964, -2.760512], [-42.085194, -2.758722], [-42.09496, -2.753513], [-42.102895, -2.744806], [-42.088938, -2.739028], [-42.082387, -2.738539], [-42.082387, -2.731134], [-42.095693, -2.729181], [-42.105336, -2.724298], [-42.108754, -2.716078], [-42.102895, -2.70436], [-42.123687, -2.707289], [-42.144154, -2.70086], [-42.186025, -2.676446], [-42.170888, -2.672947], [-42.091379, -2.678399], [-42.073476, -2.684503], [-42.059316, -2.695245], [-42.048248, -2.710626], [-42.044545, -2.70794], [-42.043528, -2.706964], [-42.041412, -2.70436]]], [[[-43.627309, -2.252048], [-43.607021, -2.256329], [-43.604061, -2.265954], [-43.599993, -2.283722], [-43.609627, -2.301492], [-43.626299, -2.316304], [-43.629633, -2.332952], [-43.630745, -2.359582], [-43.632595, -2.376224], [-43.641108, -2.382882], [-43.635918, -2.392868], [-43.634805, -2.399895], [-43.639246, -2.404334], [-43.655908, -2.400266], [-43.675527, -2.400267], [-43.686632, -2.401008], [-43.692923, -2.408775], [-43.701066, -2.411365], [-43.704397, -2.415433], [-43.707728, -2.425051], [-43.71254, -2.42653], [-43.724755, -2.422092], [-43.7329, -2.419875], [-43.742524, -2.411738], [-43.743263, -2.402861], [-43.7366, -2.395094], [-43.730306, -2.374755], [-43.734012, -2.354415], [-43.736608, -2.334071], [-43.727162, -2.318048], [-43.715403, -2.289239], [-43.701568, -2.274672], [-43.684478, -2.26336], [-43.668853, -2.258722], [-43.656077, -2.257745], [-43.638824, -2.253025], [-43.627309, -2.252048]]], [[[-49.287953, -1.758477], [-49.277008, -1.767022], [-49.28189, -1.785821], [-49.293324, -1.80462], [-49.301625, -1.813165], [-49.310211, -1.818455], [-49.332631, -1.854099], [-49.359527, -1.883966], [-49.367421, -1.895115], [-49.385487, -1.887791], [-49.426259, -1.877618], [-49.442494, -1.867771], [-49.452992, -1.850193], [-49.447621, -1.837091], [-49.422027, -1.813165], [-49.418853, -1.80462], [-49.415679, -1.783868], [-49.411488, -1.775567], [-49.401926, -1.767348], [-49.373647, -1.751642], [-49.352162, -1.722426], [-49.338124, -1.71266], [-49.319, -1.717462], [-49.316314, -1.731134], [-49.309804, -1.744399], [-49.30012, -1.75449], [-49.287953, -1.758477]]], [[[-44.892242, -1.271905], [-44.878651, -1.285089], [-44.876454, -1.296157], [-44.885365, -1.32643], [-44.892242, -1.32643], [-44.896352, -1.320001], [-44.902699, -1.314142], [-44.910715, -1.309259], [-44.919545, -1.305922], [-44.91808, -1.31463], [-44.914052, -1.32171], [-44.90746, -1.327732], [-44.898508, -1.332696], [-44.90689, -1.338067], [-44.914662, -1.345147], [-44.921254, -1.353123], [-44.926381, -1.36061], [-44.934682, -1.366632], [-44.943227, -1.370864], [-44.952016, -1.371677], [-44.961171, -1.367446], [-44.963857, -1.390558], [-44.980336, -1.396091], [-45.001698, -1.389825], [-45.01891, -1.377699], [-45.026967, -1.360528], [-45.026926, -1.340916], [-45.021962, -1.323419], [-45.015736, -1.312188], [-45.003285, -1.317478], [-44.996246, -1.326349], [-44.993886, -1.338556], [-44.995269, -1.353774], [-44.980336, -1.320489], [-44.977935, -1.300958], [-44.991851, -1.292413], [-44.98998, -1.284763], [-44.984609, -1.269952], [-44.974355, -1.260349], [-44.947418, -1.272882], [-44.939198, -1.26865], [-44.931386, -1.261326], [-44.922963, -1.257582], [-44.915679, -1.258966], [-44.907582, -1.262384], [-44.892242, -1.271905]]], [[[-48.338979, -1.066502], [-48.324208, -1.07586], [-48.310618, -1.112481], [-48.297353, -1.128513], [-48.315338, -1.155206], [-48.319447, -1.159438], [-48.318105, -1.181248], [-48.319081, -1.189386], [-48.334096, -1.205011], [-48.348744, -1.208673], [-48.363759, -1.209731], [-48.379872, -1.217218], [-48.388092, -1.211602], [-48.392445, -1.204767], [-48.39391, -1.197198], [-48.393544, -1.189386], [-48.402333, -1.202895], [-48.414296, -1.198012], [-48.43456, -1.176365], [-48.450266, -1.168552], [-48.462066, -1.164483], [-48.465443, -1.157647], [-48.455678, -1.141534], [-48.431956, -1.12363], [-48.428334, -1.117283], [-48.421498, -1.079522], [-48.405019, -1.06878], [-48.383453, -1.065362], [-48.338979, -1.066502]]], [[[-48.194936, -0.819431], [-48.16275, -0.850193], [-48.155873, -0.866306], [-48.181264, -0.86712], [-48.181264, -0.874607], [-48.156728, -0.887791], [-48.162465, -0.920831], [-48.194936, -0.983819], [-48.201894, -1.011489], [-48.207387, -1.017836], [-48.22289, -1.024835], [-48.237701, -1.027927], [-48.287709, -1.024835], [-48.307118, -1.020685], [-48.316274, -1.009535], [-48.319, -0.993341], [-48.319081, -0.973728], [-48.312652, -0.953302], [-48.284535, -0.921482], [-48.273793, -0.895278], [-48.254547, -0.863051], [-48.250152, -0.850193], [-48.24356, -0.841729], [-48.194936, -0.819431]]], [[[-47.948557, -0.64129], [-47.935292, -0.636651], [-47.914622, -0.641697], [-47.895619, -0.653497], [-47.887074, -0.669122], [-47.895579, -0.691095], [-47.916371, -0.708591], [-47.962148, -0.730645], [-47.964101, -0.715102], [-47.977773, -0.691664], [-47.982655, -0.676039], [-47.978627, -0.67311], [-47.971059, -0.665785], [-47.966868, -0.658298], [-47.977935, -0.651788], [-47.97643, -0.644708], [-47.972076, -0.637465], [-47.969065, -0.633884], [-47.961497, -0.632582], [-47.95523, -0.633071], [-47.950795, -0.635837], [-47.948557, -0.64129]]], [[[-50.819203, -0.620212], [-50.812896, -0.655043], [-50.813059, -0.669122], [-50.822255, -0.699884], [-50.843129, -0.715997], [-50.87206, -0.722263], [-50.905507, -0.72324], [-50.934316, -0.731703], [-50.976186, -0.769789], [-51.001088, -0.778416], [-51.026723, -0.783787], [-51.054026, -0.796563], [-51.078033, -0.81227], [-51.094146, -0.826267], [-51.100413, -0.826267], [-51.109731, -0.806736], [-51.111684, -0.782322], [-51.108022, -0.755955], [-51.100413, -0.730645], [-51.081776, -0.701104], [-51.076772, -0.695896], [-51.073476, -0.692966], [-51.068593, -0.679783], [-51.066274, -0.676039], [-51.058827, -0.675063], [-51.045562, -0.681329], [-51.03893, -0.681573], [-51.016469, -0.667901], [-50.980133, -0.626153], [-50.95641, -0.60711], [-50.909535, -0.583266], [-50.860829, -0.565606], [-50.87914, -0.600274], [-50.881337, -0.613946], [-50.87442, -0.613946], [-50.840932, -0.558689], [-50.836741, -0.561782], [-50.835032, -0.565037], [-50.833485, -0.572931], [-50.828765, -0.583429], [-50.819203, -0.620212]]], [[[-47.660512, -0.579197], [-47.649159, -0.591567], [-47.640777, -0.608494], [-47.638987, -0.627862], [-47.646881, -0.648126], [-47.642812, -0.657973], [-47.641835, -0.67547], [-47.643422, -0.692966], [-47.646881, -0.702732], [-47.658315, -0.707696], [-47.685658, -0.706801], [-47.701527, -0.709568], [-47.698964, -0.693943], [-47.704213, -0.6749], [-47.71562, -0.636555], [-47.751536, -0.62225], [-47.750894, -0.606763], [-47.761379, -0.575771], [-47.755788, -0.566485], [-47.745248, -0.562783], [-47.743365, -0.547294], [-47.734682, -0.54173], [-47.715479, -0.547333], [-47.706822, -0.559739], [-47.703752, -0.577714], [-47.687648, -0.584553], [-47.660512, -0.579197]]], [[[-51.186025, -0.613946], [-51.162913, -0.620538], [-51.151601, -0.63714], [-51.149973, -0.658949], [-51.155629, -0.681573], [-51.217641, -0.801853], [-51.230702, -0.839288], [-51.252309, -0.961847], [-51.271148, -1.017673], [-51.275624, -1.02516], [-51.285959, -1.031671], [-51.310292, -1.00213], [-51.331451, -1.009942], [-51.410024, -1.15309], [-51.434804, -1.1867], [-51.556264, -1.28867], [-51.597564, -1.312188], [-51.610219, -1.315606], [-51.618886, -1.323663], [-51.62621, -1.33294], [-51.634836, -1.340102], [-51.662709, -1.349867], [-51.669545, -1.353774], [-51.671254, -1.357599], [-51.674143, -1.370375], [-51.675771, -1.374282], [-51.68102, -1.37713], [-51.695139, -1.381117], [-51.700551, -1.384454], [-51.740834, -1.420017], [-51.785634, -1.449965], [-51.806711, -1.457289], [-51.851959, -1.464044], [-51.892486, -1.483657], [-51.912709, -1.481378], [-51.930287, -1.470798], [-51.943918, -1.456231], [-51.954091, -1.422459], [-51.941884, -1.391371], [-51.902943, -1.340102], [-51.897369, -1.325128], [-51.893056, -1.305597], [-51.889272, -1.268162], [-51.884267, -1.25628], [-51.872467, -1.243259], [-51.805653, -1.193943], [-51.796498, -1.189386], [-51.795318, -1.184177], [-51.787465, -1.162286], [-51.785634, -1.158868], [-51.781606, -1.153904], [-51.772043, -1.151462], [-51.751454, -1.14837], [-51.717885, -1.129653], [-51.683949, -1.096938], [-51.668365, -1.05755], [-51.690053, -1.01865], [-51.686106, -0.884373], [-51.675771, -0.846775], [-51.623606, -0.790216], [-51.582143, -0.698663], [-51.559804, -0.664972], [-51.534047, -0.634698], [-51.505116, -0.60711], [-51.454661, -0.57464], [-51.439931, -0.562188], [-51.424794, -0.553806], [-51.370432, -0.534275], [-51.354848, -0.531996], [-51.347401, -0.531996], [-51.356679, -0.544041], [-51.363026, -0.56227], [-51.366689, -0.581638], [-51.367909, -0.596287], [-51.366933, -0.601658], [-51.365387, -0.605564], [-51.365102, -0.61061], [-51.367909, -0.620212], [-51.373036, -0.629327], [-51.384755, -0.644789], [-51.388417, -0.65488], [-51.381581, -0.65488], [-51.37385, -0.644708], [-51.3544, -0.626235], [-51.347401, -0.613946], [-51.34789, -0.600763], [-51.353139, -0.589451], [-51.353668, -0.580173], [-51.340647, -0.572931], [-51.340647, -0.592869], [-51.333119, -0.592869], [-51.333119, -0.572931], [-51.325836, -0.580499], [-51.317983, -0.586358], [-51.309316, -0.590427], [-51.299631, -0.592869], [-51.321645, -0.562595], [-51.326975, -0.551853], [-51.329213, -0.53867], [-51.326527, -0.532485], [-51.322336, -0.528497], [-51.320139, -0.521417], [-51.308339, -0.518731], [-51.253774, -0.531508], [-51.237538, -0.538263], [-51.223256, -0.557875], [-51.203277, -0.604669], [-51.186025, -0.613946]]], [[[-51.165273, -0.140313], [-51.120839, -0.140313], [-51.120269, -0.14544], [-51.121938, -0.146742], [-51.124745, -0.146742], [-51.128285, -0.147719], [-51.133941, -0.160821], [-51.135854, -0.179376], [-51.134877, -0.195896], [-51.131703, -0.203058], [-51.144195, -0.211358], [-51.148671, -0.230564], [-51.148834, -0.263849], [-51.166737, -0.305597], [-51.201283, -0.343683], [-51.278554, -0.401056], [-51.342193, -0.43377], [-51.3756, -0.460545], [-51.393788, -0.466485], [-51.4051, -0.459649], [-51.402008, -0.435724], [-51.391469, -0.424412], [-51.3756, -0.416925], [-51.361195, -0.407485], [-51.354848, -0.391209], [-51.351471, -0.385919], [-51.336537, -0.375584], [-51.330434, -0.366143], [-51.264272, -0.219496], [-51.243235, -0.198663], [-51.232655, -0.179457], [-51.22704, -0.175063], [-51.197825, -0.170831], [-51.189768, -0.168227], [-51.183583, -0.163181], [-51.166168, -0.144464], [-51.165273, -0.140313]]], [[[-48.462514, -0.576104], [-48.465321, -0.590427], [-48.4829, -0.627618], [-48.484364, -0.653578], [-48.487172, -0.664727], [-48.496571, -0.676039], [-48.485829, -0.684747], [-48.488026, -0.701837], [-48.494456, -0.722833], [-48.496571, -0.743748], [-48.51769, -0.734796], [-48.537506, -0.718927], [-48.572336, -0.681573], [-48.560862, -0.713962], [-48.537913, -0.744806], [-48.523549, -0.77337], [-48.537506, -0.798923], [-48.526235, -0.820245], [-48.523427, -0.846368], [-48.527659, -0.872654], [-48.537506, -0.894464], [-48.560129, -0.914321], [-48.612945, -0.932875], [-48.633168, -0.949151], [-48.627675, -0.958754], [-48.630727, -0.968927], [-48.64745, -0.990655], [-48.657541, -0.9992], [-48.664784, -1.001235], [-48.66511, -1.003106], [-48.654286, -1.011163], [-48.645334, -1.011895], [-48.635854, -1.008396], [-48.628774, -1.009698], [-48.626943, -1.024835], [-48.630686, -1.029067], [-48.654286, -1.045343], [-48.654286, -1.05283], [-48.628285, -1.047784], [-48.628774, -1.063165], [-48.642812, -1.083591], [-48.657338, -1.093683], [-48.672434, -1.10117], [-48.717681, -1.134047], [-48.739898, -1.141534], [-48.75829, -1.150649], [-48.796132, -1.192071], [-48.818715, -1.202895], [-48.849599, -1.198012], [-48.875885, -1.181248], [-48.897694, -1.158136], [-48.914947, -1.134698], [-48.921132, -1.141534], [-48.911285, -1.161228], [-48.894846, -1.181248], [-48.875315, -1.19671], [-48.856313, -1.202895], [-48.84203, -1.213311], [-48.837148, -1.233982], [-48.844553, -1.249282], [-48.867177, -1.24391], [-48.867177, -1.251397], [-48.853871, -1.254327], [-48.824818, -1.254653], [-48.811879, -1.257582], [-48.796254, -1.268487], [-48.79308, -1.279718], [-48.802358, -1.339776], [-48.832997, -1.415785], [-48.839223, -1.415785], [-48.858388, -1.399184], [-48.942209, -1.295831], [-48.963775, -1.282973], [-48.990061, -1.292413], [-48.957387, -1.295505], [-48.946034, -1.309015], [-48.954986, -1.324151], [-48.983266, -1.332696], [-48.983266, -1.340102], [-48.977203, -1.347263], [-48.976633, -1.356134], [-48.980946, -1.365655], [-48.990061, -1.374282], [-48.976918, -1.369073], [-48.953114, -1.350356], [-48.945058, -1.346368], [-48.934967, -1.351495], [-48.92984, -1.363539], [-48.92634, -1.377537], [-48.921132, -1.387872], [-48.898834, -1.39365], [-48.897572, -1.394708], [-48.892405, -1.398045], [-48.887196, -1.412693], [-48.883901, -1.415785], [-48.874013, -1.419366], [-48.839223, -1.44256], [-48.839223, -1.449965], [-48.855377, -1.453546], [-48.871938, -1.458917], [-48.887563, -1.466729], [-48.901275, -1.476739], [-48.904612, -1.483494], [-48.90689, -1.492771], [-48.910634, -1.501072], [-48.91808, -1.504571], [-48.935292, -1.493341], [-48.944447, -1.490981], [-48.948476, -1.501153], [-48.956166, -1.508722], [-48.973866, -1.514093], [-49.024892, -1.52158], [-49.036529, -1.528253], [-49.048085, -1.533298], [-49.065785, -1.531915], [-49.072174, -1.526951], [-49.072418, -1.520115], [-49.073476, -1.51393], [-49.082509, -1.511407], [-49.09081, -1.511163], [-49.096913, -1.510186], [-49.101877, -1.507989], [-49.10676, -1.504571], [-49.112782, -1.495294], [-49.124989, -1.463311], [-49.127268, -1.453058], [-49.149526, -1.409275], [-49.151438, -1.401625], [-49.181874, -1.401625], [-49.187245, -1.397638], [-49.191518, -1.39129], [-49.197743, -1.38836], [-49.209096, -1.394708], [-49.19164, -1.408624], [-49.184397, -1.429376], [-49.184397, -1.453383], [-49.204091, -1.529067], [-49.201527, -1.553155], [-49.181874, -1.566095], [-49.19164, -1.571954], [-49.195465, -1.5735], [-49.196441, -1.56878], [-49.197621, -1.566013], [-49.202992, -1.559828], [-49.207916, -1.565525], [-49.21345, -1.569106], [-49.220286, -1.571547], [-49.229604, -1.5735], [-49.222035, -1.583266], [-49.211537, -1.584242], [-49.201568, -1.586602], [-49.195465, -1.600844], [-49.188954, -1.59352], [-49.182973, -1.590102], [-49.168202, -1.586602], [-49.187734, -1.607599], [-49.222768, -1.621189], [-49.256256, -1.62005], [-49.274572, -1.621593], [-49.293729, -1.617531], [-49.313878, -1.604394], [-49.332003, -1.588234], [-49.353179, -1.5735], [-49.389027, -1.538832], [-49.394114, -1.528904], [-49.391469, -1.514744], [-49.386464, -1.503839], [-49.383534, -1.494236], [-49.387318, -1.484145], [-49.393544, -1.496189], [-49.406522, -1.517516], [-49.414631, -1.541702], [-49.409622, -1.563897], [-49.375365, -1.586142], [-49.354233, -1.614408], [-49.358306, -1.637587], [-49.372439, -1.646635], [-49.406714, -1.637503], [-49.424862, -1.63243], [-49.443025, -1.635422], [-49.468228, -1.623278], [-49.483332, -1.602074], [-49.484527, -1.568048], [-49.490305, -1.556085], [-49.496571, -1.497735], [-49.504872, -1.501397], [-49.513254, -1.502374], [-49.521962, -1.501153], [-49.531321, -1.497735], [-49.524892, -1.505629], [-49.515736, -1.51336], [-49.507558, -1.522638], [-49.503977, -1.535333], [-49.503977, -1.586602], [-49.509267, -1.582452], [-49.513987, -1.581638], [-49.518788, -1.58172], [-49.524403, -1.580336], [-49.513905, -1.592218], [-49.514068, -1.608087], [-49.521962, -1.622166], [-49.534413, -1.628106], [-49.551259, -1.633071], [-49.556549, -1.64544], [-49.553456, -1.660903], [-49.544911, -1.675958], [-49.559193, -1.675958], [-49.559193, -1.682794], [-49.5454, -1.6867], [-49.54426, -1.698337], [-49.551747, -1.72088], [-49.558705, -1.724216], [-49.603261, -1.717462], [-49.623606, -1.724867], [-49.654164, -1.760024], [-49.669057, -1.772149], [-49.688344, -1.769301], [-49.705922, -1.750584], [-49.718739, -1.722833], [-49.727528, -1.677667], [-49.745351, -1.652765], [-49.751047, -1.641778], [-49.750111, -1.624933], [-49.73998, -1.595147], [-49.744211, -1.580336], [-49.748036, -1.597914], [-49.761138, -1.63006], [-49.764027, -1.645196], [-49.759755, -1.669366], [-49.729888, -1.730564], [-49.728505, -1.741795], [-49.729644, -1.752618], [-49.732655, -1.762872], [-49.736724, -1.772149], [-49.743764, -1.780043], [-49.776438, -1.807224], [-49.800282, -1.817315], [-49.809071, -1.819268], [-49.823557, -1.816583], [-49.833079, -1.809828], [-49.841664, -1.801202], [-49.853424, -1.792657], [-49.863393, -1.789483], [-49.884389, -1.788263], [-49.894399, -1.785821], [-49.905995, -1.77809], [-49.915354, -1.769138], [-49.925404, -1.761651], [-49.94811, -1.75628], [-49.968129, -1.747003], [-49.980051, -1.744806], [-50.002309, -1.745538], [-50.007395, -1.741469], [-50.028472, -1.720473], [-50.032338, -1.71559], [-50.032338, -1.709731], [-50.02595, -1.66074], [-50.028188, -1.65545], [-50.050282, -1.657403], [-50.054799, -1.664727], [-50.051991, -1.679376], [-50.052073, -1.703871], [-50.059885, -1.717869], [-50.087066, -1.73919], [-50.093007, -1.748224], [-50.155019, -1.778985], [-50.170033, -1.77044], [-50.177724, -1.758966], [-50.187001, -1.749119], [-50.224517, -1.739028], [-50.233795, -1.724379], [-50.237172, -1.705336], [-50.234609, -1.633966], [-50.23766, -1.62127], [-50.248362, -1.615411], [-50.261871, -1.61419], [-50.27359, -1.610528], [-50.278554, -1.597426], [-50.276235, -1.588474], [-50.270416, -1.58587], [-50.263661, -1.584893], [-50.258168, -1.580336], [-50.249623, -1.563084], [-50.249908, -1.55934], [-50.253814, -1.54339], [-50.262196, -1.527114], [-50.264963, -1.518243], [-50.264475, -1.510919], [-50.259429, -1.493341], [-50.258168, -1.484145], [-50.27595, -1.497003], [-50.276845, -1.514581], [-50.26301, -1.550714], [-50.260081, -1.552667], [-50.257883, -1.554864], [-50.258168, -1.559828], [-50.261098, -1.564874], [-50.264719, -1.564874], [-50.268422, -1.56406], [-50.271799, -1.566095], [-50.278554, -1.574477], [-50.285227, -1.580743], [-50.290273, -1.587335], [-50.292226, -1.597426], [-50.281239, -1.613051], [-50.259267, -1.627048], [-50.242584, -1.641534], [-50.247629, -1.658868], [-50.254994, -1.675226], [-50.260243, -1.725274], [-50.264963, -1.744806], [-50.271799, -1.744806], [-50.274729, -1.724705], [-50.299062, -1.65545], [-50.306508, -1.65545], [-50.287221, -1.73089], [-50.284779, -1.75506], [-50.294179, -1.772719], [-50.316558, -1.778497], [-50.343577, -1.776951], [-50.366689, -1.772149], [-50.342885, -1.784926], [-50.312123, -1.793715], [-50.296986, -1.803481], [-50.319569, -1.819268], [-50.348744, -1.828709], [-50.37678, -1.832208], [-50.405181, -1.830987], [-50.559722, -1.799493], [-50.573394, -1.793634], [-50.596425, -1.775811], [-50.603871, -1.772149], [-50.606679, -1.764825], [-50.600087, -1.749282], [-50.586008, -1.734633], [-50.566558, -1.730564], [-50.58788, -1.684503], [-50.74234, -1.531183], [-50.757924, -1.508477], [-50.764556, -1.487563], [-50.768625, -1.478448], [-50.795969, -1.446222], [-50.803212, -1.434991], [-50.804189, -1.424981], [-50.799387, -1.401625], [-50.797434, -1.401544], [-50.787953, -1.394708], [-50.785715, -1.394708], [-50.787953, -1.38836], [-50.792388, -1.384942], [-50.796946, -1.382908], [-50.799387, -1.381117], [-50.811635, -1.349867], [-50.813059, -1.336358], [-50.810862, -1.314711], [-50.779612, -1.193943], [-50.778228, -1.17254], [-50.785634, -1.152114], [-50.799224, -1.12656], [-50.805816, -1.102309], [-50.792551, -1.086196], [-50.780141, -1.088311], [-50.737294, -1.113539], [-50.675852, -1.141534], [-50.629303, -1.15016], [-50.613759, -1.155206], [-50.559722, -1.183201], [-50.571848, -1.158624], [-50.616689, -1.119887], [-50.589833, -1.111505], [-50.576527, -1.102634], [-50.569692, -1.100518], [-50.542307, -1.105727], [-50.539296, -1.107354], [-50.522084, -1.096449], [-50.522206, -1.086602], [-50.534169, -1.078546], [-50.552358, -1.073337], [-50.544342, -1.052179], [-50.545522, -1.05283], [-50.530019, -1.038751], [-50.51537, -1.036716], [-50.498647, -1.039321], [-50.476633, -1.039158], [-50.494985, -1.029229], [-50.512441, -1.023858], [-50.528472, -1.025323], [-50.542388, -1.035333], [-50.558461, -1.051202], [-50.576772, -1.063165], [-50.596588, -1.070571], [-50.617502, -1.073337], [-50.626129, -1.076104], [-50.64566, -1.089451], [-50.654693, -1.093683], [-50.663808, -1.094903], [-50.735178, -1.089532], [-50.755767, -1.082208], [-50.764556, -1.06992], [-50.7683, -1.06113], [-50.786122, -1.03338], [-50.792551, -1.01865], [-50.798004, -0.984308], [-50.798166, -0.91131], [-50.792551, -0.874607], [-50.786488, -0.857354], [-50.778635, -0.842543], [-50.774159, -0.829848], [-50.778228, -0.819431], [-50.769276, -0.807306], [-50.757639, -0.806817], [-50.746002, -0.814223], [-50.737294, -0.826267], [-50.74059, -0.802016], [-50.753774, -0.792413], [-50.770741, -0.78574], [-50.785715, -0.770929], [-50.787343, -0.763279], [-50.785715, -0.733657], [-50.783559, -0.728774], [-50.774241, -0.720636], [-50.772043, -0.716404], [-50.774159, -0.71087], [-50.783518, -0.707289], [-50.785715, -0.702732], [-50.779897, -0.660577], [-50.737294, -0.551853], [-50.72468, -0.563653], [-50.711293, -0.586521], [-50.700592, -0.611749], [-50.69636, -0.630629], [-50.684071, -0.639825], [-50.607533, -0.676039], [-50.587961, -0.681329], [-50.577382, -0.682224], [-50.551991, -0.67962], [-50.548451, -0.67783], [-50.550404, -0.673761], [-50.552358, -0.66546], [-50.560374, -0.659275], [-50.613759, -0.64129], [-50.673492, -0.631036], [-50.682688, -0.623793], [-50.685048, -0.607843], [-50.690745, -0.587091], [-50.716461, -0.521742], [-50.721547, -0.503351], [-50.723622, -0.479913], [-50.721059, -0.46502], [-50.703196, -0.408461], [-50.699941, -0.371515], [-50.69636, -0.36004], [-50.691762, -0.354181], [-50.678578, -0.341078], [-50.675852, -0.33587], [-50.673695, -0.319268], [-50.668324, -0.298761], [-50.654693, -0.263849], [-50.646474, -0.255629], [-50.613596, -0.229181], [-50.603871, -0.223403], [-50.598948, -0.219334], [-50.583363, -0.192153], [-50.574452, -0.188084], [-50.562571, -0.188084], [-50.550038, -0.189223], [-50.539296, -0.188735], [-50.521962, -0.180352], [-50.507802, -0.168878], [-50.491282, -0.158868], [-50.466664, -0.154555], [-50.443715, -0.157973], [-50.426584, -0.163507], [-50.411488, -0.164483], [-50.394643, -0.154555], [-50.384633, -0.13893], [-50.377797, -0.120701], [-50.368153, -0.105645], [-50.349965, -0.099379], [-50.327382, -0.100925], [-50.271799, -0.113702], [-50.095774, -0.132257], [-50.038442, -0.154555], [-50.008127, -0.153009], [-49.794545, -0.198826], [-49.653472, -0.241143], [-49.519846, -0.23561], [-49.481313, -0.225844], [-49.459584, -0.223403], [-49.44933, -0.224705], [-49.42516, -0.230401], [-49.417958, -0.234552], [-49.398508, -0.253513], [-49.387318, -0.257582], [-49.38683, -0.25156], [-49.398101, -0.236505], [-49.408437, -0.217462], [-49.405019, -0.199314], [-49.38683, -0.184747], [-49.326487, -0.154555], [-49.318267, -0.160089], [-49.312856, -0.160089], [-49.30724, -0.157322], [-49.298573, -0.154555], [-49.283681, -0.155206], [-49.274648, -0.154474], [-49.261627, -0.149021], [-49.23644, -0.147719], [-49.215403, -0.141209], [-49.206044, -0.140313], [-49.194814, -0.141534], [-49.181711, -0.149347], [-49.168202, -0.154555], [-49.157623, -0.154067], [-49.144765, -0.1513], [-49.131581, -0.152032], [-49.120351, -0.162042], [-49.091379, -0.153904], [-49.025624, -0.160089], [-49.010607, -0.159889], [-48.992719, -0.171848], [-48.979605, -0.186191], [-48.960501, -0.182637], [-48.947359, -0.173105], [-48.927049, -0.158809], [-48.893612, -0.152886], [-48.880489, -0.163647], [-48.881711, -0.191104], [-48.892471, -0.205416], [-48.891957, -0.215916], [-48.859731, -0.209242], [-48.816518, -0.207615], [-48.702016, -0.237237], [-48.684234, -0.236505], [-48.646311, -0.226251], [-48.623525, -0.223403], [-48.60143, -0.22617], [-48.544423, -0.244073], [-48.427235, -0.259942], [-48.40099, -0.271254], [-48.393544, -0.271254], [-48.384389, -0.281427], [-48.375559, -0.288507], [-48.368886, -0.297947], [-48.366282, -0.315362], [-48.369781, -0.36061], [-48.373118, -0.373712], [-48.378896, -0.384047], [-48.388417, -0.395603], [-48.399729, -0.404718], [-48.410634, -0.408461], [-48.420644, -0.414972], [-48.431508, -0.447198], [-48.454701, -0.48561], [-48.461578, -0.515558], [-48.462514, -0.576104]]], [[[-50.973744, -0.291192], [-51.012807, -0.273614], [-51.037953, -0.235935], [-51.038686, -0.200291], [-51.00475, -0.188735], [-51.00475, -0.18255], [-51.012522, -0.180108], [-51.032786, -0.168227], [-50.982574, -0.085545], [-50.972406, -0.042814], [-50.947266, -0.011974], [-50.925146, -0.006149], [-50.889768, 0.001109], [-50.817535, 0.034742], [-50.766004, 0.046367], [-50.73955, 0.034525], [-50.724906, 0.008007], [-50.702301, -0.002496], [-50.675852, -0.010675], [-50.66454, -0.015476], [-50.655263, -0.023777], [-50.647694, -0.034031], [-50.641713, -0.044732], [-50.640859, -0.049574], [-50.642323, -0.060479], [-50.641713, -0.06524], [-50.629628, -0.081598], [-50.627431, -0.085707], [-50.628896, -0.104099], [-50.638783, -0.121026], [-50.675852, -0.154555], [-50.69518, -0.167413], [-50.758412, -0.195571], [-50.781239, -0.210056], [-50.837229, -0.267673], [-50.855946, -0.282485], [-50.894887, -0.306248], [-50.923411, -0.330499], [-50.932037, -0.328302], [-50.941151, -0.322035], [-50.964955, -0.314223], [-50.968984, -0.304864], [-50.970367, -0.295505], [-50.973744, -0.291192]]], [[[-49.832346, -0.103123], [-49.823476, -0.070367], [-49.801015, -0.045953], [-49.740468, -0.000339], [-49.676096, 0.028062], [-49.628082, 0.057603], [-49.524526, 0.073879], [-49.496571, 0.085598], [-49.493764, 0.07982], [-49.485707, 0.069241], [-49.4829, 0.063788], [-49.469797, 0.069973], [-49.456044, 0.074612], [-49.442047, 0.07567], [-49.428212, 0.071275], [-49.391265, 0.051093], [-49.381093, 0.043931], [-49.369862, 0.028225], [-49.369252, 0.016099], [-49.371978, 0.006985], [-49.370513, -0.000339], [-49.35912, -0.008355], [-49.351674, -0.008477], [-49.347524, -0.009698], [-49.346303, -0.020847], [-49.348988, -0.030857], [-49.354482, -0.037164], [-49.359283, -0.044732], [-49.359975, -0.058445], [-49.364735, -0.056573], [-49.376332, -0.054132], [-49.381093, -0.052179], [-49.385854, -0.069635], [-49.419993, -0.09531], [-49.428212, -0.110203], [-49.43871, -0.120538], [-49.463368, -0.128025], [-49.492014, -0.132582], [-49.686879, -0.135431], [-49.716217, -0.147719], [-49.832346, -0.103123]]], [[[-50.634267, 0.071275], [-50.637685, 0.080552], [-50.636627, 0.088202], [-50.634429, 0.096096], [-50.634267, 0.106106], [-50.637563, 0.117662], [-50.646718, 0.138902], [-50.648549, 0.150458], [-50.636871, 0.165269], [-50.610585, 0.183417], [-50.583001, 0.184032], [-50.561086, 0.176257], [-50.544329, 0.17107], [-50.514694, 0.165851], [-50.490224, 0.159362], [-50.469641, 0.145177], [-50.446497, 0.125851], [-50.443955, 0.109147], [-50.444007, 0.080891], [-50.440179, 0.061618], [-50.432508, 0.035917], [-50.432547, 0.016654], [-50.437729, -3.3e-05], [-50.447499, -0.015151], [-50.487457, -0.017429], [-50.495717, -0.016615], [-50.505727, -0.014337], [-50.514068, -0.011082], [-50.517568, -0.007257], [-50.523061, -0.003839], [-50.559722, -0.003839], [-50.572174, 0.001654], [-50.588124, 0.012112], [-50.601715, 0.023993], [-50.607533, 0.033759], [-50.609731, 0.053412], [-50.615468, 0.058824], [-50.623891, 0.061225], [-50.634267, 0.071275]]], [[[-50.090784, 0.305945], [-50.107334, 0.292931], [-50.165648, 0.261734], [-50.220461, 0.246212], [-50.217152, 0.263088], [-50.199371, 0.28852], [-50.138539, 0.326565], [-50.113324, 0.338182], [-50.093321, 0.339013], [-50.086404, 0.320727], [-50.090784, 0.305945]]], [[[-50.036888, 0.299741], [-50.003812, 0.310123], [-49.959451, 0.308303], [-49.921622, 0.292786], [-49.859554, 0.301224], [-49.82576, 0.322207], [-49.745915, 0.353473], [-49.650227, 0.386373], [-49.560157, 0.385757], [-49.530356, 0.35378], [-49.52895, 0.300815], [-49.601603, 0.265985], [-49.642474, 0.232699], [-49.692372, 0.205024], [-49.764027, 0.133368], [-49.787343, 0.092353], [-49.806142, 0.048651], [-49.829701, 0.011298], [-49.867055, -0.010675], [-49.933909, -0.028741], [-49.963124, -0.032769], [-49.975006, -0.036879], [-49.986155, -0.042535], [-49.994008, -0.048435], [-50.004506, -0.052789], [-50.012929, -0.045343], [-50.02477, -0.024265], [-50.045074, -0.002862], [-50.069447, 0.016588], [-50.097279, 0.030911], [-50.127797, 0.037177], [-50.174672, 0.029283], [-50.182362, 0.033759], [-50.190094, 0.041327], [-50.206695, 0.039293], [-50.222279, 0.033596], [-50.226796, 0.030341], [-50.24885, 0.024644], [-50.272694, 0.014879], [-50.297597, 0.01203], [-50.322621, 0.026923], [-50.345123, 0.047431], [-50.351552, 0.058905], [-50.353098, 0.078111], [-50.34203, 0.115424], [-50.340077, 0.133368], [-50.350331, 0.126695], [-50.357411, 0.116523], [-50.366689, 0.091783], [-50.379994, 0.110745], [-50.383656, 0.129869], [-50.380971, 0.194648], [-50.377797, 0.208319], [-50.366811, 0.214504], [-50.304903, 0.216843], [-50.279646, 0.228089], [-50.254416, 0.229771], [-50.232684, 0.224505], [-50.199637, 0.222687], [-50.128041, 0.221584], [-50.107289, 0.222154], [-50.06219, 0.262392], [-50.036888, 0.299741]]], [[[-50.378021, 0.24499], [-50.395198, 0.240341], [-50.413975, 0.226343], [-50.420309, 0.202973], [-50.418802, 0.188943], [-50.415134, 0.176579], [-50.41902, 0.167944], [-50.426259, 0.168402], [-50.450185, 0.178656], [-50.459828, 0.181098], [-50.482655, 0.182359], [-50.493153, 0.185492], [-50.501454, 0.191718], [-50.516754, 0.208645], [-50.518056, 0.214911], [-50.516347, 0.243354], [-50.512929, 0.256496], [-50.505971, 0.266181], [-50.494537, 0.269924], [-50.48526, 0.268459], [-50.48058, 0.266018], [-50.476877, 0.265448], [-50.470367, 0.269924], [-50.46996, 0.274319], [-50.439198, 0.39765], [-50.432525, 0.413967], [-50.431508, 0.415595], [-50.422515, 0.419013], [-50.412424, 0.421576], [-50.408315, 0.420722], [-50.407094, 0.43065], [-50.410878, 0.436916], [-50.41686, 0.441962], [-50.421986, 0.448676], [-50.42809, 0.465481], [-50.430084, 0.478583], [-50.429433, 0.506659], [-50.432485, 0.534329], [-50.430776, 0.548], [-50.421986, 0.564765], [-50.37975, 0.611802], [-50.366689, 0.61994], [-50.366689, 0.61518], [-50.365061, 0.612454], [-50.36266, 0.609931], [-50.360504, 0.60635], [-50.34732, 0.571275], [-50.346059, 0.527533], [-50.355051, 0.412543], [-50.353098, 0.400214], [-50.348866, 0.390082], [-50.335927, 0.368476], [-50.32315, 0.340644], [-50.31697, 0.308751], [-50.323285, 0.28696], [-50.338934, 0.271411], [-50.349919, 0.252736], [-50.363972, 0.248084], [-50.378021, 0.24499]]], [[[-50.312123, 0.413967], [-50.31725, 0.457994], [-50.315053, 0.49726], [-50.302887, 0.530992], [-50.278554, 0.558539], [-50.256459, 0.569729], [-50.251576, 0.575832], [-50.258168, 0.585191], [-50.242096, 0.592963], [-50.18692, 0.592231], [-50.174916, 0.595445], [-50.167592, 0.605414], [-50.150624, 0.597113], [-50.120351, 0.571601], [-50.115102, 0.586249], [-50.134755, 0.597561], [-50.134023, 0.612494], [-50.12206, 0.626776], [-50.102895, 0.639838], [-50.082183, 0.647895], [-50.065663, 0.647284], [-50.038442, 0.60635], [-50.033274, 0.593573], [-50.031361, 0.584866], [-50.031565, 0.561672], [-50.030507, 0.556789], [-50.025746, 0.547268], [-50.02477, 0.541164], [-50.026845, 0.535305], [-50.036285, 0.525946], [-50.042714, 0.510321], [-50.166077, 0.413848], [-50.199484, 0.392716], [-50.229843, 0.377638], [-50.249595, 0.361016], [-50.281446, 0.356552], [-50.300689, 0.375474], [-50.312123, 0.413967]]], [[[-50.202416, 0.749692], [-50.241399, 0.744597], [-50.275274, 0.745622], [-50.283364, 0.769186], [-50.274952, 0.809114], [-50.225476, 0.8592], [-50.158806, 0.88669], [-50.132123, 0.914214], [-50.111666, 0.918253], [-50.086114, 0.916156], [-50.058572, 0.901799], [-50.026916, 0.903756], [-50.015723, 0.892493], [-50.022935, 0.873105], [-50.036284, 0.852705], [-50.049673, 0.821063], [-50.068118, 0.807812], [-50.076329, 0.798628], [-50.083565, 0.779207], [-50.103383, 0.755683], [-50.111928, 0.752346], [-50.122182, 0.751207], [-50.151219, 0.74963], [-50.202416, 0.749692]]], [[[-50.062585, 0.923252], [-50.071763, 0.931437], [-50.099347, 0.938643], [-50.100317, 0.959063], [-50.073692, 0.977375], [-50.049184, 0.985582], [-50.038442, 1.006741], [-50.03189, 1.01496], [-50.016672, 1.025214], [-49.998443, 1.034003], [-49.96703, 1.043118], [-49.946817, 1.062771], [-49.92638, 1.069857], [-49.916208, 1.056563], [-49.936676, 1.023424], [-49.944081, 1.008246], [-49.952504, 0.996649], [-49.956451, 0.986518], [-49.964019, 0.973822], [-49.997304, 0.95246], [-50.004872, 0.945217], [-50.00829, 0.940985], [-50.025258, 0.936998], [-50.031565, 0.934638], [-50.062585, 0.923252]]], [[[-50.454358, 2.110941], [-50.441517, 2.108049], [-50.426428, 2.110742], [-50.409641, 2.112945], [-50.399578, 2.115108], [-50.386839, 2.097153], [-50.366364, 2.069679], [-50.356934, 2.05944], [-50.353198, 2.034324], [-50.338854, 2.009692], [-50.325028, 1.991759], [-50.314027, 1.968266], [-50.312496, 1.947065], [-50.320939, 1.935414], [-50.338951, 1.912668], [-50.376578, 1.878332], [-50.394496, 1.870635], [-50.419119, 1.862978], [-50.440852, 1.86981], [-50.458608, 1.881008], [-50.476633, 1.942694], [-50.49551, 1.967248], [-50.497632, 1.98456], [-50.508188, 1.995235], [-50.523813, 2.001482], [-50.520812, 2.031656], [-50.511697, 2.056156], [-50.511342, 2.07982], [-50.50423, 2.095692], [-50.488544, 2.098922], [-50.470094, 2.097663], [-50.454358, 2.110941]]], [[[-50.543521, 2.146197], [-50.552995, 2.151283], [-50.553523, 2.156309], [-50.541705, 2.167948], [-50.513631, 2.187286], [-50.492401, 2.186581], [-50.463348, 2.186938], [-50.448335, 2.176235], [-50.43054, 2.164958], [-50.417832, 2.144795], [-50.415158, 2.126931], [-50.424692, 2.119745], [-50.441445, 2.118183], [-50.457621, 2.12052], [-50.466586, 2.116118], [-50.473344, 2.107796], [-50.486179, 2.110111], [-50.497932, 2.107398], [-50.509653, 2.109706], [-50.520237, 2.115353], [-50.525685, 2.137707], [-50.535706, 2.14447], [-50.543521, 2.146197]]], [[[-29.338246, -20.584161], [-29.348256, -20.561293], [-29.344309, -20.550958], [-29.332021, -20.553318], [-29.316884, -20.56878], [-29.323964, -20.571466], [-29.328603, -20.575291], [-29.332875, -20.579685], [-29.338246, -20.584161]]], [[[-28.88329, -20.518731], [-28.881907, -20.515395], [-28.881418, -20.512384], [-28.880483, -20.510837], [-28.877065, -20.511651], [-28.877838, -20.514255], [-28.879262, -20.51572], [-28.881256, -20.51686], [-28.88329, -20.518731]]], [[[-48.43456, -27.404718], [-48.426584, -27.38893], [-48.408762, -27.399591], [-48.390207, -27.420505], [-48.379872, -27.435724], [-48.377309, -27.458185], [-48.385243, -27.477309], [-48.395741, -27.493585], [-48.403066, -27.512384], [-48.407541, -27.517267], [-48.411977, -27.523696], [-48.414052, -27.534112], [-48.412506, -27.546075], [-48.406972, -27.568617], [-48.407216, -27.579197], [-48.41454, -27.595147], [-48.427561, -27.613051], [-48.441558, -27.627699], [-48.451975, -27.633722], [-48.496571, -27.702732], [-48.497467, -27.723891], [-48.482167, -27.759454], [-48.486073, -27.774347], [-48.49352, -27.779067], [-48.512563, -27.783949], [-48.520497, -27.788344], [-48.534657, -27.807875], [-48.542592, -27.816664], [-48.551869, -27.819431], [-48.559804, -27.818455], [-48.563791, -27.817315], [-48.565094, -27.813653], [-48.563547, -27.739841], [-48.55724, -27.70794], [-48.544423, -27.681573], [-48.559071, -27.674493], [-48.55016, -27.658298], [-48.523915, -27.633722], [-48.52599, -27.611423], [-48.540151, -27.591485], [-48.547109, -27.577244], [-48.527659, -27.57171], [-48.515777, -27.570001], [-48.508168, -27.564874], [-48.504262, -27.55641], [-48.503407, -27.545017], [-48.506703, -27.539972], [-48.513783, -27.535414], [-48.523915, -27.530694], [-48.524159, -27.523533], [-48.521637, -27.517836], [-48.518625, -27.512872], [-48.517079, -27.507094], [-48.520416, -27.495782], [-48.534901, -27.484145], [-48.537506, -27.47617], [-48.530832, -27.463067], [-48.519399, -27.454522], [-48.512074, -27.444757], [-48.517079, -27.428318], [-48.49942, -27.426446], [-48.44579, -27.412367], [-48.43456, -27.404718]]], [[[-48.544423, -26.341892], [-48.547922, -26.351821], [-48.575429, -26.376235], [-48.579091, -26.385431], [-48.579823, -26.397556], [-48.578521, -26.420994], [-48.583241, -26.421075], [-48.586293, -26.41961], [-48.592193, -26.414158], [-48.611318, -26.412774], [-48.628041, -26.387953], [-48.643137, -26.359063], [-48.657338, -26.34531], [-48.699696, -26.316664], [-48.703277, -26.311944], [-48.701161, -26.307224], [-48.684153, -26.281345], [-48.675282, -26.273858], [-48.664174, -26.270766], [-48.646474, -26.268324], [-48.63976, -26.261651], [-48.636708, -26.251886], [-48.630035, -26.239679], [-48.607249, -26.227309], [-48.577626, -26.218438], [-48.558095, -26.205499], [-48.565541, -26.181329], [-48.547597, -26.16725], [-48.531158, -26.170343], [-48.516347, -26.184015], [-48.493398, -26.218927], [-48.490142, -26.227797], [-48.489125, -26.236017], [-48.492828, -26.243829], [-48.507558, -26.256606], [-48.516103, -26.281345], [-48.539174, -26.318943], [-48.544423, -26.341892]]], [[[-47.517161, -24.700942], [-47.506703, -24.699802], [-47.483022, -24.700942], [-47.473256, -24.697686], [-47.459055, -24.690199], [-47.448313, -24.6867], [-47.448313, -24.693536], [-47.495188, -24.723891], [-47.530263, -24.732517], [-47.550038, -24.742364], [-47.78539, -24.923761], [-47.822743, -24.941664], [-47.838043, -24.958266], [-47.85912, -24.989028], [-47.877431, -25.027114], [-47.888295, -25.041192], [-47.900136, -25.036798], [-47.89977, -25.01572], [-47.883778, -24.98211], [-47.879628, -24.964776], [-47.872426, -24.958591], [-47.831858, -24.913263], [-47.717397, -24.830336], [-47.673573, -24.811456], [-47.612945, -24.75449], [-47.561676, -24.736017], [-47.535308, -24.710056], [-47.517161, -24.700942]]], [[[-46.327952, -23.926446], [-46.319488, -23.927667], [-46.318674, -23.930841], [-46.319895, -23.935317], [-46.317372, -23.940606], [-46.302561, -23.958429], [-46.291615, -23.979181], [-46.29186, -23.990899], [-46.341379, -23.969903], [-46.355377, -23.970636], [-46.365793, -23.981622], [-46.374501, -23.97796], [-46.391591, -23.977309], [-46.399892, -23.974786], [-46.404652, -23.970473], [-46.4204, -23.947442], [-46.40689, -23.941827], [-46.401967, -23.942804], [-46.393666, -23.947442], [-46.390045, -23.940851], [-46.388336, -23.935724], [-46.389394, -23.929457], [-46.393666, -23.92018], [-46.381459, -23.920343], [-46.348378, -23.926446], [-46.327952, -23.926446]]], [[[-45.213735, -23.906508], [-45.226471, -23.909275], [-45.226918, -23.916762], [-45.222646, -23.927667], [-45.221262, -23.940606], [-45.217844, -23.94492], [-45.218251, -23.949477], [-45.224599, -23.957696], [-45.228912, -23.961114], [-45.241689, -23.96795], [-45.24649, -23.963474], [-45.251047, -23.962091], [-45.256012, -23.962091], [-45.262196, -23.961114], [-45.27184, -23.946222], [-45.280507, -23.925226], [-45.290435, -23.911879], [-45.303782, -23.92018], [-45.309967, -23.912693], [-45.346059, -23.928155], [-45.385732, -23.938084], [-45.421864, -23.935235], [-45.447133, -23.912693], [-45.452952, -23.891371], [-45.447377, -23.877211], [-45.434804, -23.867283], [-45.41983, -23.858087], [-45.355377, -23.800063], [-45.344716, -23.782403], [-45.337717, -23.75213], [-45.333852, -23.745212], [-45.328603, -23.737481], [-45.327056, -23.73089], [-45.324696, -23.725274], [-45.316803, -23.72088], [-45.308461, -23.721368], [-45.297109, -23.724298], [-45.287017, -23.728204], [-45.236562, -23.761814], [-45.228098, -23.772393], [-45.234853, -23.844415], [-45.265736, -23.839288], [-45.271108, -23.86891], [-45.254994, -23.898207], [-45.221262, -23.892267], [-45.21642, -23.899102], [-45.215077, -23.902032], [-45.213735, -23.906508]]], [[[-44.100901, -23.149021], [-44.085439, -23.161798], [-44.082265, -23.169529], [-44.097768, -23.173923], [-44.103668, -23.178643], [-44.107737, -23.17962], [-44.11266, -23.177423], [-44.116282, -23.17254], [-44.118072, -23.167657], [-44.118276, -23.16546], [-44.128041, -23.164972], [-44.135365, -23.16546], [-44.140981, -23.167739], [-44.145579, -23.172784], [-44.15925, -23.165785], [-44.168202, -23.171563], [-44.176869, -23.181329], [-44.189687, -23.186619], [-44.230824, -23.193536], [-44.2412, -23.193455], [-44.255971, -23.187677], [-44.265859, -23.180841], [-44.276235, -23.175226], [-44.292633, -23.172784], [-44.301666, -23.178318], [-44.311147, -23.191339], [-44.318918, -23.207208], [-44.32311, -23.220636], [-44.327707, -23.221287], [-44.328969, -23.219659], [-44.32901, -23.217055], [-44.329945, -23.2138], [-44.337961, -23.206638], [-44.341705, -23.198663], [-44.341542, -23.18963], [-44.337392, -23.17962], [-44.354482, -23.180352], [-44.360707, -23.178155], [-44.364654, -23.172784], [-44.367096, -23.165216], [-44.365468, -23.163995], [-44.360015, -23.163832], [-44.32311, -23.145603], [-44.296376, -23.117608], [-44.284169, -23.123224], [-44.270863, -23.115167], [-44.248036, -23.090997], [-44.244862, -23.086033], [-44.2412, -23.069757], [-44.235097, -23.06878], [-44.230458, -23.071466], [-44.227773, -23.074884], [-44.227528, -23.076755], [-44.219106, -23.077732], [-44.20816, -23.080743], [-44.196685, -23.085219], [-44.186513, -23.090997], [-44.186513, -23.097101], [-44.193227, -23.098077], [-44.197743, -23.10003], [-44.201772, -23.102309], [-44.207021, -23.104587], [-44.186513, -23.117608], [-44.170766, -23.110121], [-44.162587, -23.115899], [-44.155141, -23.125909], [-44.141835, -23.13128], [-44.135325, -23.128106], [-44.130238, -23.121026], [-44.126698, -23.113946], [-44.12442, -23.110772], [-44.113026, -23.114679], [-44.112864, -23.120701], [-44.116933, -23.126723], [-44.118276, -23.13128], [-44.110585, -23.140313], [-44.100901, -23.149021]]], [[[-32.403391, -3.837823], [-32.392161, -3.834161], [-32.386586, -3.841241], [-32.38858, -3.852797], [-32.399729, -3.861993], [-32.414377, -3.865492], [-32.441518, -3.880792], [-32.454254, -3.883071], [-32.462799, -3.878351], [-32.457143, -3.870864], [-32.446767, -3.863539], [-32.441274, -3.858575], [-32.43692, -3.849867], [-32.426625, -3.845798], [-32.414174, -3.842706], [-32.403391, -3.837823]]], [[[-29.40803, 0.884833], [-29.381459, 0.891343], [-29.356191, 0.882758], [-29.345326, 0.866645], [-29.349029, 0.852607], [-29.357737, 0.841132], [-29.369374, 0.833564], [-29.390126, 0.831732], [-29.410268, 0.834866], [-29.421213, 0.844713], [-29.426381, 0.858547], [-29.423411, 0.871568], [-29.40803, 0.884833]]], [[[-48.322324, -25.383708], [-48.298471, -25.366432], [-48.268961, -25.348155], [-48.255379, -25.348212], [-48.250917, -25.364587], [-48.256674, -25.389097], [-48.268162, -25.426864], [-48.26712, -25.446285], [-48.255883, -25.465745], [-48.269522, -25.475912], [-48.291107, -25.489117], [-48.309227, -25.48598], [-48.323867, -25.467522], [-48.319268, -25.454253], [-48.321475, -25.441978], [-48.339525, -25.425535], [-48.338304, -25.408171], [-48.322324, -25.383708]]], [[[-34.85275, -7.697379], [-34.846146, -7.695815], [-34.836052, -7.696933], [-34.830196, -7.703828], [-34.832092, -7.711901], [-34.827812, -7.724203], [-34.822331, -7.738797], [-34.822297, -7.749181], [-34.82688, -7.765328], [-34.833813, -7.778418], [-34.836877, -7.795757], [-34.838015, -7.810799], [-34.845373, -7.813504], [-34.858181, -7.81316], [-34.873722, -7.809367], [-34.884229, -7.804026], [-34.884259, -7.788237], [-34.882774, -7.765537], [-34.880504, -7.75362], [-34.87084, -7.742435], [-34.860004, -7.727775], [-34.857737, -7.714701], [-34.856608, -7.704314], [-34.85275, -7.697379]]], [[[-42.228703, -2.693311], [-42.217183, -2.701924], [-42.198939, -2.720112], [-42.16631, -2.725834], [-42.149024, -2.735403], [-42.126924, -2.754553], [-42.10963, -2.763166], [-42.105776, -2.772749], [-42.131697, -2.773726], [-42.170099, -2.768002], [-42.189307, -2.7546], [-42.215222, -2.74408], [-42.249767, -2.736441], [-42.258415, -2.720161], [-42.258436, -2.69621], [-42.250775, -2.681833], [-42.239265, -2.680865], [-42.228703, -2.693311]]], [[[-43.832879, -2.454079], [-43.833879, -2.442238], [-43.840306, -2.432369], [-43.848708, -2.42398], [-43.841783, -2.416583], [-43.840301, -2.415597], [-43.823499, -2.40771], [-43.813122, -2.409194], [-43.808182, -2.421034], [-43.812135, -2.435336], [-43.813622, -2.454079], [-43.813622, -2.454573], [-43.803252, -2.456546], [-43.800782, -2.455066], [-43.790907, -2.441748], [-43.78992, -2.439775], [-43.775106, -2.428925], [-43.764243, -2.428925], [-43.756834, -2.447669], [-43.761276, -2.460985], [-43.766706, -2.476275], [-43.770658, -2.496004], [-43.781524, -2.505378], [-43.809175, -2.512778], [-43.825973, -2.513769], [-43.838326, -2.507358], [-43.842772, -2.493545], [-43.842772, -2.492558], [-43.844254, -2.480225], [-43.837833, -2.463451], [-43.832879, -2.454079]]], [[[-43.564764, -2.361293], [-43.545983, -2.360292], [-43.542039, -2.371153], [-43.545002, -2.389905], [-43.555873, -2.403727], [-43.560809, -2.417049], [-43.560809, -2.418036], [-43.573656, -2.423468], [-43.585514, -2.415086], [-43.601815, -2.411639], [-43.607248, -2.396841], [-43.611692, -2.385001], [-43.607746, -2.373163], [-43.591936, -2.368711], [-43.579586, -2.364756], [-43.564764, -2.361293]]], [[[-49.479514, -1.655372], [-49.464769, -1.654266], [-49.436434, -1.664523], [-49.422844, -1.674181], [-49.421728, -1.684382], [-49.424018, -1.696843], [-49.431978, -1.70873], [-49.444459, -1.712677], [-49.468287, -1.719436], [-49.480218, -1.730751], [-49.496124, -1.742626], [-49.508609, -1.744872], [-49.522774, -1.73521], [-49.529545, -1.717057], [-49.527816, -1.704023], [-49.527775, -1.684186], [-49.525482, -1.672855], [-49.513556, -1.663241], [-49.501638, -1.658162], [-49.492, -1.662151], [-49.479514, -1.655372]]]]}}, {"type": "Feature", "properties": {"featurecla": "Admin-0 country", "scalerank": 0, "LABELRANK": 4, "SOVEREIGNT": "Uruguay", "SOV_A3": "URY", "ADM0_DIF": 0, "LEVEL": 2, "TYPE": "Sovereign country", "TLC": "1", "ADMIN": "Uruguay", "ADM0_A3": "URY", "GEOU_DIF": 0, "GEOUNIT": "Uruguay", "GU_A3": "URY", "SU_DIF": 0, "SUBUNIT": "Uruguay", "SU_A3": "URY", "BRK_DIFF": 0, "NAME": "Uruguay", "NAME_LONG": "Uruguay", "BRK_A3": "URY", "BRK_NAME": "Uruguay", "BRK_GROUP": null, "ABBREV": "Ury.", "POSTAL": "UY", "FORMAL_EN": "Oriental Republic of Uruguay", "FORMAL_FR": null, "NAME_CIAWF": "Uruguay", "NOTE_ADM0": null, "NOTE_BRK": null, "NAME_SORT": "Uruguay", "NAME_ALT": null, "MAPCOLOR7": 1, "MAPCOLOR8": 2, "MAPCOLOR9": 2, "MAPCOLOR13": 10, "POP_EST": 3461734, "POP_RANK": 12, "POP_YEAR": 2019, "GDP_MD": 56045, "GDP_YEAR": 2019, "ECONOMY": "5. Emerging region: G20", "INCOME_GRP": "3. Upper middle income", "FIPS_10": "UY", "ISO_A2": "UY", "ISO_A2_EH": "UY", "ISO_A3": "URY", "ISO_A3_EH": "URY", "ISO_N3": "858", "ISO_N3_EH": "858", "UN_A3": "858", "WB_A2": "UY", "WB_A3": "URY", "WOE_ID": 23424979, "WOE_ID_EH": 23424979, "WOE_NOTE": "Exact WOE match as country", "ADM0_ISO": "URY", "ADM0_DIFF": null, "ADM0_TLC": "URY", "ADM0_A3_US": "URY", "ADM0_A3_FR": "URY", "ADM0_A3_RU": "URY", "ADM0_A3_ES": "URY", "ADM0_A3_CN": "URY", "ADM0_A3_TW": "URY", "ADM0_A3_IN": "URY", "ADM0_A3_NP": "URY", "ADM0_A3_PK": "URY", "ADM0_A3_DE": "URY", "ADM0_A3_GB": "URY", "ADM0_A3_BR": "URY", "ADM0_A3_IL": "URY", "ADM0_A3_PS": "URY", "ADM0_A3_SA": "URY", "ADM0_A3_EG": "URY", "ADM0_A3_MA": "URY", "ADM0_A3_PT": "URY", "ADM0_A3_AR": "URY", "ADM0_A3_JP": "URY", "ADM0_A3_KO": "URY", "ADM0_A3_VN": "URY", "ADM0_A3_TR": "URY", "ADM0_A3_ID": "URY", "ADM0_A3_PL": "URY", "ADM0_A3_GR": "URY", "ADM0_A3_IT": "URY", "ADM0_A3_NL": "URY", "ADM0_A3_SE": "URY", "ADM0_A3_BD": "URY", "ADM0_A3_UA": "URY", "ADM0_A3_UN": -99, "ADM0_A3_WB": -99, "CONTINENT": "South America", "REGION_UN": "Americas", "SUBREGION": "South America", "REGION_WB": "Latin America & Caribbean", "NAME_LEN": 7, "LONG_LEN": 7, "ABBREV_LEN": 4, "TINY": -99, "HOMEPART": 1, "MIN_ZOOM": 0, "MIN_LABEL": 3, "MAX_LABEL": 8, "LABEL_X": -55.966942, "LABEL_Y": -32.961127, "NE_ID": 1159321353, "WIKIDATAID": "Q77", "NAME_AR": "الأوروغواي", "NAME_BN": "উরুগুয়ে", "NAME_DE": "Uruguay", "NAME_EN": "Uruguay", "NAME_ES": "Uruguay", "NAME_FA": "اروگوئه", "NAME_FR": "Uruguay", "NAME_EL": "Ουρουγουάη", "NAME_HE": "אורוגוואי", "NAME_HI": "उरुग्वे", "NAME_HU": "Uruguay", "NAME_ID": "Uruguay", "NAME_IT": "Uruguay", "NAME_JA": "ウルグアイ", "NAME_KO": "우루과이", "NAME_NL": "Uruguay", "NAME_PL": "Urugwaj", "NAME_PT": "Uruguai", "NAME_RU": "Уругвай", "NAME_SV": "Uruguay", "NAME_TR": "Uruguay", "NAME_UK": "Уругвай", "NAME_UR": "یوراگوئے", "NAME_VI": "Uruguay", "NAME_ZH": "乌拉圭", "NAME_ZHT": "烏拉圭", "FCLASS_ISO": "Admin-0 country", "TLC_DIFF": null, "FCLASS_TLC": "Admin-0 country", "FCLASS_US": null, "FCLASS_FR": null, "FCLASS_RU": null, "FCLASS_ES": null, "FCLASS_CN": null, "FCLASS_TW": null, "FCLASS_IN": null, "FCLASS_NP": null, "FCLASS_PK": null, "FCLASS_DE": null, "FCLASS_GB": null, "FCLASS_BR": null, "FCLASS_IL": null, "FCLASS_PS": null, "FCLASS_SA": null, "FCLASS_EG": null, "FCLASS_MA": null, "FCLASS_PT": null, "FCLASS_AR": null, "FCLASS_JP": null, "FCLASS_KO": null, "FCLASS_VN": null, "FCLASS_TR": null, "FCLASS_ID": null, "FCLASS_PL": null, "FCLASS_GR": null, "FCLASS_IT": null, "FCLASS_NL": null, "FCLASS_SE": null, "FCLASS_BD": null, "FCLASS_UA": null}, "bbox": [-58.439361, -34.973403, -53.110836, -30.09687], "geometry": {"type": "Polygon", "coordinates": [[[-57.602793, -30.190517], [-57.586842, -30.204047], [-57.567463, -30.256343], [-57.535992, -30.27443], [-57.510981, -30.276704], [-57.467211, -30.269883], [-57.44313, -30.269469], [-57.429797, -30.275464], [-57.414811, -30.295721], [-57.399257, -30.299131], [-57.389386, -30.294894], [-57.366597, -30.277221], [-57.353833, -30.27195], [-57.334299, -30.272673], [-57.321742, -30.279804], [-57.310993, -30.288279], [-57.296472, -30.293344], [-57.288617, -30.29076], [-57.276215, -30.277737], [-57.270376, -30.275154], [-57.262469, -30.278668], [-57.250067, -30.29045], [-57.245054, -30.293344], [-57.212601, -30.287349], [-57.183714, -30.267505], [-57.163819, -30.23929], [-57.158341, -30.207871], [-57.150848, -30.182343], [-57.129557, -30.149993], [-57.102272, -30.121158], [-57.077106, -30.106068], [-57.067235, -30.106792], [-57.048529, -30.114543], [-57.037883, -30.114647], [-57.018298, -30.105758], [-57.01127, -30.103484], [-56.97458, -30.09749], [-56.954529, -30.09687], [-56.906367, -30.108549], [-56.869211, -30.102968], [-56.831281, -30.102037], [-56.795159, -30.123845], [-56.776607, -30.150923], [-56.766995, -30.161362], [-56.704777, -30.198362], [-56.673745, -30.211281], [-56.656821, -30.221307], [-56.641783, -30.233916], [-56.632585, -30.247455], [-56.629278, -30.267712], [-56.63243, -30.278151], [-56.631345, -30.284662], [-56.615403, -30.293344], [-56.605196, -30.295617], [-56.595611, -30.295411], [-56.585818, -30.296548], [-56.575017, -30.302439], [-56.569617, -30.30802], [-56.560781, -30.320525], [-56.523754, -30.357319], [-56.5113, -30.366001], [-56.494557, -30.379333], [-56.441279, -30.408789], [-56.424639, -30.423568], [-56.400454, -30.458915], [-56.385985, -30.475761], [-56.372601, -30.48589], [-56.326531, -30.508318], [-56.267956, -30.551106], [-56.23509, -30.565368], [-56.215091, -30.581905], [-56.183517, -30.614564], [-56.177832, -30.62552], [-56.175171, -30.636062], [-56.170804, -30.645777], [-56.159642, -30.653942], [-56.140315, -30.664794], [-56.131685, -30.671925], [-56.125045, -30.680297], [-56.091894, -30.736107], [-56.076857, -30.752334], [-56.011357, -30.798222], [-55.995311, -30.825818], [-55.989004, -30.855559], [-55.988955, -30.85579], [-55.989016, -30.856161], [-55.993864, -30.885452], [-56.011357, -30.912634], [-56.015517, -30.934338], [-56.016344, -30.999864], [-56.02239, -31.045546], [-56.022183, -31.067147], [-56.017018, -31.074296], [-56.011357, -31.082133], [-56.009874, -31.081945], [-55.985157, -31.078825], [-55.919347, -31.082443], [-55.888186, -31.076965], [-55.86426, -31.076758], [-55.854596, -31.074588], [-55.846586, -31.069317], [-55.842142, -31.063943], [-55.838396, -31.058155], [-55.832479, -31.051747], [-55.816728, -31.042669], [-55.816522, -31.042551], [-55.778141, -31.020431], [-55.763594, -31.008442], [-55.755507, -30.992939], [-55.744887, -30.958626], [-55.731891, -30.945397], [-55.712745, -30.943433], [-55.688302, -30.947774], [-55.665822, -30.949324], [-55.652748, -30.938989], [-55.651069, -30.919972], [-55.654583, -30.878734], [-55.649673, -30.860958], [-55.634041, -30.847625], [-55.612906, -30.843388], [-55.591873, -30.848348], [-55.563865, -30.87646], [-55.527484, -30.894547], [-55.51131, -30.906123], [-55.489089, -30.929687], [-55.44258, -30.965551], [-55.368579, -31.037381], [-55.353852, -31.056294], [-55.348426, -31.072728], [-55.344963, -31.108488], [-55.338039, -31.125644], [-55.326928, -31.134946], [-55.2937, -31.153653], [-55.282228, -31.169052], [-55.268741, -31.2106], [-55.259981, -31.228687], [-55.244349, -31.244603], [-55.227554, -31.253492], [-55.18828, -31.266514], [-55.169625, -31.276436], [-55.122238, -31.31354], [-55.102446, -31.324288], [-55.087253, -31.326769], [-55.074256, -31.320568], [-55.061105, -31.304858], [-55.042346, -31.272612], [-55.029375, -31.268788], [-55.011495, -31.287805], [-54.995346, -31.311783], [-54.969637, -31.340825], [-54.940802, -31.36563], [-54.900288, -31.382063], [-54.887808, -31.393225], [-54.876155, -31.406351], [-54.863365, -31.417616], [-54.849903, -31.425057], [-54.819776, -31.435289], [-54.654127, -31.455753], [-54.619685, -31.45565], [-54.604543, -31.459784], [-54.591521, -31.471049], [-54.573848, -31.502469], [-54.562375, -31.515905], [-54.509665, -31.552285], [-54.495041, -31.565617], [-54.483155, -31.583911], [-54.47897, -31.601481], [-54.477368, -31.642098], [-54.467221, -31.664237], [-54.463725, -31.671864], [-54.436492, -31.694292], [-54.403677, -31.714652], [-54.373498, -31.73894], [-54.342957, -31.769326], [-54.274228, -31.823379], [-54.218779, -31.856659], [-54.169583, -31.895933], [-54.146277, -31.909886], [-54.135063, -31.908956], [-54.125503, -31.898517], [-54.107313, -31.883944], [-54.088451, -31.878156], [-54.068814, -31.879913], [-54.049745, -31.887148], [-54.03264, -31.898104], [-54.026646, -31.904821], [-54.017706, -31.919601], [-54.008714, -31.926526], [-53.998896, -31.92973], [-53.965978, -31.93252], [-53.948769, -31.936964], [-53.934352, -31.942545], [-53.905826, -31.959288], [-53.894148, -31.97014], [-53.889755, -31.980372], [-53.887275, -31.990501], [-53.881435, -32.00125], [-53.8711, -32.011482], [-53.858077, -32.021197], [-53.83043, -32.036441], [-53.771829, -32.047087], [-53.757308, -32.055045], [-53.751366, -32.068791], [-53.750022, -32.104034], [-53.721445, -32.162428], [-53.670595, -32.226404], [-53.658555, -32.254309], [-53.651837, -32.288312], [-53.648684, -32.338645], [-53.643879, -32.355595], [-53.634783, -32.368721], [-53.609307, -32.387841], [-53.59892, -32.399933], [-53.58197, -32.425772], [-53.5613, -32.449543], [-53.537632, -32.470213], [-53.474638, -32.508247], [-53.415624, -32.564161], [-53.35909, -32.580284], [-53.316043, -32.602712], [-53.299093, -32.607156], [-53.266899, -32.607363], [-53.233723, -32.624622], [-53.201477, -32.637232], [-53.186129, -32.64674], [-53.119776, -32.707408], [-53.110836, -32.722394], [-53.11404, -32.740584], [-53.126856, -32.754847], [-53.163081, -32.778722], [-53.182836, -32.799904], [-53.203854, -32.82244], [-53.270826, -32.863781], [-53.298835, -32.889102], [-53.307, -32.907189], [-53.309584, -32.944396], [-53.316302, -32.96269], [-53.327309, -32.973645], [-53.44911, -33.042065], [-53.48332, -33.067283], [-53.511535, -33.099219], [-53.511587, -33.099322], [-53.511639, -33.099426], [-53.520662, -33.124979], [-53.536857, -33.170842], [-53.536133, -33.244636], [-53.514016, -33.394911], [-53.536805, -33.559863], [-53.539647, -33.649263], [-53.511535, -33.690294], [-53.491071, -33.690294], [-53.473191, -33.6874], [-53.456707, -33.687503], [-53.440428, -33.697115], [-53.430817, -33.713445], [-53.423634, -33.731015], [-53.411283, -33.74228], [-53.379095, -33.740676], [-53.396352, -33.750584], [-53.414784, -33.764418], [-53.450917, -33.801528], [-53.473053, -33.834568], [-53.485585, -33.869317], [-53.505523, -33.952325], [-53.524648, -34.002374], [-53.529937, -34.04811], [-53.539459, -34.062433], [-53.574452, -34.082696], [-53.591217, -34.095473], [-53.639963, -34.147638], [-53.693593, -34.181736], [-53.711008, -34.198826], [-53.746653, -34.25742], [-53.755971, -34.267673], [-53.75829, -34.278497], [-53.779897, -34.336033], [-53.763661, -34.372491], [-53.764882, -34.390395], [-53.805776, -34.400974], [-53.898305, -34.443943], [-53.972239, -34.487237], [-54.124623, -34.610447], [-54.13679, -34.623956], [-54.14094, -34.641046], [-54.140492, -34.656427], [-54.145904, -34.667576], [-54.236806, -34.684503], [-54.259674, -34.685968], [-54.255605, -34.677504], [-54.249501, -34.670994], [-54.23233, -34.658136], [-54.239329, -34.65309], [-54.245676, -34.646905], [-54.250478, -34.639337], [-54.252838, -34.630792], [-54.25121, -34.618341], [-54.241078, -34.594008], [-54.238596, -34.589776], [-54.253285, -34.577569], [-54.280344, -34.567966], [-54.308949, -34.562188], [-54.328603, -34.561782], [-54.317372, -34.568617], [-54.280141, -34.582289], [-54.288157, -34.594822], [-54.304433, -34.608575], [-54.32311, -34.619399], [-54.33849, -34.623956], [-54.344635, -34.630629], [-54.344797, -34.64422], [-54.337392, -34.654718], [-54.321156, -34.65252], [-54.322581, -34.644708], [-54.307688, -34.647393], [-54.289215, -34.660252], [-54.280141, -34.682306], [-54.288075, -34.695001], [-54.306467, -34.707696], [-54.530792, -34.806899], [-54.542063, -34.811782], [-54.604156, -34.82643], [-54.636464, -34.84881], [-54.65689, -34.856622], [-54.699452, -34.867446], [-54.872711, -34.936212], [-54.893707, -34.939223], [-54.913726, -34.945245], [-54.93932, -34.969903], [-54.958608, -34.973403], [-54.953969, -34.963311], [-54.951812, -34.956964], [-54.951772, -34.952895], [-54.962229, -34.93963], [-54.975738, -34.928481], [-54.99356, -34.920994], [-55.03307, -34.916762], [-55.035471, -34.912856], [-55.034535, -34.906508], [-55.041127, -34.897638], [-55.051259, -34.891371], [-55.060374, -34.887791], [-55.082143, -34.883966], [-55.129791, -34.885919], [-55.22175, -34.903741], [-55.260243, -34.897638], [-55.286488, -34.876235], [-55.338287, -34.81878], [-55.376943, -34.801446], [-55.401926, -34.799981], [-55.468204, -34.795402], [-55.509636, -34.799065], [-55.561173, -34.787834], [-55.601794, -34.772415], [-55.646731, -34.7811], [-55.693448, -34.764741], [-55.756503, -34.782666], [-55.792051, -34.774134], [-55.858786, -34.793061], [-55.889101, -34.803475], [-55.954432, -34.839402], [-56.004052, -34.869102], [-56.069634, -34.901003], [-56.105198, -34.898416], [-56.135633, -34.912829], [-56.149892, -34.920343], [-56.156088, -34.941188], [-56.17729, -34.916325], [-56.19451, -34.913509], [-56.213002, -34.907693], [-56.204661, -34.898696], [-56.203455, -34.887503], [-56.214589, -34.879588], [-56.230551, -34.87775], [-56.236508, -34.892884], [-56.256337, -34.906183], [-56.265824, -34.906266], [-56.287976, -34.903489], [-56.311269, -34.906183], [-56.342763, -34.883966], [-56.402943, -34.85475], [-56.418446, -34.843032], [-56.420766, -34.82822], [-56.403751, -34.816051], [-56.386848, -34.80187], [-56.361282, -34.796636], [-56.37612, -34.782729], [-56.395738, -34.77588], [-56.448432, -34.758272], [-56.485088, -34.75355], [-56.520444, -34.754821], [-56.5419, -34.767022], [-56.558013, -34.765069], [-56.573598, -34.758966], [-56.610951, -34.739435], [-56.628529, -34.732599], [-56.646362, -34.722642], [-56.713544, -34.707037], [-56.795289, -34.698492], [-56.873891, -34.67018], [-56.890696, -34.660089], [-56.904164, -34.635512], [-56.919749, -34.623224], [-56.95287, -34.603448], [-56.976577, -34.581046], [-56.997417, -34.564069], [-57.015788, -34.552091], [-57.042717, -34.538125], [-57.057425, -34.527127], [-57.055898, -34.513442], [-57.062408, -34.506524], [-57.077016, -34.498142], [-57.08316, -34.493585], [-57.101959, -34.475844], [-57.120025, -34.462986], [-57.151964, -34.450932], [-57.203198, -34.442073], [-57.292158, -34.440333], [-57.346942, -34.443459], [-57.3652, -34.43044], [-57.411428, -34.431506], [-57.436974, -34.444576], [-57.44913, -34.431538], [-57.474663, -34.429541], [-57.502635, -34.440582], [-57.537914, -34.453614], [-57.569475, -34.426504], [-57.594997, -34.425473], [-57.624177, -34.430452], [-57.664324, -34.445438], [-57.7203, -34.463373], [-57.738535, -34.461318], [-57.764115, -34.474295], [-57.793302, -34.472197], [-57.82251, -34.475109], [-57.855354, -34.470967], [-57.845585, -34.462979], [-57.854048, -34.447882], [-57.882019, -34.440724], [-57.90019, -34.416525], [-57.8976, -34.376339], [-57.92276, -34.353692], [-57.942738, -34.326267], [-58.016916, -34.253106], [-58.049794, -34.240004], [-58.061391, -34.224705], [-58.076975, -34.19199], [-58.094594, -34.17783], [-58.119374, -34.169203], [-58.145904, -34.165134], [-58.169097, -34.163995], [-58.196197, -34.159438], [-58.20873, -34.147638], [-58.220326, -34.11004], [-58.231842, -34.0888], [-58.316518, -33.986505], [-58.334828, -33.973321], [-58.372426, -33.95436], [-58.388824, -33.942071], [-58.402699, -33.922784], [-58.410024, -33.902276], [-58.434641, -33.784926], [-58.439361, -33.6985], [-58.425771, -33.612888], [-58.429026, -33.592055], [-58.435048, -33.572361], [-58.438344, -33.551446], [-58.433217, -33.527765], [-58.419586, -33.508233], [-58.385365, -33.47031], [-58.37857, -33.448663], [-58.384877, -33.429132], [-58.412587, -33.409601], [-58.418935, -33.389907], [-58.412587, -33.371677], [-58.397206, -33.355645], [-58.361195, -33.325779], [-58.350738, -33.305759], [-58.349233, -33.28281], [-58.366038, -33.196059], [-58.366933, -33.153741], [-58.351389, -33.121677], [-58.310292, -33.108819], [-58.217356, -33.113539], [-58.174428, -33.110447], [-58.137766, -33.095147], [-58.100168, -33.065606], [-58.08373, -33.04754], [-58.076975, -33.030694], [-58.075307, -33.007501], [-58.070668, -32.989516], [-58.055816, -32.951837], [-58.048492, -32.911716], [-58.057118, -32.881768], [-58.077219, -32.857843], [-58.120473, -32.819268], [-58.130767, -32.802667], [-58.136138, -32.784356], [-58.137766, -32.763442], [-58.135854, -32.718357], [-58.137685, -32.695571], [-58.145172, -32.678155], [-58.137766, -32.670668], [-58.14623, -32.644952], [-58.157216, -32.575128], [-58.169097, -32.560805], [-58.177113, -32.545017], [-58.197418, -32.469822], [-58.200124, -32.447201], [-58.199724, -32.444789], [-58.189958, -32.433936], [-58.164946, -32.389495], [-58.101591, -32.31136], [-58.096527, -32.280974], [-58.106914, -32.251829], [-58.17523, -32.174107], [-58.186547, -32.15292], [-58.180863, -32.132456], [-58.158797, -32.101554], [-58.148306, -32.0629], [-58.145309, -32.01789], [-58.14903, -31.975205], [-58.158797, -31.943889], [-58.190319, -31.913296], [-58.202618, -31.893143], [-58.196004, -31.872575], [-58.168615, -31.846014], [-58.152854, -31.835988], [-58.13084, -31.827824], [-58.083453, -31.819762], [-58.059268, -31.811494], [-58.048881, -31.797128], [-57.988626, -31.642822], [-57.979583, -31.598794], [-57.986818, -31.554145], [-58.013328, -31.52562], [-58.038978, -31.508637], [-58.050793, -31.500815], [-58.075236, -31.475184], [-58.062575, -31.444281], [-58.043558, -31.430639], [-58.005938, -31.411001], [-57.990228, -31.399323], [-57.980513, -31.380512], [-57.975552, -31.33514], [-57.966354, -31.314573], [-57.959481, -31.307959], [-57.942996, -31.296797], [-57.935606, -31.290285], [-57.914832, -31.252458], [-57.905117, -31.240986], [-57.905014, -31.215044], [-57.911732, -31.170603], [-57.899019, -31.126471], [-57.87375, -31.093088], [-57.855249, -31.058982], [-57.863311, -31.012266], [-57.905479, -30.958833], [-57.911732, -30.947361], [-57.90398, -30.929687], [-57.885325, -30.918835], [-57.842795, -30.909223], [-57.819644, -30.9116], [-57.807242, -30.90757], [-57.801868, -30.89248], [-57.796132, -30.868399], [-57.794995, -30.85796], [-57.796028, -30.816206], [-57.799397, -30.791461], [-57.801868, -30.773314], [-57.808659, -30.747331], [-57.817887, -30.712026], [-57.826207, -30.689702], [-57.848531, -30.647947], [-57.863311, -30.62862], [-57.88579, -30.589863], [-57.889769, -30.550796], [-57.877109, -30.514829], [-57.849617, -30.48527], [-57.652729, -30.329104], [-57.631077, -30.297064], [-57.623739, -30.2581], [-57.63795, -30.215105], [-57.642466, -30.193092], [-57.602793, -30.190517]]]}}]}